mismatch_type,entity,key,field,parquet_value,database_value,normalized_parquet_value,normalized_database_value,waived,waiver_reason
value_mismatch,club_memberships,"{""id"": 36}",membership_type,,member,,member,False,
value_mismatch,club_memberships,"{""id"": 62}",membership_type,,member,,member,False,
value_mismatch,club_memberships,"{""id"": 381}",membership_type,,member,,member,False,
value_mismatch,club_memberships,"{""id"": 1026}",membership_type,,member,,member,False,
value_mismatch,club_memberships,"{""id"": 1149}",membership_type,Member,member,Member,member,False,
value_mismatch,club_memberships,"{""id"": 1482}",membership_type,,member,,member,False,
value_mismatch,club_memberships,"{""id"": 1744}",membership_type,Member,member,Member,member,False,
value_mismatch,club_memberships,"{""id"": 1991}",membership_type,Member,member,Member,member,False,
value_mismatch,club_memberships,"{""id"": 2634}",membership_type,Member,member,Member,member,False,
value_mismatch,club_memberships,"{""id"": 2681}",membership_type,SECONDARY,secondary,SECONDARY,secondary,False,
value_mismatch,club_memberships,"{""id"": 3485}",membership_type,MEMBER,member,MEMBER,member,False,
value_mismatch,club_memberships,"{""id"": 3648}",membership_type,Member,member,Member,member,False,
value_mismatch,club_memberships,"{""id"": 3653}",membership_type,,member,,member,False,
value_mismatch,club_memberships,"{""id"": 3729}",membership_type,,member,,member,False,
value_mismatch,club_memberships,"{""id"": 4204}",membership_type,,member,,member,False,
value_mismatch,club_memberships,"{""id"": 4263}",membership_type,MEMBER,member,MEMBER,member,False,
value_mismatch,club_memberships,"{""id"": 4647}",membership_type,,secondary,,secondary,False,
value_mismatch,club_memberships,"{""id"": 4718}",membership_type,Member,member,Member,member,False,
value_mismatch,club_memberships,"{""id"": 4941}",membership_type,Member,member,Member,member,False,
value_mismatch,club_memberships,"{""id"": 5027}",membership_type,SECONDARY,secondary,SECONDARY,secondary,False,
value_mismatch,club_memberships,"{""id"": 5043}",membership_type,,member,,member,False,
value_mismatch,club_memberships,"{""id"": 5355}",membership_type,,member,,member,False,
value_mismatch,club_memberships,"{""id"": 5384}",membership_type,MEMBER,member,MEMBER,member,False,
value_mismatch,club_memberships,"{""id"": 5547}",membership_type,,member,,member,False,
value_mismatch,club_memberships,"{""id"": 5656}",membership_type,,member,,member,False,
value_mismatch,club_memberships,"{""id"": 6182}",membership_type,,member,,member,False,
value_mismatch,club_memberships,"{""id"": 6239}",membership_type,,member,,member,False,
value_mismatch,club_memberships,"{""id"": 6275}",membership_type,Member,member,Member,member,False,
value_mismatch,club_memberships,"{""id"": 6365}",membership_type,,member,,member,False,
value_mismatch,club_memberships,"{""id"": 6391}",membership_type,,member,,member,False,
value_mismatch,club_memberships,"{""id"": 6501}",membership_type,,member,,member,False,
value_mismatch,club_memberships,"{""id"": 7363}",membership_type,,member,,member,False,
value_mismatch,club_memberships,"{""id"": 7500}",membership_type,,member,,member,False,
value_mismatch,club_memberships,"{""id"": 7741}",membership_type,Member,member,Member,member,False,
value_mismatch,club_memberships,"{""id"": 7968}",membership_type,,member,,member,False,
value_mismatch,club_memberships,"{""id"": 9200}",membership_type,MEMBER,member,MEMBER,member,False,
value_mismatch,club_memberships,"{""id"": 9259}",membership_type,,member,,member,False,
value_mismatch,club_memberships,"{""id"": 9693}",membership_type,,member,,member,False,
value_mismatch,club_memberships,"{""id"": 9890}",membership_type,MEMBER,member,MEMBER,member,False,
value_mismatch,club_memberships,"{""id"": 10032}",membership_type,,secondary,,secondary,False,
value_mismatch,club_memberships,"{""id"": 10672}",membership_type,Member,member,Member,member,False,
value_mismatch,club_memberships,"{""id"": 10866}",membership_type,,member,,member,False,
value_mismatch,club_memberships,"{""id"": 10871}",membership_type,Member,member,Member,member,False,
value_mismatch,club_memberships,"{""id"": 10899}",membership_type,,member,,member,False,
value_mismatch,club_memberships,"{""id"": 11181}",membership_type,Secondary,secondary,Secondary,secondary,False,
value_mismatch,club_memberships,"{""id"": 11322}",membership_type,,member,,member,False,
value_mismatch,club_memberships,"{""id"": 11351}",membership_type,,member,,member,False,
value_mismatch,club_memberships,"{""id"": 11482}",membership_type,,member,,member,False,
value_mismatch,club_memberships,"{""id"": 11553}",membership_type,Member,member,Member,member,False,
value_mismatch,club_memberships,"{""id"": 11854}",membership_type,MEMBER,member,MEMBER,member,False,
value_mismatch,club_memberships,"{""id"": 11972}",membership_type,,member,,member,False,
value_mismatch,club_memberships,"{""id"": 12100}",membership_type,,secondary,,secondary,False,
value_mismatch,club_memberships,"{""id"": 12119}",membership_type,MEMBER,member,MEMBER,member,False,
value_mismatch,club_memberships,"{""id"": 12313}",membership_type,Member,member,Member,member,False,
value_mismatch,club_memberships,"{""id"": 12367}",membership_type,,member,,member,False,
value_mismatch,club_memberships,"{""id"": 13018}",membership_type,,member,,member,False,
value_mismatch,club_memberships,"{""id"": 13034}",membership_type,,member,,member,False,
value_mismatch,club_memberships,"{""id"": 13163}",membership_type,,member,,member,False,
value_mismatch,club_memberships,"{""id"": 13258}",membership_type,,member,,member,False,
value_mismatch,club_memberships,"{""id"": 13262}",membership_type,Member,member,Member,member,False,
value_mismatch,club_memberships,"{""id"": 13602}",membership_type,,member,,member,False,
value_mismatch,club_memberships,"{""id"": 13701}",membership_type,,secondary,,secondary,False,
value_mismatch,club_memberships,"{""id"": 13833}",membership_type,MEMBER,member,MEMBER,member,False,
value_mismatch,club_memberships,"{""id"": 14155}",membership_type,,member,,member,False,
value_mismatch,club_memberships,"{""id"": 14624}",membership_type,Member,member,Member,member,False,
value_mismatch,club_memberships,"{""id"": 14722}",membership_type,,member,,member,False,
value_mismatch,club_memberships,"{""id"": 14749}",membership_type,,member,,member,False,
value_mismatch,club_memberships,"{""id"": 14962}",membership_type,,member,,member,False,
value_mismatch,club_memberships,"{""id"": 15579}",membership_type,,secondary,,secondary,False,
value_mismatch,club_memberships,"{""id"": 15811}",membership_type,,member,,member,False,
value_mismatch,club_memberships,"{""id"": 15964}",membership_type,Member,member,Member,member,False,
value_mismatch,club_memberships,"{""id"": 16327}",membership_type,MEMBER,member,MEMBER,member,False,
value_mismatch,club_memberships,"{""id"": 16359}",membership_type,,member,,member,False,
value_mismatch,club_memberships,"{""id"": 16588}",membership_type,,member,,member,False,
value_mismatch,club_memberships,"{""id"": 16859}",membership_type,,member,,member,False,
value_mismatch,club_memberships,"{""id"": 17403}",membership_type,Member,member,Member,member,False,
value_mismatch,club_memberships,"{""id"": 17677}",membership_type,,member,,member,False,
value_mismatch,club_memberships,"{""id"": 17811}",membership_type,MEMBER,member,MEMBER,member,False,
value_mismatch,club_memberships,"{""id"": 17900}",membership_type,,member,,member,False,
value_mismatch,club_memberships,"{""id"": 17968}",membership_type,,member,,member,False,
value_mismatch,club_memberships,"{""id"": 17980}",membership_type,,member,,member,False,
value_mismatch,club_memberships,"{""id"": 18028}",membership_type,,member,,member,False,
value_mismatch,club_memberships,"{""id"": 18201}",membership_type,,secondary,,secondary,False,
value_mismatch,club_memberships,"{""id"": 18283}",membership_type,MEMBER,member,MEMBER,member,False,
value_mismatch,club_memberships,"{""id"": 18337}",membership_type,,member,,member,False,
value_mismatch,club_memberships,"{""id"": 18358}",membership_type,Member,member,Member,member,False,
value_mismatch,club_memberships,"{""id"": 18407}",membership_type,Member,member,Member,member,False,
value_mismatch,club_memberships,"{""id"": 18588}",membership_type,,secondary,,secondary,False,
value_mismatch,club_memberships,"{""id"": 18764}",membership_type,,member,,member,False,
value_mismatch,club_memberships,"{""id"": 18825}",membership_type,,member,,member,False,
value_mismatch,club_memberships,"{""id"": 19126}",membership_type,,secondary,,secondary,False,
value_mismatch,club_memberships,"{""id"": 19218}",membership_type,,member,,member,False,
value_mismatch,club_memberships,"{""id"": 19373}",membership_type,MEMBER,member,MEMBER,member,False,
value_mismatch,club_memberships,"{""id"": 19427}",membership_type,,member,,member,False,
value_mismatch,club_memberships,"{""id"": 19464}",membership_type,Secondary,secondary,Secondary,secondary,False,
value_mismatch,club_memberships,"{""id"": 19726}",membership_type,Member,member,Member,member,False,
value_mismatch,club_memberships,"{""id"": 20081}",membership_type,,member,,member,False,
value_mismatch,club_memberships,"{""id"": 20248}",membership_type,,member,,member,False,
value_mismatch,club_memberships,"{""id"": 20608}",membership_type,,member,,member,False,
value_mismatch,club_memberships,"{""id"": 20680}",membership_type,Member,member,Member,member,False,
value_mismatch,club_memberships,"{""id"": 21385}",membership_type,MEMBER,member,MEMBER,member,False,
value_mismatch,club_memberships,"{""id"": 21431}",membership_type,,member,,member,False,
value_mismatch,club_memberships,"{""id"": 21565}",membership_type,,secondary,,secondary,False,
value_mismatch,club_memberships,"{""id"": 21570}",membership_type,MEMBER,member,MEMBER,member,False,
value_mismatch,club_memberships,"{""id"": 21617}",membership_type,,member,,member,False,
value_mismatch,club_memberships,"{""id"": 21811}",membership_type,MEMBER,member,MEMBER,member,False,
value_mismatch,club_memberships,"{""id"": 21860}",membership_type,Member,member,Member,member,False,
value_mismatch,club_memberships,"{""id"": 21876}",membership_type,,member,,member,False,
value_mismatch,club_memberships,"{""id"": 22319}",membership_type,,member,,member,False,
value_mismatch,club_memberships,"{""id"": 22722}",membership_type,Member,member,Member,member,False,
value_mismatch,club_memberships,"{""id"": 22963}",membership_type,,member,,member,False,
value_mismatch,club_memberships,"{""id"": 23069}",membership_type,,member,,member,False,
value_mismatch,club_memberships,"{""id"": 23301}",membership_type,Member,member,Member,member,False,
value_mismatch,club_memberships,"{""id"": 23375}",membership_type,MEMBER,member,MEMBER,member,False,
value_mismatch,club_memberships,"{""id"": 23453}",membership_type,,member,,member,False,
value_mismatch,club_memberships,"{""id"": 24095}",membership_type,Member,member,Member,member,False,
value_mismatch,club_memberships,"{""id"": 24453}",membership_type,,secondary,,secondary,False,
value_mismatch,club_memberships,"{""id"": 24593}",membership_type,,member,,member,False,
value_mismatch,club_memberships,"{""id"": 25132}",membership_type,,member,,member,False,
value_mismatch,club_memberships,"{""id"": 25524}",membership_type,Member,member,Member,member,False,
value_mismatch,club_memberships,"{""id"": 25533}",membership_type,Member,member,Member,member,False,
value_mismatch,club_memberships,"{""id"": 25702}",membership_type,MEMBER,member,MEMBER,member,False,
value_mismatch,club_memberships,"{""id"": 25709}",membership_type,MEMBER,member,MEMBER,member,False,
value_mismatch,club_memberships,"{""id"": 25805}",membership_type,,member,,member,False,
value_mismatch,club_memberships,"{""id"": 26182}",membership_type,MEMBER,member,MEMBER,member,False,
value_mismatch,club_memberships,"{""id"": 26184}",membership_type,Member,member,Member,member,False,
value_mismatch,club_memberships,"{""id"": 26535}",membership_type,MEMBER,member,MEMBER,member,False,
value_mismatch,club_memberships,"{""id"": 26551}",membership_type,,member,,member,False,
value_mismatch,club_memberships,"{""id"": 26840}",membership_type,Member,member,Member,member,False,
value_mismatch,club_memberships,"{""id"": 26891}",membership_type,SECONDARY,secondary,SECONDARY,secondary,False,
value_mismatch,club_memberships,"{""id"": 27499}",membership_type,MEMBER,member,MEMBER,member,False,
value_mismatch,club_memberships,"{""id"": 27766}",membership_type,,member,,member,False,
value_mismatch,club_memberships,"{""id"": 27847}",membership_type,,member,,member,False,
value_mismatch,club_memberships,"{""id"": 27877}",membership_type,,member,,member,False,
value_mismatch,club_memberships,"{""id"": 27942}",membership_type,MEMBER,member,MEMBER,member,False,
value_mismatch,club_memberships,"{""id"": 28048}",membership_type,,member,,member,False,
value_mismatch,club_memberships,"{""id"": 28587}",membership_type,,member,,member,False,
value_mismatch,club_memberships,"{""id"": 28915}",membership_type,,member,,member,False,
value_mismatch,club_memberships,"{""id"": 28967}",membership_type,MEMBER,member,MEMBER,member,False,
value_mismatch,club_memberships,"{""id"": 28975}",membership_type,Member,member,Member,member,False,
value_mismatch,club_memberships,"{""id"": 29062}",membership_type,,member,,member,False,
value_mismatch,club_memberships,"{""id"": 29423}",membership_type,,member,,member,False,
value_mismatch,club_memberships,"{""id"": 29446}",membership_type,,member,,member,False,
value_mismatch,club_memberships,"{""id"": 29903}",membership_type,Member,member,Member,member,False,
value_mismatch,club_memberships,"{""id"": 29970}",membership_type,,member,,member,False,
value_mismatch,club_memberships,"{""id"": 30397}",membership_type,,member,,member,False,
value_mismatch,club_memberships,"{""id"": 30421}",membership_type,Member,member,Member,member,False,
value_mismatch,club_memberships,"{""id"": 30659}",membership_type,,member,,member,False,
value_mismatch,club_memberships,"{""id"": 30665}",membership_type,Member,member,Member,member,False,
value_mismatch,club_memberships,"{""id"": 30736}",membership_type,,member,,member,False,
value_mismatch,club_memberships,"{""id"": 30747}",membership_type,Member,member,Member,member,False,
value_mismatch,club_memberships,"{""id"": 30812}",membership_type,,member,,member,False,
value_mismatch,club_memberships,"{""id"": 30892}",membership_type,MEMBER,member,MEMBER,member,False,
value_mismatch,club_memberships,"{""id"": 30896}",membership_type,,member,,member,False,
value_mismatch,club_memberships,"{""id"": 31012}",membership_type,,member,,member,False,
value_mismatch,club_memberships,"{""id"": 31259}",membership_type,,member,,member,False,
value_mismatch,club_memberships,"{""id"": 31548}",membership_type,,member,,member,False,
value_mismatch,club_memberships,"{""id"": 31626}",membership_type,,member,,member,False,
value_mismatch,club_memberships,"{""id"": 31859}",membership_type,Member,member,Member,member,False,
value_mismatch,club_memberships,"{""id"": 32010}",membership_type,Member,member,Member,member,False,
value_mismatch,club_memberships,"{""id"": 32074}",membership_type,,member,,member,False,
value_mismatch,club_memberships,"{""id"": 32232}",membership_type,,member,,member,False,
value_mismatch,club_memberships,"{""id"": 32287}",membership_type,MEMBER,member,MEMBER,member,False,
value_mismatch,club_memberships,"{""id"": 32408}",membership_type,Secondary,secondary,Secondary,secondary,False,
value_mismatch,club_memberships,"{""id"": 32459}",membership_type,Member,member,Member,member,False,
value_mismatch,club_memberships,"{""id"": 32691}",membership_type,SECONDARY,secondary,SECONDARY,secondary,False,
value_mismatch,club_memberships,"{""id"": 32735}",membership_type,,member,,member,False,
value_mismatch,club_memberships,"{""id"": 32774}",membership_type,,member,,member,False,
value_mismatch,club_memberships,"{""id"": 32899}",membership_type,MEMBER,member,MEMBER,member,False,
value_mismatch,club_memberships,"{""id"": 32938}",membership_type,,secondary,,secondary,False,
value_mismatch,club_memberships,"{""id"": 33166}",membership_type,,member,,member,False,
value_mismatch,club_memberships,"{""id"": 33528}",membership_type,,member,,member,False,
value_mismatch,club_memberships,"{""id"": 33790}",membership_type,Member,member,Member,member,False,
value_mismatch,club_memberships,"{""id"": 34108}",membership_type,Secondary,secondary,Secondary,secondary,False,
value_mismatch,club_memberships,"{""id"": 34143}",membership_type,MEMBER,member,MEMBER,member,False,
value_mismatch,club_memberships,"{""id"": 34719}",membership_type,,member,,member,False,
value_mismatch,club_memberships,"{""id"": 34952}",membership_type,,member,,member,False,
value_mismatch,club_memberships,"{""id"": 35010}",membership_type,MEMBER,member,MEMBER,member,False,
value_mismatch,club_memberships,"{""id"": 35166}",membership_type,,secondary,,secondary,False,
value_mismatch,club_memberships,"{""id"": 35963}",membership_type,Member,member,Member,member,False,
value_mismatch,club_memberships,"{""id"": 36177}",membership_type,,member,,member,False,
value_mismatch,club_memberships,"{""id"": 36215}",membership_type,Member,member,Member,member,False,
value_mismatch,club_memberships,"{""id"": 36309}",membership_type,Secondary,secondary,Secondary,secondary,False,
value_mismatch,club_memberships,"{""id"": 36353}",membership_type,,member,,member,False,
value_mismatch,club_memberships,"{""id"": 36416}",membership_type,,secondary,,secondary,False,
value_mismatch,club_memberships,"{""id"": 36731}",membership_type,MEMBER,member,MEMBER,member,False,
value_mismatch,club_memberships,"{""id"": 36966}",membership_type,,member,,member,False,
value_mismatch,club_memberships,"{""id"": 36991}",membership_type,,member,,member,False,
value_mismatch,club_memberships,"{""id"": 37175}",membership_type,,member,,member,False,
value_mismatch,club_memberships,"{""id"": 37264}",membership_type,,member,,member,False,
value_mismatch,club_memberships,"{""id"": 37390}",membership_type,,member,,member,False,
value_mismatch,club_memberships,"{""id"": 37441}",membership_type,,member,,member,False,
value_mismatch,club_memberships,"{""id"": 37473}",membership_type,Secondary,secondary,Secondary,secondary,False,
value_mismatch,club_memberships,"{""id"": 37571}",membership_type,,member,,member,False,
value_mismatch,club_memberships,"{""id"": 37622}",membership_type,Member,member,Member,member,False,
value_mismatch,club_memberships,"{""id"": 37666}",membership_type,Member,member,Member,member,False,
value_mismatch,club_memberships,"{""id"": 37832}",membership_type,MEMBER,member,MEMBER,member,False,
value_mismatch,club_memberships,"{""id"": 38227}",membership_type,Secondary,secondary,Secondary,secondary,False,
value_mismatch,club_memberships,"{""id"": 38314}",membership_type,MEMBER,member,MEMBER,member,False,
value_mismatch,club_memberships,"{""id"": 38668}",membership_type,Member,member,Member,member,False,
value_mismatch,club_memberships,"{""id"": 38723}",membership_type,,member,,member,False,
value_mismatch,club_memberships,"{""id"": 38843}",membership_type,,member,,member,False,
value_mismatch,club_memberships,"{""id"": 38987}",membership_type,Member,member,Member,member,False,
value_mismatch,club_memberships,"{""id"": 39466}",membership_type,,member,,member,False,
value_mismatch,club_memberships,"{""id"": 39842}",membership_type,,member,,member,False,
value_mismatch,club_memberships,"{""id"": 39854}",membership_type,,member,,member,False,
value_mismatch,club_memberships,"{""id"": 40435}",membership_type,Secondary,secondary,Secondary,secondary,False,
value_mismatch,club_memberships,"{""id"": 40473}",membership_type,,member,,member,False,
value_mismatch,club_memberships,"{""id"": 40663}",membership_type,Member,member,Member,member,False,
value_mismatch,club_memberships,"{""id"": 40667}",membership_type,Member,member,Member,member,False,
value_mismatch,club_memberships,"{""id"": 41048}",membership_type,,member,,member,False,
value_mismatch,club_memberships,"{""id"": 41082}",membership_type,,secondary,,secondary,False,
value_mismatch,club_memberships,"{""id"": 41092}",membership_type,,member,,member,False,
value_mismatch,club_memberships,"{""id"": 41192}",membership_type,,member,,member,False,
value_mismatch,club_memberships,"{""id"": 41232}",membership_type,MEMBER,member,MEMBER,member,False,
value_mismatch,club_memberships,"{""id"": 41397}",membership_type,MEMBER,member,MEMBER,member,False,
value_mismatch,club_memberships,"{""id"": 41655}",membership_type,MEMBER,member,MEMBER,member,False,
value_mismatch,club_memberships,"{""id"": 41681}",membership_type,,secondary,,secondary,False,
value_mismatch,club_memberships,"{""id"": 41695}",membership_type,,member,,member,False,
value_mismatch,club_memberships,"{""id"": 41757}",membership_type,Member,member,Member,member,False,
value_mismatch,club_memberships,"{""id"": 41832}",membership_type,,member,,member,False,
value_mismatch,club_memberships,"{""id"": 42091}",membership_type,,member,,member,False,
value_mismatch,club_memberships,"{""id"": 42222}",membership_type,MEMBER,member,MEMBER,member,False,
value_mismatch,club_memberships,"{""id"": 42462}",membership_type,MEMBER,member,MEMBER,member,False,
value_mismatch,club_memberships,"{""id"": 42507}",membership_type,,member,,member,False,
value_mismatch,club_memberships,"{""id"": 42516}",membership_type,,member,,member,False,
value_mismatch,club_memberships,"{""id"": 42692}",membership_type,MEMBER,member,MEMBER,member,False,
value_mismatch,club_memberships,"{""id"": 42793}",membership_type,,member,,member,False,
value_mismatch,club_memberships,"{""id"": 43187}",membership_type,Member,member,Member,member,False,
value_mismatch,club_memberships,"{""id"": 43977}",membership_type,Member,member,Member,member,False,
value_mismatch,club_memberships,"{""id"": 44167}",membership_type,,member,,member,False,
value_mismatch,club_memberships,"{""id"": 44250}",membership_type,MEMBER,member,MEMBER,member,False,
value_mismatch,club_memberships,"{""id"": 44318}",membership_type,,member,,member,False,
value_mismatch,club_memberships,"{""id"": 44709}",membership_type,,member,,member,False,
value_mismatch,club_memberships,"{""id"": 44969}",membership_type,,member,,member,False,
value_mismatch,club_memberships,"{""id"": 45251}",membership_type,,member,,member,False,
value_mismatch,club_memberships,"{""id"": 45361}",membership_type,SECONDARY,secondary,SECONDARY,secondary,False,
value_mismatch,club_memberships,"{""id"": 45685}",membership_type,MEMBER,member,MEMBER,member,False,
value_mismatch,club_memberships,"{""id"": 46241}",membership_type,,member,,member,False,
value_mismatch,club_memberships,"{""id"": 46564}",membership_type,,member,,member,False,
value_mismatch,club_memberships,"{""id"": 46602}",membership_type,Member,member,Member,member,False,
value_mismatch,club_memberships,"{""id"": 46759}",membership_type,,member,,member,False,
value_mismatch,club_memberships,"{""id"": 46872}",membership_type,MEMBER,member,MEMBER,member,False,
value_mismatch,club_memberships,"{""id"": 47534}",membership_type,,member,,member,False,
value_mismatch,club_memberships,"{""id"": 48013}",membership_type,Member,member,Member,member,False,
value_mismatch,club_memberships,"{""id"": 48130}",membership_type,Member,member,Member,member,False,
value_mismatch,club_memberships,"{""id"": 49313}",membership_type,,secondary,,secondary,False,
value_mismatch,club_memberships,"{""id"": 49322}",membership_type,,member,,member,False,
value_mismatch,club_memberships,"{""id"": 49489}",membership_type,,member,,member,False,
value_mismatch,club_memberships,"{""id"": 49563}",membership_type,Member,member,Member,member,False,
value_mismatch,club_memberships,"{""id"": 49608}",membership_type,MEMBER,member,MEMBER,member,False,
value_mismatch,club_memberships,"{""id"": 49984}",membership_type,,member,,member,False,
value_mismatch,club_memberships,"{""id"": 49995}",membership_type,,member,,member,False,
value_mismatch,club_memberships,"{""id"": 50097}",membership_type,,member,,member,False,
value_mismatch,club_memberships,"{""id"": 50140}",membership_type,Member,member,Member,member,False,
value_mismatch,club_memberships,"{""id"": 50150}",membership_type,Member,member,Member,member,False,
value_mismatch,club_memberships,"{""id"": 50163}",membership_type,MEMBER,member,MEMBER,member,False,
value_mismatch,club_memberships,"{""id"": 50274}",membership_type,,member,,member,False,
value_mismatch,club_memberships,"{""id"": 50771}",membership_type,,member,,member,False,
value_mismatch,club_memberships,"{""id"": 50952}",membership_type,Member,member,Member,member,False,
value_mismatch,club_memberships,"{""id"": 50977}",membership_type,Member,member,Member,member,False,
value_mismatch,club_memberships,"{""id"": 51053}",membership_type,,member,,member,False,
value_mismatch,club_memberships,"{""id"": 51254}",membership_type,Member,member,Member,member,False,
value_mismatch,club_memberships,"{""id"": 51285}",membership_type,,member,,member,False,
value_mismatch,club_memberships,"{""id"": 51984}",membership_type,,member,,member,False,
value_mismatch,club_memberships,"{""id"": 52007}",membership_type,,member,,member,False,
value_mismatch,club_memberships,"{""id"": 52072}",membership_type,MEMBER,member,MEMBER,member,False,
value_mismatch,club_memberships,"{""id"": 52188}",membership_type,Member,member,Member,member,False,
value_mismatch,club_memberships,"{""id"": 52452}",membership_type,,member,,member,False,
value_mismatch,club_memberships,"{""id"": 52498}",membership_type,MEMBER,member,MEMBER,member,False,
value_mismatch,club_memberships,"{""id"": 52626}",membership_type,MEMBER,member,MEMBER,member,False,
value_mismatch,club_memberships,"{""id"": 52712}",membership_type,Member,member,Member,member,False,
value_mismatch,club_memberships,"{""id"": 52906}",membership_type,Member,member,Member,member,False,
value_mismatch,club_memberships,"{""id"": 53108}",membership_type,Member,member,Member,member,False,
value_mismatch,club_memberships,"{""id"": 53134}",membership_type,,member,,member,False,
value_mismatch,club_memberships,"{""id"": 53695}",membership_type,Member,member,Member,member,False,
value_mismatch,club_memberships,"{""id"": 54131}",membership_type,,member,,member,False,
value_mismatch,club_memberships,"{""id"": 54384}",membership_type,,member,,member,False,
value_mismatch,club_memberships,"{""id"": 54396}",membership_type,,member,,member,False,
value_mismatch,club_memberships,"{""id"": 54813}",membership_type,,member,,member,False,
value_mismatch,club_memberships,"{""id"": 54991}",membership_type,,member,,member,False,
value_mismatch,club_memberships,"{""id"": 55176}",membership_type,,member,,member,False,
value_mismatch,club_memberships,"{""id"": 55381}",membership_type,,member,,member,False,
value_mismatch,club_memberships,"{""id"": 55553}",membership_type,,member,,member,False,
value_mismatch,club_memberships,"{""id"": 56006}",membership_type,Member,member,Member,member,False,
value_mismatch,club_memberships,"{""id"": 56168}",membership_type,,member,,member,False,
value_mismatch,club_memberships,"{""id"": 56318}",membership_type,MEMBER,member,MEMBER,member,False,
value_mismatch,club_memberships,"{""id"": 56461}",membership_type,MEMBER,member,MEMBER,member,False,
value_mismatch,club_memberships,"{""id"": 56509}",membership_type,,member,,member,False,
value_mismatch,club_memberships,"{""id"": 56793}",membership_type,Member,member,Member,member,False,
value_mismatch,club_memberships,"{""id"": 56863}",membership_type,,member,,member,False,
value_mismatch,club_memberships,"{""id"": 56958}",membership_type,Member,member,Member,member,False,
value_mismatch,club_memberships,"{""id"": 57031}",membership_type,MEMBER,member,MEMBER,member,False,
value_mismatch,club_memberships,"{""id"": 57079}",membership_type,MEMBER,member,MEMBER,member,False,
value_mismatch,club_memberships,"{""id"": 57094}",membership_type,Member,member,Member,member,False,
value_mismatch,club_memberships,"{""id"": 57126}",membership_type,,member,,member,False,
value_mismatch,club_memberships,"{""id"": 57215}",membership_type,,member,,member,False,
value_mismatch,club_memberships,"{""id"": 57604}",membership_type,Member,member,Member,member,False,
value_mismatch,club_memberships,"{""id"": 57607}",membership_type,,member,,member,False,
value_mismatch,club_memberships,"{""id"": 57866}",membership_type,Member,member,Member,member,False,
value_mismatch,club_memberships,"{""id"": 58161}",membership_type,,member,,member,False,
value_mismatch,club_memberships,"{""id"": 58203}",membership_type,Secondary,secondary,Secondary,secondary,False,
value_mismatch,club_memberships,"{""id"": 58325}",membership_type,MEMBER,member,MEMBER,member,False,
value_mismatch,club_memberships,"{""id"": 58804}",membership_type,,member,,member,False,
value_mismatch,club_memberships,"{""id"": 58900}",membership_type,,member,,member,False,
value_mismatch,club_memberships,"{""id"": 58946}",membership_type,,member,,member,False,
value_mismatch,club_memberships,"{""id"": 59079}",membership_type,,member,,member,False,
value_mismatch,club_memberships,"{""id"": 59526}",membership_type,,member,,member,False,
value_mismatch,club_memberships,"{""id"": 59762}",membership_type,,member,,member,False,
value_mismatch,club_memberships,"{""id"": 59987}",membership_type,,member,,member,False,
value_mismatch,club_memberships,"{""id"": 60135}",membership_type,,member,,member,False,
value_mismatch,club_memberships,"{""id"": 60160}",membership_type,,member,,member,False,
value_mismatch,club_memberships,"{""id"": 60338}",membership_type,MEMBER,member,MEMBER,member,False,
value_mismatch,club_memberships,"{""id"": 60400}",membership_type,SECONDARY,secondary,SECONDARY,secondary,False,
value_mismatch,club_memberships,"{""id"": 60620}",membership_type,,member,,member,False,
value_mismatch,club_memberships,"{""id"": 60653}",membership_type,,member,,member,False,
value_mismatch,club_memberships,"{""id"": 60926}",membership_type,,member,,member,False,
value_mismatch,club_memberships,"{""id"": 61016}",membership_type,,member,,member,False,
value_mismatch,club_memberships,"{""id"": 61085}",membership_type,,member,,member,False,
value_mismatch,club_memberships,"{""id"": 61107}",membership_type,,member,,member,False,
value_mismatch,club_memberships,"{""id"": 61261}",membership_type,MEMBER,member,MEMBER,member,False,
value_mismatch,club_memberships,"{""id"": 61314}",membership_type,,member,,member,False,
value_mismatch,club_memberships,"{""id"": 61427}",membership_type,,secondary,,secondary,False,
value_mismatch,club_memberships,"{""id"": 61429}",membership_type,,member,,member,False,
value_mismatch,club_memberships,"{""id"": 61605}",membership_type,,member,,member,False,
value_mismatch,club_memberships,"{""id"": 61863}",membership_type,,member,,member,False,
value_mismatch,club_memberships,"{""id"": 62003}",membership_type,,member,,member,False,
value_mismatch,club_memberships,"{""id"": 62318}",membership_type,,member,,member,False,
value_mismatch,club_memberships,"{""id"": 62502}",membership_type,MEMBER,member,MEMBER,member,False,
value_mismatch,club_memberships,"{""id"": 62559}",membership_type,Secondary,secondary,Secondary,secondary,False,
value_mismatch,club_memberships,"{""id"": 62612}",membership_type,SECONDARY,secondary,SECONDARY,secondary,False,
value_mismatch,club_memberships,"{""id"": 62658}",membership_type,Member,member,Member,member,False,
value_mismatch,club_memberships,"{""id"": 62949}",membership_type,,member,,member,False,
value_mismatch,club_memberships,"{""id"": 62955}",membership_type,,member,,member,False,
value_mismatch,club_memberships,"{""id"": 62960}",membership_type,,member,,member,False,
value_mismatch,club_memberships,"{""id"": 63122}",membership_type,,member,,member,False,
value_mismatch,club_memberships,"{""id"": 63170}",membership_type,,member,,member,False,
value_mismatch,club_memberships,"{""id"": 63220}",membership_type,,member,,member,False,
value_mismatch,club_memberships,"{""id"": 63523}",membership_type,,member,,member,False,
value_mismatch,club_memberships,"{""id"": 63723}",membership_type,MEMBER,member,MEMBER,member,False,
value_mismatch,club_memberships,"{""id"": 63844}",membership_type,,member,,member,False,
value_mismatch,club_memberships,"{""id"": 63939}",membership_type,MEMBER,member,MEMBER,member,False,
value_mismatch,club_memberships,"{""id"": 64120}",membership_type,,member,,member,False,
value_mismatch,club_memberships,"{""id"": 64658}",membership_type,,member,,member,False,
value_mismatch,club_memberships,"{""id"": 64987}",membership_type,,secondary,,secondary,False,
value_mismatch,club_memberships,"{""id"": 66618}",membership_type,MEMBER,member,MEMBER,member,False,
value_mismatch,club_memberships,"{""id"": 66631}",membership_type,,member,,member,False,
value_mismatch,club_memberships,"{""id"": 66786}",membership_type,,member,,member,False,
value_mismatch,club_memberships,"{""id"": 67071}",membership_type,MEMBER,member,MEMBER,member,False,
value_mismatch,club_memberships,"{""id"": 67179}",membership_type,,member,,member,False,
value_mismatch,club_memberships,"{""id"": 67374}",membership_type,,member,,member,False,
value_mismatch,club_memberships,"{""id"": 67451}",membership_type,,member,,member,False,
value_mismatch,club_memberships,"{""id"": 68228}",membership_type,,member,,member,False,
value_mismatch,club_memberships,"{""id"": 68231}",membership_type,,member,,member,False,
value_mismatch,club_memberships,"{""id"": 68350}",membership_type,Secondary,secondary,Secondary,secondary,False,
value_mismatch,club_memberships,"{""id"": 68481}",membership_type,,member,,member,False,
value_mismatch,club_memberships,"{""id"": 68558}",membership_type,,member,,member,False,
value_mismatch,club_memberships,"{""id"": 68611}",membership_type,Member,member,Member,member,False,
value_mismatch,club_memberships,"{""id"": 68901}",membership_type,,member,,member,False,
value_mismatch,club_memberships,"{""id"": 69060}",membership_type,,member,,member,False,
value_mismatch,club_memberships,"{""id"": 69129}",membership_type,,member,,member,False,
value_mismatch,club_memberships,"{""id"": 69256}",membership_type,,member,,member,False,
value_mismatch,club_memberships,"{""id"": 69331}",membership_type,Member,member,Member,member,False,
value_mismatch,club_memberships,"{""id"": 69563}",membership_type,,member,,member,False,
value_mismatch,club_memberships,"{""id"": 69581}",membership_type,,member,,member,False,
value_mismatch,club_memberships,"{""id"": 69681}",membership_type,,member,,member,False,
value_mismatch,club_memberships,"{""id"": 69783}",membership_type,Secondary,secondary,Secondary,secondary,False,
value_mismatch,club_memberships,"{""id"": 69929}",membership_type,Member,member,Member,member,False,
value_mismatch,club_memberships,"{""id"": 70298}",membership_type,,member,,member,False,
value_mismatch,club_memberships,"{""id"": 70461}",membership_type,,member,,member,False,
value_mismatch,club_memberships,"{""id"": 70490}",membership_type,Member,member,Member,member,False,
value_mismatch,club_memberships,"{""id"": 70501}",membership_type,,member,,member,False,
value_mismatch,club_memberships,"{""id"": 70699}",membership_type,Member,member,Member,member,False,
value_mismatch,club_memberships,"{""id"": 70900}",membership_type,MEMBER,member,MEMBER,member,False,
value_mismatch,club_memberships,"{""id"": 71439}",membership_type,Member,member,Member,member,False,
value_mismatch,club_memberships,"{""id"": 71559}",membership_type,,secondary,,secondary,False,
value_mismatch,club_memberships,"{""id"": 71749}",membership_type,,member,,member,False,
value_mismatch,club_memberships,"{""id"": 71770}",membership_type,,member,,member,False,
value_mismatch,club_memberships,"{""id"": 71883}",membership_type,,member,,member,False,
value_mismatch,club_memberships,"{""id"": 72137}",membership_type,,member,,member,False,
value_mismatch,club_memberships,"{""id"": 72169}",membership_type,Member,member,Member,member,False,
value_mismatch,club_memberships,"{""id"": 72314}",membership_type,Member,member,Member,member,False,
value_mismatch,club_memberships,"{""id"": 72450}",membership_type,,member,,member,False,
value_mismatch,club_memberships,"{""id"": 72818}",membership_type,,member,,member,False,
value_mismatch,club_memberships,"{""id"": 72965}",membership_type,,member,,member,False,
value_mismatch,club_memberships,"{""id"": 73083}",membership_type,MEMBER,member,MEMBER,member,False,
value_mismatch,club_memberships,"{""id"": 73320}",membership_type,Secondary,secondary,Secondary,secondary,False,
value_mismatch,club_memberships,"{""id"": 73341}",membership_type,,member,,member,False,
value_mismatch,club_memberships,"{""id"": 73422}",membership_type,,member,,member,False,
value_mismatch,club_memberships,"{""id"": 73607}",membership_type,MEMBER,member,MEMBER,member,False,
value_mismatch,club_memberships,"{""id"": 73839}",membership_type,Member,member,Member,member,False,
value_mismatch,club_memberships,"{""id"": 73885}",membership_type,,secondary,,secondary,False,
value_mismatch,club_memberships,"{""id"": 74101}",membership_type,,member,,member,False,
value_mismatch,club_memberships,"{""id"": 74148}",membership_type,,member,,member,False,
value_mismatch,club_memberships,"{""id"": 74463}",membership_type,,member,,member,False,
value_mismatch,club_memberships,"{""id"": 74933}",membership_type,MEMBER,member,MEMBER,member,False,
value_mismatch,club_memberships,"{""id"": 76399}",membership_type,Member,member,Member,member,False,
value_mismatch,club_memberships,"{""id"": 76708}",membership_type,,member,,member,False,
value_mismatch,club_memberships,"{""id"": 76916}",membership_type,,member,,member,False,
value_mismatch,club_memberships,"{""id"": 77144}",membership_type,,member,,member,False,
value_mismatch,club_memberships,"{""id"": 77240}",membership_type,,member,,member,False,
value_mismatch,club_memberships,"{""id"": 77676}",membership_type,,member,,member,False,
value_mismatch,club_memberships,"{""id"": 77820}",membership_type,MEMBER,member,MEMBER,member,False,
value_mismatch,club_memberships,"{""id"": 77854}",membership_type,Member,member,Member,member,False,
value_mismatch,club_memberships,"{""id"": 77926}",membership_type,,member,,member,False,
value_mismatch,club_memberships,"{""id"": 78709}",membership_type,,member,,member,False,
value_mismatch,club_memberships,"{""id"": 78772}",membership_type,,member,,member,False,
value_mismatch,club_memberships,"{""id"": 79444}",membership_type,MEMBER,member,MEMBER,member,False,
value_mismatch,club_memberships,"{""id"": 79852}",membership_type,Member,member,Member,member,False,
value_mismatch,club_memberships,"{""id"": 79959}",membership_type,,member,,member,False,
value_mismatch,club_memberships,"{""id"": 80182}",membership_type,,member,,member,False,
value_mismatch,club_memberships,"{""id"": 80615}",membership_type,,member,,member,False,
value_mismatch,club_memberships,"{""id"": 80870}",membership_type,,member,,member,False,
value_mismatch,club_memberships,"{""id"": 80965}",membership_type,Member,member,Member,member,False,
value_mismatch,club_memberships,"{""id"": 81163}",membership_type,,member,,member,False,
value_mismatch,club_memberships,"{""id"": 81170}",membership_type,,member,,member,False,
value_mismatch,club_memberships,"{""id"": 81206}",membership_type,,member,,member,False,
value_mismatch,club_memberships,"{""id"": 81678}",membership_type,MEMBER,member,MEMBER,member,False,
value_mismatch,club_memberships,"{""id"": 81788}",membership_type,Member,member,Member,member,False,
value_mismatch,club_memberships,"{""id"": 81962}",membership_type,,member,,member,False,
value_mismatch,club_memberships,"{""id"": 82256}",membership_type,,member,,member,False,
value_mismatch,club_memberships,"{""id"": 82309}",membership_type,,member,,member,False,
value_mismatch,club_memberships,"{""id"": 82806}",membership_type,Member,member,Member,member,False,
value_mismatch,club_memberships,"{""id"": 82865}",membership_type,,member,,member,False,
value_mismatch,club_memberships,"{""id"": 83022}",membership_type,,member,,member,False,
value_mismatch,club_memberships,"{""id"": 83059}",membership_type,,member,,member,False,
value_mismatch,club_memberships,"{""id"": 83185}",membership_type,MEMBER,member,MEMBER,member,False,
value_mismatch,club_memberships,"{""id"": 83283}",membership_type,Member,member,Member,member,False,
value_mismatch,club_memberships,"{""id"": 83313}",membership_type,Member,member,Member,member,False,
value_mismatch,club_memberships,"{""id"": 83412}",membership_type,,member,,member,False,
value_mismatch,club_memberships,"{""id"": 83418}",membership_type,,member,,member,False,
value_mismatch,club_memberships,"{""id"": 83479}",membership_type,,member,,member,False,
value_mismatch,club_memberships,"{""id"": 83787}",membership_type,,member,,member,False,
value_mismatch,club_memberships,"{""id"": 83915}",membership_type,MEMBER,member,MEMBER,member,False,
value_mismatch,club_memberships,"{""id"": 83954}",membership_type,Member,member,Member,member,False,
value_mismatch,club_memberships,"{""id"": 84562}",membership_type,,member,,member,False,
value_mismatch,club_memberships,"{""id"": 84600}",membership_type,,member,,member,False,
value_mismatch,club_memberships,"{""id"": 84776}",membership_type,MEMBER,member,MEMBER,member,False,
value_mismatch,club_memberships,"{""id"": 84884}",membership_type,,member,,member,False,
value_mismatch,club_memberships,"{""id"": 85359}",membership_type,,secondary,,secondary,False,
value_mismatch,club_memberships,"{""id"": 85403}",membership_type,SECONDARY,secondary,SECONDARY,secondary,False,
value_mismatch,club_memberships,"{""id"": 85470}",membership_type,Member,member,Member,member,False,
value_mismatch,club_memberships,"{""id"": 85586}",membership_type,,member,,member,False,
value_mismatch,club_memberships,"{""id"": 85949}",membership_type,,member,,member,False,
value_mismatch,club_memberships,"{""id"": 85997}",membership_type,Member,member,Member,member,False,
value_mismatch,club_memberships,"{""id"": 86188}",membership_type,Member,member,Member,member,False,
value_mismatch,club_memberships,"{""id"": 86402}",membership_type,Member,member,Member,member,False,
value_mismatch,club_memberships,"{""id"": 86417}",membership_type,SECONDARY,secondary,SECONDARY,secondary,False,
value_mismatch,club_memberships,"{""id"": 86469}",membership_type,,member,,member,False,
value_mismatch,club_memberships,"{""id"": 86531}",membership_type,,member,,member,False,
value_mismatch,club_memberships,"{""id"": 86545}",membership_type,Member,member,Member,member,False,
value_mismatch,club_memberships,"{""id"": 86968}",membership_type,Member,member,Member,member,False,
value_mismatch,club_memberships,"{""id"": 87115}",membership_type,,member,,member,False,
value_mismatch,club_memberships,"{""id"": 87436}",membership_type,,secondary,,secondary,False,
value_mismatch,club_memberships,"{""id"": 87685}",membership_type,,member,,member,False,
value_mismatch,club_memberships,"{""id"": 87846}",membership_type,,member,,member,False,
value_mismatch,club_memberships,"{""id"": 88264}",membership_type,,member,,member,False,
value_mismatch,club_memberships,"{""id"": 88426}",membership_type,Member,member,Member,member,False,
value_mismatch,club_memberships,"{""id"": 88795}",membership_type,,member,,member,False,
value_mismatch,club_memberships,"{""id"": 89525}",membership_type,Member,member,Member,member,False,
value_mismatch,club_memberships,"{""id"": 89596}",membership_type,,member,,member,False,
value_mismatch,club_memberships,"{""id"": 89628}",membership_type,,member,,member,False,
value_mismatch,club_memberships,"{""id"": 89784}",membership_type,,member,,member,False,
value_mismatch,club_memberships,"{""id"": 89787}",membership_type,,member,,member,False,
value_mismatch,club_memberships,"{""id"": 90060}",membership_type,MEMBER,member,MEMBER,member,False,
value_mismatch,club_memberships,"{""id"": 90132}",membership_type,,member,,member,False,
value_mismatch,club_memberships,"{""id"": 90332}",membership_type,,member,,member,False,
value_mismatch,club_memberships,"{""id"": 90378}",membership_type,,member,,member,False,
value_mismatch,club_memberships,"{""id"": 90704}",membership_type,,member,,member,False,
value_mismatch,club_memberships,"{""id"": 91197}",membership_type,,member,,member,False,
value_mismatch,club_memberships,"{""id"": 91710}",membership_type,Member,member,Member,member,False,
value_mismatch,club_memberships,"{""id"": 91850}",membership_type,,member,,member,False,
value_mismatch,club_memberships,"{""id"": 92007}",membership_type,Member,member,Member,member,False,
value_mismatch,club_memberships,"{""id"": 92096}",membership_type,MEMBER,member,MEMBER,member,False,
value_mismatch,club_memberships,"{""id"": 92220}",membership_type,,member,,member,False,
value_mismatch,club_memberships,"{""id"": 92246}",membership_type,,member,,member,False,
value_mismatch,club_memberships,"{""id"": 92333}",membership_type,,member,,member,False,
value_mismatch,club_memberships,"{""id"": 92360}",membership_type,,member,,member,False,
value_mismatch,club_memberships,"{""id"": 92587}",membership_type,,member,,member,False,
value_mismatch,club_memberships,"{""id"": 92953}",membership_type,,member,,member,False,
value_mismatch,club_memberships,"{""id"": 93024}",membership_type,,member,,member,False,
value_mismatch,club_memberships,"{""id"": 93072}",membership_type,,member,,member,False,
value_mismatch,club_memberships,"{""id"": 93099}",membership_type,,member,,member,False,
value_mismatch,club_memberships,"{""id"": 93158}",membership_type,,member,,member,False,
value_mismatch,club_memberships,"{""id"": 93296}",membership_type,MEMBER,member,MEMBER,member,False,
value_mismatch,club_memberships,"{""id"": 93375}",membership_type,,member,,member,False,
value_mismatch,club_memberships,"{""id"": 93499}",membership_type,Member,member,Member,member,False,
value_mismatch,club_memberships,"{""id"": 93843}",membership_type,Member,member,Member,member,False,
value_mismatch,club_memberships,"{""id"": 94131}",membership_type,,member,,member,False,
value_mismatch,club_memberships,"{""id"": 94571}",membership_type,,member,,member,False,
value_mismatch,club_memberships,"{""id"": 94658}",membership_type,,member,,member,False,
value_mismatch,club_memberships,"{""id"": 94933}",membership_type,MEMBER,member,MEMBER,member,False,
value_mismatch,club_memberships,"{""id"": 95246}",membership_type,,member,,member,False,
value_mismatch,club_memberships,"{""id"": 95432}",membership_type,Member,member,Member,member,False,
value_mismatch,club_memberships,"{""id"": 95658}",membership_type,,member,,member,False,
value_mismatch,club_memberships,"{""id"": 95708}",membership_type,,secondary,,secondary,False,
value_mismatch,club_memberships,"{""id"": 96139}",membership_type,,member,,member,False,
value_mismatch,club_memberships,"{""id"": 96757}",membership_type,SECONDARY,secondary,SECONDARY,secondary,False,
value_mismatch,club_memberships,"{""id"": 96764}",membership_type,Member,member,Member,member,False,
value_mismatch,club_memberships,"{""id"": 96769}",membership_type,MEMBER,member,MEMBER,member,False,
value_mismatch,club_memberships,"{""id"": 97804}",membership_type,,member,,member,False,
value_mismatch,club_memberships,"{""id"": 98043}",membership_type,,member,,member,False,
value_mismatch,club_memberships,"{""id"": 98099}",membership_type,Member,member,Member,member,False,
value_mismatch,club_memberships,"{""id"": 98150}",membership_type,,member,,member,False,
value_mismatch,club_memberships,"{""id"": 98373}",membership_type,Member,member,Member,member,False,
value_mismatch,club_memberships,"{""id"": 98381}",membership_type,,member,,member,False,
value_mismatch,club_memberships,"{""id"": 98432}",membership_type,,member,,member,False,
value_mismatch,club_memberships,"{""id"": 98479}",membership_type,,member,,member,False,
value_mismatch,club_memberships,"{""id"": 98631}",membership_type,Member,member,Member,member,False,
value_mismatch,club_memberships,"{""id"": 98844}",membership_type,,member,,member,False,
value_mismatch,club_memberships,"{""id"": 98935}",membership_type,,member,,member,False,
value_mismatch,club_memberships,"{""id"": 99217}",membership_type,MEMBER,member,MEMBER,member,False,
value_mismatch,club_memberships,"{""id"": 99567}",membership_type,Member,member,Member,member,False,
value_mismatch,club_memberships,"{""id"": 99641}",membership_type,,member,,member,False,
value_mismatch,club_memberships,"{""id"": 99758}",membership_type,,member,,member,False,
value_mismatch,club_memberships,"{""id"": 99867}",membership_type,,member,,member,False,
value_mismatch,club_memberships,"{""id"": 100079}",membership_type,Member,member,Member,member,False,
value_mismatch,club_memberships,"{""id"": 100145}",membership_type,Member,member,Member,member,False,
value_mismatch,club_memberships,"{""id"": 100401}",membership_type,Member,member,Member,member,False,
value_mismatch,club_memberships,"{""id"": 100426}",membership_type,,member,,member,False,
value_mismatch,club_memberships,"{""id"": 100591}",membership_type,MEMBER,member,MEMBER,member,False,
value_mismatch,club_memberships,"{""id"": 100988}",membership_type,,member,,member,False,
value_mismatch,club_memberships,"{""id"": 101418}",membership_type,MEMBER,member,MEMBER,member,False,
value_mismatch,club_memberships,"{""id"": 101508}",membership_type,,member,,member,False,
value_mismatch,club_memberships,"{""id"": 101689}",membership_type,,member,,member,False,
value_mismatch,club_memberships,"{""id"": 102333}",membership_type,,member,,member,False,
value_mismatch,club_memberships,"{""id"": 102629}",membership_type,Member,member,Member,member,False,
value_mismatch,club_memberships,"{""id"": 102779}",membership_type,,member,,member,False,
value_mismatch,club_memberships,"{""id"": 102838}",membership_type,,member,,member,False,
value_mismatch,club_memberships,"{""id"": 102925}",membership_type,,member,,member,False,
value_mismatch,club_memberships,"{""id"": 103022}",membership_type,,member,,member,False,
value_mismatch,club_memberships,"{""id"": 103173}",membership_type,,member,,member,False,
value_mismatch,club_memberships,"{""id"": 103801}",membership_type,,secondary,,secondary,False,
value_mismatch,club_memberships,"{""id"": 104024}",membership_type,,member,,member,False,
value_mismatch,club_memberships,"{""id"": 104358}",membership_type,,member,,member,False,
value_mismatch,club_memberships,"{""id"": 104396}",membership_type,Member,member,Member,member,False,
value_mismatch,club_memberships,"{""id"": 104531}",membership_type,MEMBER,member,MEMBER,member,False,
value_mismatch,club_memberships,"{""id"": 104556}",membership_type,Member,member,Member,member,False,
value_mismatch,club_memberships,"{""id"": 104663}",membership_type,,member,,member,False,
value_mismatch,club_memberships,"{""id"": 104769}",membership_type,,member,,member,False,
value_mismatch,club_memberships,"{""id"": 105127}",membership_type,MEMBER,member,MEMBER,member,False,
value_mismatch,club_memberships,"{""id"": 105331}",membership_type,,member,,member,False,
value_mismatch,club_memberships,"{""id"": 105409}",membership_type,Member,member,Member,member,False,
value_mismatch,club_memberships,"{""id"": 105805}",membership_type,MEMBER,member,MEMBER,member,False,
value_mismatch,club_memberships,"{""id"": 105822}",membership_type,MEMBER,member,MEMBER,member,False,
value_mismatch,club_memberships,"{""id"": 106173}",membership_type,,secondary,,secondary,False,
value_mismatch,club_memberships,"{""id"": 106320}",membership_type,Member,member,Member,member,False,
value_mismatch,club_memberships,"{""id"": 106426}",membership_type,Member,member,Member,member,False,
value_mismatch,club_memberships,"{""id"": 106489}",membership_type,,member,,member,False,
value_mismatch,club_memberships,"{""id"": 106493}",membership_type,Member,member,Member,member,False,
value_mismatch,club_memberships,"{""id"": 106518}",membership_type,,member,,member,False,
value_mismatch,club_memberships,"{""id"": 106765}",membership_type,,member,,member,False,
value_mismatch,club_memberships,"{""id"": 107104}",membership_type,,member,,member,False,
value_mismatch,club_memberships,"{""id"": 107279}",membership_type,,member,,member,False,
value_mismatch,club_memberships,"{""id"": 107899}",membership_type,,member,,member,False,
value_mismatch,club_memberships,"{""id"": 107955}",membership_type,,member,,member,False,
value_mismatch,club_memberships,"{""id"": 108479}",membership_type,Member,member,Member,member,False,
value_mismatch,club_memberships,"{""id"": 108587}",membership_type,Member,member,Member,member,False,
value_mismatch,club_memberships,"{""id"": 108621}",membership_type,Member,member,Member,member,False,
value_mismatch,club_memberships,"{""id"": 108732}",membership_type,,member,,member,False,
value_mismatch,club_memberships,"{""id"": 109074}",membership_type,,member,,member,False,
value_mismatch,club_memberships,"{""id"": 109173}",membership_type,,member,,member,False,
value_mismatch,club_memberships,"{""id"": 109270}",membership_type,,member,,member,False,
value_mismatch,club_memberships,"{""id"": 109819}",membership_type,,member,,member,False,
value_mismatch,club_memberships,"{""id"": 109965}",membership_type,,member,,member,False,
value_mismatch,club_memberships,"{""id"": 110405}",membership_type,,member,,member,False,
value_mismatch,club_memberships,"{""id"": 110446}",membership_type,Member,member,Member,member,False,
value_mismatch,club_memberships,"{""id"": 110695}",membership_type,,member,,member,False,
value_mismatch,club_memberships,"{""id"": 110984}",membership_type,,member,,member,False,
value_mismatch,club_memberships,"{""id"": 111137}",membership_type,,member,,member,False,
value_mismatch,club_memberships,"{""id"": 111845}",membership_type,,member,,member,False,
value_mismatch,club_memberships,"{""id"": 112082}",membership_type,,member,,member,False,
value_mismatch,club_memberships,"{""id"": 112270}",membership_type,,secondary,,secondary,False,
value_mismatch,club_memberships,"{""id"": 113789}",membership_type,Member,member,Member,member,False,
value_mismatch,club_memberships,"{""id"": 113829}",membership_type,Member,member,Member,member,False,
value_mismatch,club_memberships,"{""id"": 114233}",membership_type,,member,,member,False,
value_mismatch,club_memberships,"{""id"": 114283}",membership_type,,member,,member,False,
value_mismatch,club_memberships,"{""id"": 114376}",membership_type,,member,,member,False,
value_mismatch,club_memberships,"{""id"": 114472}",membership_type,MEMBER,member,MEMBER,member,False,
value_mismatch,club_memberships,"{""id"": 114668}",membership_type,MEMBER,member,MEMBER,member,False,
value_mismatch,club_memberships,"{""id"": 114833}",membership_type,Member,member,Member,member,False,
value_mismatch,club_memberships,"{""id"": 114857}",membership_type,SECONDARY,secondary,SECONDARY,secondary,False,
value_mismatch,club_memberships,"{""id"": 114884}",membership_type,,member,,member,False,
value_mismatch,club_memberships,"{""id"": 115220}",membership_type,,member,,member,False,
value_mismatch,club_memberships,"{""id"": 115259}",membership_type,,member,,member,False,
value_mismatch,club_memberships,"{""id"": 115526}",membership_type,Member,member,Member,member,False,
value_mismatch,club_memberships,"{""id"": 115775}",membership_type,MEMBER,member,MEMBER,member,False,
value_mismatch,club_memberships,"{""id"": 115974}",membership_type,Member,member,Member,member,False,
value_mismatch,club_memberships,"{""id"": 115984}",membership_type,Secondary,secondary,Secondary,secondary,False,
value_mismatch,club_memberships,"{""id"": 116577}",membership_type,MEMBER,member,MEMBER,member,False,
value_mismatch,club_memberships,"{""id"": 116681}",membership_type,,secondary,,secondary,False,
value_mismatch,club_memberships,"{""id"": 116721}",membership_type,,member,,member,False,
value_mismatch,club_memberships,"{""id"": 116844}",membership_type,,member,,member,False,
value_mismatch,club_memberships,"{""id"": 116880}",membership_type,,member,,member,False,
value_mismatch,club_memberships,"{""id"": 117134}",membership_type,,secondary,,secondary,False,
value_mismatch,club_memberships,"{""id"": 117234}",membership_type,Member,member,Member,member,False,
value_mismatch,club_memberships,"{""id"": 117271}",membership_type,,member,,member,False,
value_mismatch,club_memberships,"{""id"": 117360}",membership_type,Member,member,Member,member,False,
value_mismatch,club_memberships,"{""id"": 117886}",membership_type,,member,,member,False,
value_mismatch,club_memberships,"{""id"": 117918}",membership_type,,member,,member,False,
value_mismatch,club_memberships,"{""id"": 118034}",membership_type,MEMBER,member,MEMBER,member,False,
value_mismatch,club_memberships,"{""id"": 118069}",membership_type,MEMBER,member,MEMBER,member,False,
value_mismatch,club_memberships,"{""id"": 118081}",membership_type,,member,,member,False,
value_mismatch,club_memberships,"{""id"": 118201}",membership_type,,member,,member,False,
value_mismatch,club_memberships,"{""id"": 118451}",membership_type,,member,,member,False,
value_mismatch,club_memberships,"{""id"": 118681}",membership_type,,member,,member,False,
value_mismatch,club_memberships,"{""id"": 118765}",membership_type,Member,member,Member,member,False,
value_mismatch,club_memberships,"{""id"": 118927}",membership_type,,secondary,,secondary,False,
value_mismatch,club_memberships,"{""id"": 119067}",membership_type,MEMBER,member,MEMBER,member,False,
value_mismatch,club_memberships,"{""id"": 119356}",membership_type,,member,,member,False,
value_mismatch,club_memberships,"{""id"": 119564}",membership_type,MEMBER,member,MEMBER,member,False,
value_mismatch,club_memberships,"{""id"": 119612}",membership_type,,secondary,,secondary,False,
value_mismatch,club_memberships,"{""id"": 119627}",membership_type,,member,,member,False,
value_mismatch,club_memberships,"{""id"": 119766}",membership_type,,member,,member,False,
value_mismatch,club_memberships,"{""id"": 119810}",membership_type,,member,,member,False,
value_mismatch,club_memberships,"{""id"": 120117}",membership_type,Member,member,Member,member,False,
value_mismatch,club_memberships,"{""id"": 120196}",membership_type,SECONDARY,secondary,SECONDARY,secondary,False,
value_mismatch,club_memberships,"{""id"": 120204}",membership_type,Member,member,Member,member,False,
value_mismatch,club_memberships,"{""id"": 120429}",membership_type,Member,member,Member,member,False,
value_mismatch,club_memberships,"{""id"": 120434}",membership_type,,member,,member,False,
value_mismatch,club_memberships,"{""id"": 120923}",membership_type,Member,member,Member,member,False,
value_mismatch,club_memberships,"{""id"": 121012}",membership_type,,member,,member,False,
value_mismatch,club_memberships,"{""id"": 121169}",membership_type,Member,member,Member,member,False,
value_mismatch,club_memberships,"{""id"": 121187}",membership_type,Member,member,Member,member,False,
value_mismatch,club_memberships,"{""id"": 121280}",membership_type,,secondary,,secondary,False,
value_mismatch,club_memberships,"{""id"": 121501}",membership_type,MEMBER,member,MEMBER,member,False,
value_mismatch,club_memberships,"{""id"": 121758}",membership_type,MEMBER,member,MEMBER,member,False,
value_mismatch,club_memberships,"{""id"": 122111}",membership_type,Member,member,Member,member,False,
value_mismatch,club_memberships,"{""id"": 122246}",membership_type,MEMBER,member,MEMBER,member,False,
value_mismatch,club_memberships,"{""id"": 122298}",membership_type,,member,,member,False,
value_mismatch,club_memberships,"{""id"": 122641}",membership_type,,member,,member,False,
value_mismatch,club_memberships,"{""id"": 122816}",membership_type,MEMBER,member,MEMBER,member,False,
value_mismatch,club_memberships,"{""id"": 122872}",membership_type,,member,,member,False,
value_mismatch,club_memberships,"{""id"": 122886}",membership_type,,member,,member,False,
value_mismatch,club_memberships,"{""id"": 123179}",membership_type,Member,member,Member,member,False,
value_mismatch,club_memberships,"{""id"": 123493}",membership_type,,member,,member,False,
value_mismatch,club_memberships,"{""id"": 123939}",membership_type,,member,,member,False,
value_mismatch,club_memberships,"{""id"": 124352}",membership_type,MEMBER,member,MEMBER,member,False,
value_mismatch,club_memberships,"{""id"": 124362}",membership_type,,member,,member,False,
value_mismatch,club_memberships,"{""id"": 124494}",membership_type,Member,member,Member,member,False,
value_mismatch,club_memberships,"{""id"": 124681}",membership_type,MEMBER,member,MEMBER,member,False,
value_mismatch,club_memberships,"{""id"": 124919}",membership_type,,member,,member,False,
value_mismatch,club_memberships,"{""id"": 125660}",membership_type,,member,,member,False,
value_mismatch,club_memberships,"{""id"": 126181}",membership_type,Secondary,secondary,Secondary,secondary,False,
value_mismatch,club_memberships,"{""id"": 126268}",membership_type,,member,,member,False,
value_mismatch,club_memberships,"{""id"": 126645}",membership_type,,member,,member,False,
value_mismatch,club_memberships,"{""id"": 126760}",membership_type,MEMBER,member,MEMBER,member,False,
value_mismatch,club_memberships,"{""id"": 126857}",membership_type,,member,,member,False,
value_mismatch,club_memberships,"{""id"": 127951}",membership_type,,member,,member,False,
value_mismatch,club_memberships,"{""id"": 128058}",membership_type,MEMBER,member,MEMBER,member,False,
value_mismatch,club_memberships,"{""id"": 128081}",membership_type,,secondary,,secondary,False,
value_mismatch,club_memberships,"{""id"": 128269}",membership_type,,member,,member,False,
value_mismatch,club_memberships,"{""id"": 128270}",membership_type,,member,,member,False,
value_mismatch,club_memberships,"{""id"": 128519}",membership_type,,member,,member,False,
value_mismatch,club_memberships,"{""id"": 129229}",membership_type,Member,member,Member,member,False,
value_mismatch,club_memberships,"{""id"": 129537}",membership_type,,member,,member,False,
value_mismatch,club_memberships,"{""id"": 129791}",membership_type,,member,,member,False,
value_mismatch,club_memberships,"{""id"": 129834}",membership_type,,member,,member,False,
value_mismatch,club_memberships,"{""id"": 130541}",membership_type,,member,,member,False,
value_mismatch,club_memberships,"{""id"": 130964}",membership_type,,member,,member,False,
value_mismatch,club_memberships,"{""id"": 131006}",membership_type,,member,,member,False,
value_mismatch,club_memberships,"{""id"": 131375}",membership_type,,secondary,,secondary,False,
value_mismatch,club_memberships,"{""id"": 131506}",membership_type,,member,,member,False,
value_mismatch,club_memberships,"{""id"": 131737}",membership_type,,member,,member,False,
value_mismatch,club_memberships,"{""id"": 131966}",membership_type,Member,member,Member,member,False,
value_mismatch,club_memberships,"{""id"": 132169}",membership_type,Member,member,Member,member,False,
value_mismatch,club_memberships,"{""id"": 132177}",membership_type,,member,,member,False,
value_mismatch,club_memberships,"{""id"": 132178}",membership_type,Member,member,Member,member,False,
value_mismatch,club_memberships,"{""id"": 132385}",membership_type,,member,,member,False,
value_mismatch,club_memberships,"{""id"": 132424}",membership_type,Member,member,Member,member,False,
value_mismatch,club_memberships,"{""id"": 132979}",membership_type,,member,,member,False,
value_mismatch,club_memberships,"{""id"": 133106}",membership_type,,member,,member,False,
value_mismatch,club_memberships,"{""id"": 133263}",membership_type,,member,,member,False,
value_mismatch,club_memberships,"{""id"": 133480}",membership_type,Member,member,Member,member,False,
value_mismatch,club_memberships,"{""id"": 133514}",membership_type,,member,,member,False,
value_mismatch,club_memberships,"{""id"": 133590}",membership_type,Secondary,secondary,Secondary,secondary,False,
value_mismatch,club_memberships,"{""id"": 133678}",membership_type,,member,,member,False,
value_mismatch,club_memberships,"{""id"": 134097}",membership_type,,member,,member,False,
value_mismatch,club_memberships,"{""id"": 134381}",membership_type,,member,,member,False,
value_mismatch,club_memberships,"{""id"": 134412}",membership_type,,member,,member,False,
value_mismatch,club_memberships,"{""id"": 134532}",membership_type,,member,,member,False,
value_mismatch,club_memberships,"{""id"": 134580}",membership_type,,member,,member,False,
value_mismatch,club_memberships,"{""id"": 134674}",membership_type,,member,,member,False,
value_mismatch,club_memberships,"{""id"": 134763}",membership_type,,member,,member,False,
value_mismatch,club_memberships,"{""id"": 134798}",membership_type,,member,,member,False,
value_mismatch,club_memberships,"{""id"": 135059}",membership_type,MEMBER,member,MEMBER,member,False,
value_mismatch,club_memberships,"{""id"": 135247}",membership_type,,member,,member,False,
value_mismatch,club_memberships,"{""id"": 135301}",membership_type,,member,,member,False,
value_mismatch,club_memberships,"{""id"": 135927}",membership_type,,member,,member,False,
value_mismatch,club_memberships,"{""id"": 136103}",membership_type,,member,,member,False,
value_mismatch,club_memberships,"{""id"": 136107}",membership_type,,member,,member,False,
value_mismatch,club_memberships,"{""id"": 136349}",membership_type,Member,member,Member,member,False,
value_mismatch,club_memberships,"{""id"": 136533}",membership_type,Secondary,secondary,Secondary,secondary,False,
value_mismatch,club_memberships,"{""id"": 136664}",membership_type,,member,,member,False,
value_mismatch,club_memberships,"{""id"": 136854}",membership_type,,member,,member,False,
value_mismatch,club_memberships,"{""id"": 136911}",membership_type,Member,member,Member,member,False,
value_mismatch,club_memberships,"{""id"": 137276}",membership_type,Member,member,Member,member,False,
value_mismatch,club_memberships,"{""id"": 137700}",membership_type,Member,member,Member,member,False,
value_mismatch,club_memberships,"{""id"": 137961}",membership_type,Member,member,Member,member,False,
value_mismatch,club_memberships,"{""id"": 138162}",membership_type,,member,,member,False,
value_mismatch,club_memberships,"{""id"": 138412}",membership_type,,member,,member,False,
value_mismatch,club_memberships,"{""id"": 138416}",membership_type,,member,,member,False,
value_mismatch,club_memberships,"{""id"": 138812}",membership_type,Secondary,secondary,Secondary,secondary,False,
value_mismatch,club_memberships,"{""id"": 139439}",membership_type,,member,,member,False,
value_mismatch,club_memberships,"{""id"": 139525}",membership_type,MEMBER,member,MEMBER,member,False,
value_mismatch,club_memberships,"{""id"": 140031}",membership_type,,member,,member,False,
value_mismatch,club_memberships,"{""id"": 140910}",membership_type,Member,member,Member,member,False,
value_mismatch,club_memberships,"{""id"": 140991}",membership_type,Member,member,Member,member,False,
value_mismatch,club_memberships,"{""id"": 141068}",membership_type,,secondary,,secondary,False,
value_mismatch,club_memberships,"{""id"": 141492}",membership_type,,member,,member,False,
value_mismatch,club_memberships,"{""id"": 141601}",membership_type,,member,,member,False,
value_mismatch,club_memberships,"{""id"": 141695}",membership_type,MEMBER,member,MEMBER,member,False,
value_mismatch,club_memberships,"{""id"": 142033}",membership_type,,member,,member,False,
value_mismatch,club_memberships,"{""id"": 142161}",membership_type,,member,,member,False,
value_mismatch,club_memberships,"{""id"": 142785}",membership_type,,member,,member,False,
value_mismatch,club_memberships,"{""id"": 142850}",membership_type,,member,,member,False,
value_mismatch,club_memberships,"{""id"": 143000}",membership_type,,member,,member,False,
value_mismatch,club_memberships,"{""id"": 143260}",membership_type,MEMBER,member,MEMBER,member,False,
value_mismatch,club_memberships,"{""id"": 143439}",membership_type,,member,,member,False,
value_mismatch,club_memberships,"{""id"": 143765}",membership_type,,secondary,,secondary,False,
value_mismatch,club_memberships,"{""id"": 143877}",membership_type,MEMBER,member,MEMBER,member,False,
value_mismatch,club_memberships,"{""id"": 144392}",membership_type,,member,,member,False,
value_mismatch,club_memberships,"{""id"": 144691}",membership_type,Member,member,Member,member,False,
value_mismatch,club_memberships,"{""id"": 145013}",membership_type,,member,,member,False,
value_mismatch,club_memberships,"{""id"": 145048}",membership_type,MEMBER,member,MEMBER,member,False,
value_mismatch,club_memberships,"{""id"": 145197}",membership_type,Member,member,Member,member,False,
value_mismatch,club_memberships,"{""id"": 145466}",membership_type,Member,member,Member,member,False,
value_mismatch,club_memberships,"{""id"": 145660}",membership_type,,secondary,,secondary,False,
value_mismatch,club_memberships,"{""id"": 145772}",membership_type,,member,,member,False,
value_mismatch,club_memberships,"{""id"": 145974}",membership_type,,member,,member,False,
value_mismatch,club_memberships,"{""id"": 146100}",membership_type,,secondary,,secondary,False,
value_mismatch,club_memberships,"{""id"": 146140}",membership_type,,member,,member,False,
value_mismatch,club_memberships,"{""id"": 146421}",membership_type,,member,,member,False,
value_mismatch,club_memberships,"{""id"": 146619}",membership_type,Member,member,Member,member,False,
value_mismatch,club_memberships,"{""id"": 146830}",membership_type,,member,,member,False,
value_mismatch,club_memberships,"{""id"": 146832}",membership_type,,member,,member,False,
value_mismatch,club_memberships,"{""id"": 146966}",membership_type,,member,,member,False,
value_mismatch,club_memberships,"{""id"": 147145}",membership_type,MEMBER,member,MEMBER,member,False,
value_mismatch,club_memberships,"{""id"": 147431}",membership_type,,secondary,,secondary,False,
value_mismatch,club_memberships,"{""id"": 147461}",membership_type,MEMBER,member,MEMBER,member,False,
value_mismatch,club_memberships,"{""id"": 147605}",membership_type,,member,,member,False,
value_mismatch,club_memberships,"{""id"": 147850}",membership_type,,member,,member,False,
value_mismatch,club_memberships,"{""id"": 147924}",membership_type,MEMBER,member,MEMBER,member,False,
value_mismatch,club_memberships,"{""id"": 147940}",membership_type,MEMBER,member,MEMBER,member,False,
value_mismatch,club_memberships,"{""id"": 148159}",membership_type,,member,,member,False,
value_mismatch,club_memberships,"{""id"": 148244}",membership_type,Member,member,Member,member,False,
value_mismatch,club_memberships,"{""id"": 148797}",membership_type,,member,,member,False,
value_mismatch,club_memberships,"{""id"": 148828}",membership_type,MEMBER,member,MEMBER,member,False,
value_mismatch,club_memberships,"{""id"": 149321}",membership_type,,member,,member,False,
value_mismatch,club_memberships,"{""id"": 149519}",membership_type,Member,member,Member,member,False,
value_mismatch,club_memberships,"{""id"": 149846}",membership_type,,member,,member,False,
value_mismatch,club_memberships,"{""id"": 149880}",membership_type,MEMBER,member,MEMBER,member,False,
value_mismatch,club_memberships,"{""id"": 150141}",membership_type,Member,member,Member,member,False,
value_mismatch,club_memberships,"{""id"": 150670}",membership_type,,member,,member,False,
value_mismatch,club_memberships,"{""id"": 150949}",membership_type,Member,member,Member,member,False,
value_mismatch,club_memberships,"{""id"": 151154}",membership_type,,member,,member,False,
value_mismatch,club_memberships,"{""id"": 151213}",membership_type,,member,,member,False,
value_mismatch,club_memberships,"{""id"": 151305}",membership_type,,member,,member,False,
value_mismatch,club_memberships,"{""id"": 151793}",membership_type,MEMBER,member,MEMBER,member,False,
value_mismatch,club_memberships,"{""id"": 151934}",membership_type,MEMBER,member,MEMBER,member,False,
value_mismatch,club_memberships,"{""id"": 151958}",membership_type,,member,,member,False,
value_mismatch,club_memberships,"{""id"": 152144}",membership_type,,member,,member,False,
value_mismatch,club_memberships,"{""id"": 152166}",membership_type,MEMBER,member,MEMBER,member,False,
value_mismatch,club_memberships,"{""id"": 152856}",membership_type,MEMBER,member,MEMBER,member,False,
value_mismatch,club_memberships,"{""id"": 153093}",membership_type,Member,member,Member,member,False,
value_mismatch,club_memberships,"{""id"": 153184}",membership_type,,secondary,,secondary,False,
value_mismatch,club_memberships,"{""id"": 153293}",membership_type,,member,,member,False,
value_mismatch,club_memberships,"{""id"": 154042}",membership_type,,member,,member,False,
value_mismatch,club_memberships,"{""id"": 154444}",membership_type,MEMBER,member,MEMBER,member,False,
value_mismatch,club_memberships,"{""id"": 154990}",membership_type,,member,,member,False,
value_mismatch,club_memberships,"{""id"": 155358}",membership_type,,member,,member,False,
value_mismatch,club_memberships,"{""id"": 155583}",membership_type,,member,,member,False,
value_mismatch,club_memberships,"{""id"": 155634}",membership_type,MEMBER,member,MEMBER,member,False,
value_mismatch,club_memberships,"{""id"": 155676}",membership_type,,member,,member,False,
value_mismatch,club_memberships,"{""id"": 156292}",membership_type,,secondary,,secondary,False,
value_mismatch,club_memberships,"{""id"": 156379}",membership_type,Member,member,Member,member,False,
value_mismatch,club_memberships,"{""id"": 157181}",membership_type,MEMBER,member,MEMBER,member,False,
value_mismatch,club_memberships,"{""id"": 157285}",membership_type,,member,,member,False,
value_mismatch,club_memberships,"{""id"": 157298}",membership_type,,member,,member,False,
value_mismatch,club_memberships,"{""id"": 157525}",membership_type,,member,,member,False,
value_mismatch,club_memberships,"{""id"": 157851}",membership_type,,member,,member,False,
value_mismatch,club_memberships,"{""id"": 158074}",membership_type,,member,,member,False,
value_mismatch,club_memberships,"{""id"": 158252}",membership_type,Member,member,Member,member,False,
value_mismatch,club_memberships,"{""id"": 158325}",membership_type,,member,,member,False,
value_mismatch,club_memberships,"{""id"": 159199}",membership_type,,member,,member,False,
value_mismatch,club_memberships,"{""id"": 159414}",membership_type,,member,,member,False,
value_mismatch,club_memberships,"{""id"": 159981}",membership_type,,member,,member,False,
value_mismatch,club_memberships,"{""id"": 160018}",membership_type,MEMBER,member,MEMBER,member,False,
value_mismatch,club_memberships,"{""id"": 160029}",membership_type,,member,,member,False,
value_mismatch,club_memberships,"{""id"": 160598}",membership_type,,member,,member,False,
value_mismatch,club_memberships,"{""id"": 160930}",membership_type,SECONDARY,secondary,SECONDARY,secondary,False,
value_mismatch,club_memberships,"{""id"": 161358}",membership_type,,member,,member,False,
value_mismatch,club_memberships,"{""id"": 161665}",membership_type,,member,,member,False,
value_mismatch,club_memberships,"{""id"": 161891}",membership_type,MEMBER,member,MEMBER,member,False,
value_mismatch,club_memberships,"{""id"": 161900}",membership_type,,member,,member,False,
value_mismatch,club_memberships,"{""id"": 161956}",membership_type,,member,,member,False,
value_mismatch,club_memberships,"{""id"": 161994}",membership_type,,member,,member,False,
value_mismatch,club_memberships,"{""id"": 162051}",membership_type,,member,,member,False,
value_mismatch,club_memberships,"{""id"": 162073}",membership_type,Member,member,Member,member,False,
value_mismatch,club_memberships,"{""id"": 162255}",membership_type,,member,,member,False,
value_mismatch,club_memberships,"{""id"": 162257}",membership_type,,member,,member,False,
value_mismatch,club_memberships,"{""id"": 162270}",membership_type,Member,member,Member,member,False,
value_mismatch,club_memberships,"{""id"": 162352}",membership_type,Member,member,Member,member,False,
value_mismatch,club_memberships,"{""id"": 162560}",membership_type,Member,member,Member,member,False,
value_mismatch,club_memberships,"{""id"": 162688}",membership_type,,member,,member,False,
value_mismatch,club_memberships,"{""id"": 162711}",membership_type,Secondary,secondary,Secondary,secondary,False,
value_mismatch,club_memberships,"{""id"": 162790}",membership_type,SECONDARY,secondary,SECONDARY,secondary,False,
value_mismatch,club_memberships,"{""id"": 163028}",membership_type,,member,,member,False,
value_mismatch,club_memberships,"{""id"": 163050}",membership_type,,member,,member,False,
value_mismatch,club_memberships,"{""id"": 163063}",membership_type,Member,member,Member,member,False,
value_mismatch,club_memberships,"{""id"": 163118}",membership_type,,member,,member,False,
value_mismatch,club_memberships,"{""id"": 163307}",membership_type,,secondary,,secondary,False,
value_mismatch,club_memberships,"{""id"": 163474}",membership_type,,member,,member,False,
value_mismatch,club_memberships,"{""id"": 163515}",membership_type,Member,member,Member,member,False,
value_mismatch,club_memberships,"{""id"": 163660}",membership_type,,member,,member,False,
value_mismatch,club_memberships,"{""id"": 164140}",membership_type,,member,,member,False,
value_mismatch,club_memberships,"{""id"": 164300}",membership_type,,member,,member,False,
value_mismatch,club_memberships,"{""id"": 164796}",membership_type,,member,,member,False,
value_mismatch,club_memberships,"{""id"": 164811}",membership_type,,member,,member,False,
value_mismatch,club_memberships,"{""id"": 165024}",membership_type,,member,,member,False,
value_mismatch,club_memberships,"{""id"": 165135}",membership_type,Member,member,Member,member,False,
value_mismatch,club_memberships,"{""id"": 165393}",membership_type,Member,member,Member,member,False,
value_mismatch,club_memberships,"{""id"": 165666}",membership_type,MEMBER,member,MEMBER,member,False,
value_mismatch,club_memberships,"{""id"": 165704}",membership_type,,member,,member,False,
value_mismatch,club_memberships,"{""id"": 166148}",membership_type,,member,,member,False,
value_mismatch,club_memberships,"{""id"": 166733}",membership_type,SECONDARY,secondary,SECONDARY,secondary,False,
value_mismatch,club_memberships,"{""id"": 166871}",membership_type,Member,member,Member,member,False,
value_mismatch,club_memberships,"{""id"": 167048}",membership_type,,member,,member,False,
value_mismatch,club_memberships,"{""id"": 167228}",membership_type,Secondary,secondary,Secondary,secondary,False,
value_mismatch,club_memberships,"{""id"": 167252}",membership_type,,member,,member,False,
value_mismatch,club_memberships,"{""id"": 167267}",membership_type,,member,,member,False,
value_mismatch,club_memberships,"{""id"": 167398}",membership_type,,member,,member,False,
value_mismatch,club_memberships,"{""id"": 167546}",membership_type,Member,member,Member,member,False,
value_mismatch,club_memberships,"{""id"": 167592}",membership_type,,member,,member,False,
value_mismatch,club_memberships,"{""id"": 167605}",membership_type,,member,,member,False,
value_mismatch,club_memberships,"{""id"": 167880}",membership_type,Member,member,Member,member,False,
value_mismatch,club_memberships,"{""id"": 168598}",membership_type,,secondary,,secondary,False,
value_mismatch,club_memberships,"{""id"": 168668}",membership_type,,member,,member,False,
value_mismatch,club_memberships,"{""id"": 168870}",membership_type,MEMBER,member,MEMBER,member,False,
value_mismatch,club_memberships,"{""id"": 169205}",membership_type,,member,,member,False,
value_mismatch,club_memberships,"{""id"": 169410}",membership_type,,member,,member,False,
value_mismatch,club_memberships,"{""id"": 169782}",membership_type,,member,,member,False,
value_mismatch,club_memberships,"{""id"": 169920}",membership_type,SECONDARY,secondary,SECONDARY,secondary,False,
value_mismatch,club_memberships,"{""id"": 170108}",membership_type,,member,,member,False,
value_mismatch,club_memberships,"{""id"": 170253}",membership_type,,member,,member,False,
value_mismatch,club_memberships,"{""id"": 170337}",membership_type,,member,,member,False,
value_mismatch,club_memberships,"{""id"": 170421}",membership_type,Member,member,Member,member,False,
value_mismatch,club_memberships,"{""id"": 170480}",membership_type,Member,member,Member,member,False,
value_mismatch,club_memberships,"{""id"": 170537}",membership_type,MEMBER,member,MEMBER,member,False,
value_mismatch,club_memberships,"{""id"": 170604}",membership_type,Member,member,Member,member,False,
value_mismatch,club_memberships,"{""id"": 170641}",membership_type,,member,,member,False,
value_mismatch,club_memberships,"{""id"": 170869}",membership_type,Member,member,Member,member,False,
value_mismatch,club_memberships,"{""id"": 170872}",membership_type,,member,,member,False,
value_mismatch,club_memberships,"{""id"": 171087}",membership_type,Member,member,Member,member,False,
value_mismatch,club_memberships,"{""id"": 171270}",membership_type,,member,,member,False,
value_mismatch,club_memberships,"{""id"": 171603}",membership_type,,member,,member,False,
value_mismatch,club_memberships,"{""id"": 171783}",membership_type,Member,member,Member,member,False,
value_mismatch,club_memberships,"{""id"": 172154}",membership_type,MEMBER,member,MEMBER,member,False,
value_mismatch,club_memberships,"{""id"": 172234}",membership_type,Member,member,Member,member,False,
value_mismatch,club_memberships,"{""id"": 172281}",membership_type,,secondary,,secondary,False,
value_mismatch,club_memberships,"{""id"": 172427}",membership_type,,member,,member,False,
value_mismatch,club_memberships,"{""id"": 172483}",membership_type,,member,,member,False,
value_mismatch,club_memberships,"{""id"": 173035}",membership_type,,member,,member,False,
value_mismatch,club_memberships,"{""id"": 173126}",membership_type,MEMBER,member,MEMBER,member,False,
value_mismatch,club_memberships,"{""id"": 173167}",membership_type,,member,,member,False,
value_mismatch,club_memberships,"{""id"": 173396}",membership_type,Member,member,Member,member,False,
value_mismatch,club_memberships,"{""id"": 173489}",membership_type,,member,,member,False,
value_mismatch,club_memberships,"{""id"": 173845}",membership_type,MEMBER,member,MEMBER,member,False,
value_mismatch,club_memberships,"{""id"": 174176}",membership_type,,member,,member,False,
value_mismatch,club_memberships,"{""id"": 174274}",membership_type,,member,,member,False,
value_mismatch,club_memberships,"{""id"": 174880}",membership_type,MEMBER,member,MEMBER,member,False,
value_mismatch,club_memberships,"{""id"": 174909}",membership_type,Member,member,Member,member,False,
value_mismatch,club_memberships,"{""id"": 175371}",membership_type,,member,,member,False,
value_mismatch,club_memberships,"{""id"": 176014}",membership_type,MEMBER,member,MEMBER,member,False,
value_mismatch,club_memberships,"{""id"": 176061}",membership_type,,member,,member,False,
value_mismatch,club_memberships,"{""id"": 176596}",membership_type,SECONDARY,secondary,SECONDARY,secondary,False,
value_mismatch,club_memberships,"{""id"": 176727}",membership_type,,member,,member,False,
value_mismatch,club_memberships,"{""id"": 176907}",membership_type,,member,,member,False,
value_mismatch,club_memberships,"{""id"": 177318}",membership_type,Member,member,Member,member,False,
value_mismatch,club_memberships,"{""id"": 177372}",membership_type,,member,,member,False,
value_mismatch,club_memberships,"{""id"": 177558}",membership_type,MEMBER,member,MEMBER,member,False,
value_mismatch,club_memberships,"{""id"": 178520}",membership_type,MEMBER,member,MEMBER,member,False,
value_mismatch,club_memberships,"{""id"": 178692}",membership_type,MEMBER,member,MEMBER,member,False,
value_mismatch,club_memberships,"{""id"": 178726}",membership_type,,member,,member,False,
value_mismatch,club_memberships,"{""id"": 178837}",membership_type,,member,,member,False,
value_mismatch,club_memberships,"{""id"": 179117}",membership_type,Member,member,Member,member,False,
value_mismatch,club_memberships,"{""id"": 179198}",membership_type,Member,member,Member,member,False,
value_mismatch,club_memberships,"{""id"": 179936}",membership_type,MEMBER,member,MEMBER,member,False,
value_mismatch,club_memberships,"{""id"": 180266}",membership_type,Member,member,Member,member,False,
value_mismatch,club_memberships,"{""id"": 180685}",membership_type,Member,member,Member,member,False,
value_mismatch,club_memberships,"{""id"": 180760}",membership_type,,member,,member,False,
value_mismatch,club_memberships,"{""id"": 180884}",membership_type,,member,,member,False,
value_mismatch,club_memberships,"{""id"": 181346}",membership_type,,member,,member,False,
value_mismatch,club_memberships,"{""id"": 181631}",membership_type,MEMBER,member,MEMBER,member,False,
value_mismatch,club_memberships,"{""id"": 181786}",membership_type,MEMBER,member,MEMBER,member,False,
value_mismatch,club_memberships,"{""id"": 182004}",membership_type,Member,member,Member,member,False,
value_mismatch,club_memberships,"{""id"": 182157}",membership_type,,member,,member,False,
value_mismatch,club_memberships,"{""id"": 182324}",membership_type,Member,member,Member,member,False,
value_mismatch,club_memberships,"{""id"": 182395}",membership_type,MEMBER,member,MEMBER,member,False,
value_mismatch,club_memberships,"{""id"": 182411}",membership_type,Member,member,Member,member,False,
value_mismatch,club_memberships,"{""id"": 182750}",membership_type,,member,,member,False,
value_mismatch,club_memberships,"{""id"": 182848}",membership_type,,member,,member,False,
value_mismatch,club_memberships,"{""id"": 183479}",membership_type,Member,member,Member,member,False,
value_mismatch,club_memberships,"{""id"": 183548}",membership_type,,member,,member,False,
value_mismatch,club_memberships,"{""id"": 183965}",membership_type,,member,,member,False,
value_mismatch,club_memberships,"{""id"": 184061}",membership_type,,member,,member,False,
value_mismatch,club_memberships,"{""id"": 184538}",membership_type,MEMBER,member,MEMBER,member,False,
value_mismatch,club_memberships,"{""id"": 184729}",membership_type,MEMBER,member,MEMBER,member,False,
value_mismatch,club_memberships,"{""id"": 185711}",membership_type,,member,,member,False,
value_mismatch,club_memberships,"{""id"": 185736}",membership_type,,member,,member,False,
value_mismatch,club_memberships,"{""id"": 185805}",membership_type,,member,,member,False,
value_mismatch,club_memberships,"{""id"": 185812}",membership_type,,member,,member,False,
value_mismatch,club_memberships,"{""id"": 186093}",membership_type,,member,,member,False,
value_mismatch,club_memberships,"{""id"": 186130}",membership_type,MEMBER,member,MEMBER,member,False,
value_mismatch,club_memberships,"{""id"": 186517}",membership_type,MEMBER,member,MEMBER,member,False,
value_mismatch,club_memberships,"{""id"": 187271}",membership_type,,member,,member,False,
value_mismatch,club_memberships,"{""id"": 187312}",membership_type,Member,member,Member,member,False,
value_mismatch,club_memberships,"{""id"": 187386}",membership_type,MEMBER,member,MEMBER,member,False,
value_mismatch,club_memberships,"{""id"": 187402}",membership_type,Member,member,Member,member,False,
value_mismatch,club_memberships,"{""id"": 187771}",membership_type,,member,,member,False,
value_mismatch,club_memberships,"{""id"": 187965}",membership_type,MEMBER,member,MEMBER,member,False,
value_mismatch,club_memberships,"{""id"": 188089}",membership_type,,member,,member,False,
value_mismatch,club_memberships,"{""id"": 188203}",membership_type,,member,,member,False,
value_mismatch,club_memberships,"{""id"": 188410}",membership_type,MEMBER,member,MEMBER,member,False,
value_mismatch,club_memberships,"{""id"": 188528}",membership_type,MEMBER,member,MEMBER,member,False,
value_mismatch,club_memberships,"{""id"": 188903}",membership_type,Member,member,Member,member,False,
value_mismatch,club_memberships,"{""id"": 188984}",membership_type,MEMBER,member,MEMBER,member,False,
value_mismatch,club_memberships,"{""id"": 189010}",membership_type,,member,,member,False,
value_mismatch,club_memberships,"{""id"": 189144}",membership_type,Secondary,secondary,Secondary,secondary,False,
value_mismatch,club_memberships,"{""id"": 189243}",membership_type,,member,,member,False,
value_mismatch,club_memberships,"{""id"": 189365}",membership_type,,member,,member,False,
value_mismatch,club_memberships,"{""id"": 189382}",membership_type,MEMBER,member,MEMBER,member,False,
value_mismatch,club_memberships,"{""id"": 189510}",membership_type,,member,,member,False,
value_mismatch,club_memberships,"{""id"": 189702}",membership_type,,secondary,,secondary,False,
value_mismatch,club_memberships,"{""id"": 189725}",membership_type,,secondary,,secondary,False,
value_mismatch,club_memberships,"{""id"": 189793}",membership_type,Member,member,Member,member,False,
value_mismatch,club_memberships,"{""id"": 189960}",membership_type,Member,member,Member,member,False,
value_mismatch,club_memberships,"{""id"": 189987}",membership_type,,secondary,,secondary,False,
value_mismatch,club_memberships,"{""id"": 190328}",membership_type,,member,,member,False,
value_mismatch,club_memberships,"{""id"": 191076}",membership_type,Member,member,Member,member,False,
value_mismatch,club_memberships,"{""id"": 191392}",membership_type,Member,member,Member,member,False,
value_mismatch,club_memberships,"{""id"": 191469}",membership_type,MEMBER,member,MEMBER,member,False,
value_mismatch,club_memberships,"{""id"": 191798}",membership_type,,member,,member,False,
value_mismatch,club_memberships,"{""id"": 191913}",membership_type,,member,,member,False,
value_mismatch,club_memberships,"{""id"": 191998}",membership_type,,member,,member,False,
value_mismatch,club_memberships,"{""id"": 192064}",membership_type,,secondary,,secondary,False,
value_mismatch,club_memberships,"{""id"": 192450}",membership_type,,member,,member,False,
value_mismatch,club_memberships,"{""id"": 192559}",membership_type,,member,,member,False,
value_mismatch,club_memberships,"{""id"": 192787}",membership_type,MEMBER,member,MEMBER,member,False,
value_mismatch,club_memberships,"{""id"": 192915}",membership_type,Member,member,Member,member,False,
value_mismatch,club_memberships,"{""id"": 193291}",membership_type,,member,,member,False,
value_mismatch,club_memberships,"{""id"": 193655}",membership_type,Member,member,Member,member,False,
value_mismatch,club_memberships,"{""id"": 193669}",membership_type,MEMBER,member,MEMBER,member,False,
value_mismatch,club_memberships,"{""id"": 193830}",membership_type,MEMBER,member,MEMBER,member,False,
value_mismatch,club_memberships,"{""id"": 193886}",membership_type,,member,,member,False,
value_mismatch,club_memberships,"{""id"": 193917}",membership_type,Member,member,Member,member,False,
value_mismatch,club_memberships,"{""id"": 194442}",membership_type,MEMBER,member,MEMBER,member,False,
value_mismatch,club_memberships,"{""id"": 194455}",membership_type,Member,member,Member,member,False,
value_mismatch,club_memberships,"{""id"": 194627}",membership_type,,member,,member,False,
value_mismatch,club_memberships,"{""id"": 194638}",membership_type,MEMBER,member,MEMBER,member,False,
value_mismatch,club_memberships,"{""id"": 194662}",membership_type,,member,,member,False,
value_mismatch,club_memberships,"{""id"": 194712}",membership_type,,member,,member,False,
value_mismatch,club_memberships,"{""id"": 194725}",membership_type,,member,,member,False,
value_mismatch,club_memberships,"{""id"": 194738}",membership_type,,member,,member,False,
value_mismatch,club_memberships,"{""id"": 195456}",membership_type,,member,,member,False,
value_mismatch,club_memberships,"{""id"": 195469}",membership_type,,member,,member,False,
value_mismatch,club_memberships,"{""id"": 195611}",membership_type,,member,,member,False,
value_mismatch,club_memberships,"{""id"": 195628}",membership_type,,member,,member,False,
value_mismatch,club_memberships,"{""id"": 195780}",membership_type,Member,member,Member,member,False,
value_mismatch,club_memberships,"{""id"": 195916}",membership_type,,member,,member,False,
value_mismatch,club_memberships,"{""id"": 195972}",membership_type,,member,,member,False,
value_mismatch,club_memberships,"{""id"": 196026}",membership_type,,member,,member,False,
value_mismatch,club_memberships,"{""id"": 196098}",membership_type,,member,,member,False,
value_mismatch,club_memberships,"{""id"": 196208}",membership_type,,member,,member,False,
value_mismatch,club_memberships,"{""id"": 196210}",membership_type,,member,,member,False,
value_mismatch,club_memberships,"{""id"": 196834}",membership_type,Member,member,Member,member,False,
value_mismatch,club_memberships,"{""id"": 197432}",membership_type,,member,,member,False,
value_mismatch,club_memberships,"{""id"": 197598}",membership_type,Member,member,Member,member,False,
value_mismatch,club_memberships,"{""id"": 197731}",membership_type,MEMBER,member,MEMBER,member,False,
value_mismatch,club_memberships,"{""id"": 197853}",membership_type,MEMBER,member,MEMBER,member,False,
value_mismatch,club_memberships,"{""id"": 197861}",membership_type,,member,,member,False,
value_mismatch,club_memberships,"{""id"": 197940}",membership_type,,member,,member,False,
value_mismatch,club_memberships,"{""id"": 198494}",membership_type,Member,member,Member,member,False,
value_mismatch,club_memberships,"{""id"": 198520}",membership_type,,member,,member,False,
value_mismatch,club_memberships,"{""id"": 198524}",membership_type,,member,,member,False,
value_mismatch,club_memberships,"{""id"": 198969}",membership_type,Member,member,Member,member,False,
value_mismatch,club_memberships,"{""id"": 199213}",membership_type,MEMBER,member,MEMBER,member,False,
value_mismatch,club_memberships,"{""id"": 199448}",membership_type,,member,,member,False,
value_mismatch,club_memberships,"{""id"": 199650}",membership_type,,member,,member,False,
value_mismatch,club_memberships,"{""id"": 199737}",membership_type,,secondary,,secondary,False,
value_mismatch,club_memberships,"{""id"": 199966}",membership_type,Member,member,Member,member,False,
value_mismatch,club_memberships,"{""id"": 200342}",membership_type,,member,,member,False,
value_mismatch,club_memberships,"{""id"": 200475}",membership_type,,member,,member,False,
value_mismatch,club_memberships,"{""id"": 200576}",membership_type,MEMBER,member,MEMBER,member,False,
value_mismatch,club_memberships,"{""id"": 200851}",membership_type,,member,,member,False,
value_mismatch,club_memberships,"{""id"": 200861}",membership_type,,member,,member,False,
value_mismatch,club_memberships,"{""id"": 200944}",membership_type,MEMBER,member,MEMBER,member,False,
value_mismatch,club_memberships,"{""id"": 201191}",membership_type,MEMBER,member,MEMBER,member,False,
value_mismatch,club_memberships,"{""id"": 201229}",membership_type,MEMBER,member,MEMBER,member,False,
value_mismatch,club_memberships,"{""id"": 201419}",membership_type,,member,,member,False,
value_mismatch,club_memberships,"{""id"": 201827}",membership_type,Member,member,Member,member,False,
value_mismatch,club_memberships,"{""id"": 202218}",membership_type,,member,,member,False,
value_mismatch,club_memberships,"{""id"": 202665}",membership_type,,member,,member,False,
value_mismatch,club_memberships,"{""id"": 202755}",membership_type,,secondary,,secondary,False,
value_mismatch,club_memberships,"{""id"": 202916}",membership_type,,member,,member,False,
value_mismatch,club_memberships,"{""id"": 203388}",membership_type,,member,,member,False,
value_mismatch,club_memberships,"{""id"": 203396}",membership_type,,member,,member,False,
value_mismatch,club_memberships,"{""id"": 203430}",membership_type,,member,,member,False,
value_mismatch,club_memberships,"{""id"": 204123}",membership_type,,member,,member,False,
value_mismatch,club_memberships,"{""id"": 204167}",membership_type,MEMBER,member,MEMBER,member,False,
value_mismatch,club_memberships,"{""id"": 204225}",membership_type,,member,,member,False,
value_mismatch,club_memberships,"{""id"": 204266}",membership_type,,member,,member,False,
value_mismatch,club_memberships,"{""id"": 204316}",membership_type,Member,member,Member,member,False,
value_mismatch,club_memberships,"{""id"": 204401}",membership_type,,member,,member,False,
value_mismatch,club_memberships,"{""id"": 204431}",membership_type,,member,,member,False,
value_mismatch,club_memberships,"{""id"": 204496}",membership_type,Member,member,Member,member,False,
value_mismatch,club_memberships,"{""id"": 204651}",membership_type,MEMBER,member,MEMBER,member,False,
value_mismatch,club_memberships,"{""id"": 204722}",membership_type,Member,member,Member,member,False,
value_mismatch,club_memberships,"{""id"": 204771}",membership_type,,member,,member,False,
value_mismatch,club_memberships,"{""id"": 205283}",membership_type,,secondary,,secondary,False,
value_mismatch,club_memberships,"{""id"": 205400}",membership_type,,secondary,,secondary,False,
value_mismatch,club_memberships,"{""id"": 205595}",membership_type,,member,,member,False,
value_mismatch,club_memberships,"{""id"": 205765}",membership_type,MEMBER,member,MEMBER,member,False,
value_mismatch,club_memberships,"{""id"": 205817}",membership_type,,member,,member,False,
value_mismatch,club_memberships,"{""id"": 205843}",membership_type,Member,member,Member,member,False,
value_mismatch,club_memberships,"{""id"": 205848}",membership_type,,member,,member,False,
value_mismatch,club_memberships,"{""id"": 206805}",membership_type,Member,member,Member,member,False,
value_mismatch,club_memberships,"{""id"": 206824}",membership_type,,secondary,,secondary,False,
value_mismatch,club_memberships,"{""id"": 206902}",membership_type,,member,,member,False,
value_mismatch,club_memberships,"{""id"": 206903}",membership_type,,member,,member,False,
value_mismatch,club_memberships,"{""id"": 206952}",membership_type,,member,,member,False,
value_mismatch,club_memberships,"{""id"": 206985}",membership_type,,member,,member,False,
value_mismatch,club_memberships,"{""id"": 207517}",membership_type,MEMBER,member,MEMBER,member,False,
value_mismatch,club_memberships,"{""id"": 207521}",membership_type,,member,,member,False,
value_mismatch,club_memberships,"{""id"": 207908}",membership_type,,member,,member,False,
value_mismatch,club_memberships,"{""id"": 207993}",membership_type,,member,,member,False,
value_mismatch,club_memberships,"{""id"": 208304}",membership_type,,member,,member,False,
value_mismatch,club_memberships,"{""id"": 208327}",membership_type,MEMBER,member,MEMBER,member,False,
value_mismatch,club_memberships,"{""id"": 208516}",membership_type,Member,member,Member,member,False,
value_mismatch,club_memberships,"{""id"": 208640}",membership_type,,member,,member,False,
value_mismatch,club_memberships,"{""id"": 208833}",membership_type,,member,,member,False,
value_mismatch,club_memberships,"{""id"": 209029}",membership_type,Member,member,Member,member,False,
value_mismatch,club_memberships,"{""id"": 209226}",membership_type,Member,member,Member,member,False,
value_mismatch,club_memberships,"{""id"": 209702}",membership_type,,member,,member,False,
value_mismatch,club_memberships,"{""id"": 209729}",membership_type,,member,,member,False,
value_mismatch,club_memberships,"{""id"": 209866}",membership_type,Member,member,Member,member,False,
value_mismatch,club_memberships,"{""id"": 210008}",membership_type,MEMBER,member,MEMBER,member,False,
value_mismatch,club_memberships,"{""id"": 210163}",membership_type,,member,,member,False,
value_mismatch,club_memberships,"{""id"": 210189}",membership_type,Member,member,Member,member,False,
value_mismatch,club_memberships,"{""id"": 210310}",membership_type,,member,,member,False,
value_mismatch,club_memberships,"{""id"": 210825}",membership_type,,member,,member,False,
value_mismatch,club_memberships,"{""id"": 211040}",membership_type,Member,member,Member,member,False,
value_mismatch,club_memberships,"{""id"": 211188}",membership_type,MEMBER,member,MEMBER,member,False,
value_mismatch,club_memberships,"{""id"": 211449}",membership_type,,member,,member,False,
value_mismatch,club_memberships,"{""id"": 211560}",membership_type,,member,,member,False,
value_mismatch,club_memberships,"{""id"": 211932}",membership_type,MEMBER,member,MEMBER,member,False,
value_mismatch,club_memberships,"{""id"": 212435}",membership_type,Member,member,Member,member,False,
value_mismatch,club_memberships,"{""id"": 212501}",membership_type,SECONDARY,secondary,SECONDARY,secondary,False,
value_mismatch,club_memberships,"{""id"": 212608}",membership_type,,member,,member,False,
value_mismatch,club_memberships,"{""id"": 212644}",membership_type,MEMBER,member,MEMBER,member,False,
value_mismatch,club_memberships,"{""id"": 212713}",membership_type,MEMBER,member,MEMBER,member,False,
value_mismatch,club_memberships,"{""id"": 213042}",membership_type,Member,member,Member,member,False,
value_mismatch,club_memberships,"{""id"": 213791}",membership_type,Member,member,Member,member,False,
value_mismatch,club_memberships,"{""id"": 214155}",membership_type,Member,member,Member,member,False,
value_mismatch,club_memberships,"{""id"": 214183}",membership_type,MEMBER,member,MEMBER,member,False,
value_mismatch,club_memberships,"{""id"": 214207}",membership_type,,member,,member,False,
value_mismatch,club_memberships,"{""id"": 214671}",membership_type,MEMBER,member,MEMBER,member,False,
value_mismatch,club_memberships,"{""id"": 214900}",membership_type,Member,member,Member,member,False,
value_mismatch,club_memberships,"{""id"": 214924}",membership_type,,member,,member,False,
value_mismatch,club_memberships,"{""id"": 215208}",membership_type,,member,,member,False,
value_mismatch,club_memberships,"{""id"": 215543}",membership_type,Member,member,Member,member,False,
value_mismatch,club_memberships,"{""id"": 215555}",membership_type,MEMBER,member,MEMBER,member,False,
value_mismatch,club_memberships,"{""id"": 215595}",membership_type,,member,,member,False,
value_mismatch,club_memberships,"{""id"": 215720}",membership_type,,member,,member,False,
value_mismatch,club_memberships,"{""id"": 216044}",membership_type,,member,,member,False,
value_mismatch,club_memberships,"{""id"": 216288}",membership_type,,member,,member,False,
value_mismatch,club_memberships,"{""id"": 216439}",membership_type,MEMBER,member,MEMBER,member,False,
value_mismatch,club_memberships,"{""id"": 216491}",membership_type,,member,,member,False,
value_mismatch,club_memberships,"{""id"": 216675}",membership_type,,member,,member,False,
value_mismatch,club_memberships,"{""id"": 216811}",membership_type,,member,,member,False,
value_mismatch,club_memberships,"{""id"": 216824}",membership_type,,member,,member,False,
value_mismatch,club_memberships,"{""id"": 217128}",membership_type,,member,,member,False,
value_mismatch,club_memberships,"{""id"": 217164}",membership_type,,member,,member,False,
value_mismatch,club_memberships,"{""id"": 217280}",membership_type,,member,,member,False,
value_mismatch,club_memberships,"{""id"": 217868}",membership_type,Member,member,Member,member,False,
value_mismatch,club_memberships,"{""id"": 218053}",membership_type,Secondary,secondary,Secondary,secondary,False,
value_mismatch,club_memberships,"{""id"": 218226}",membership_type,MEMBER,member,MEMBER,member,False,
value_mismatch,club_memberships,"{""id"": 218607}",membership_type,,member,,member,False,
value_mismatch,club_memberships,"{""id"": 218623}",membership_type,,member,,member,False,
value_mismatch,club_memberships,"{""id"": 218787}",membership_type,,member,,member,False,
value_mismatch,club_memberships,"{""id"": 219326}",membership_type,,member,,member,False,
value_mismatch,club_memberships,"{""id"": 219737}",membership_type,,member,,member,False,
value_mismatch,club_memberships,"{""id"": 219801}",membership_type,Member,member,Member,member,False,
value_mismatch,club_memberships,"{""id"": 220175}",membership_type,,member,,member,False,
value_mismatch,club_memberships,"{""id"": 220371}",membership_type,Member,member,Member,member,False,
value_mismatch,club_memberships,"{""id"": 220505}",membership_type,,secondary,,secondary,False,
value_mismatch,club_memberships,"{""id"": 220573}",membership_type,Member,member,Member,member,False,
value_mismatch,club_memberships,"{""id"": 220616}",membership_type,MEMBER,member,MEMBER,member,False,
value_mismatch,club_memberships,"{""id"": 220936}",membership_type,,member,,member,False,
value_mismatch,club_memberships,"{""id"": 220988}",membership_type,,member,,member,False,
value_mismatch,club_memberships,"{""id"": 221188}",membership_type,MEMBER,member,MEMBER,member,False,
value_mismatch,club_memberships,"{""id"": 221214}",membership_type,,member,,member,False,
value_mismatch,club_memberships,"{""id"": 221378}",membership_type,,member,,member,False,
value_mismatch,club_memberships,"{""id"": 221667}",membership_type,,member,,member,False,
value_mismatch,club_memberships,"{""id"": 221898}",membership_type,,member,,member,False,
value_mismatch,club_memberships,"{""id"": 222030}",membership_type,,member,,member,False,
value_mismatch,club_memberships,"{""id"": 222088}",membership_type,,member,,member,False,
value_mismatch,club_memberships,"{""id"": 222125}",membership_type,,secondary,,secondary,False,
value_mismatch,club_memberships,"{""id"": 222394}",membership_type,Member,member,Member,member,False,
value_mismatch,club_memberships,"{""id"": 222426}",membership_type,,member,,member,False,
value_mismatch,club_memberships,"{""id"": 222579}",membership_type,,member,,member,False,
value_mismatch,club_memberships,"{""id"": 222624}",membership_type,MEMBER,member,MEMBER,member,False,
value_mismatch,club_memberships,"{""id"": 222688}",membership_type,,member,,member,False,
value_mismatch,club_memberships,"{""id"": 223080}",membership_type,,member,,member,False,
value_mismatch,club_memberships,"{""id"": 223185}",membership_type,,member,,member,False,
value_mismatch,club_memberships,"{""id"": 223274}",membership_type,,member,,member,False,
value_mismatch,club_memberships,"{""id"": 223474}",membership_type,MEMBER,member,MEMBER,member,False,
value_mismatch,club_memberships,"{""id"": 223585}",membership_type,MEMBER,member,MEMBER,member,False,
value_mismatch,club_memberships,"{""id"": 223743}",membership_type,,member,,member,False,
value_mismatch,club_memberships,"{""id"": 224303}",membership_type,Member,member,Member,member,False,
value_mismatch,club_memberships,"{""id"": 224423}",membership_type,,member,,member,False,
value_mismatch,club_memberships,"{""id"": 224662}",membership_type,,member,,member,False,
value_mismatch,club_memberships,"{""id"": 224931}",membership_type,,member,,member,False,
value_mismatch,club_memberships,"{""id"": 224935}",membership_type,MEMBER,member,MEMBER,member,False,
value_mismatch,club_memberships,"{""id"": 224966}",membership_type,MEMBER,member,MEMBER,member,False,
value_mismatch,club_memberships,"{""id"": 225016}",membership_type,,member,,member,False,
value_mismatch,club_memberships,"{""id"": 225027}",membership_type,,member,,member,False,
value_mismatch,club_memberships,"{""id"": 225138}",membership_type,,member,,member,False,
value_mismatch,club_memberships,"{""id"": 225203}",membership_type,Member,member,Member,member,False,
value_mismatch,club_memberships,"{""id"": 225225}",membership_type,,member,,member,False,
value_mismatch,club_memberships,"{""id"": 225443}",membership_type,Member,member,Member,member,False,
value_mismatch,club_memberships,"{""id"": 225482}",membership_type,Member,member,Member,member,False,
value_mismatch,club_memberships,"{""id"": 225941}",membership_type,Member,member,Member,member,False,
value_mismatch,club_memberships,"{""id"": 226269}",membership_type,MEMBER,member,MEMBER,member,False,
value_mismatch,club_memberships,"{""id"": 226386}",membership_type,,member,,member,False,
value_mismatch,club_memberships,"{""id"": 226436}",membership_type,,member,,member,False,
value_mismatch,club_memberships,"{""id"": 226608}",membership_type,,member,,member,False,
value_mismatch,club_memberships,"{""id"": 227024}",membership_type,Member,member,Member,member,False,
value_mismatch,club_memberships,"{""id"": 227108}",membership_type,Member,member,Member,member,False,
value_mismatch,club_memberships,"{""id"": 227167}",membership_type,MEMBER,member,MEMBER,member,False,
value_mismatch,club_memberships,"{""id"": 227183}",membership_type,,member,,member,False,
value_mismatch,club_memberships,"{""id"": 227419}",membership_type,,member,,member,False,
value_mismatch,club_memberships,"{""id"": 227481}",membership_type,MEMBER,member,MEMBER,member,False,
value_mismatch,club_memberships,"{""id"": 227482}",membership_type,,member,,member,False,
value_mismatch,club_memberships,"{""id"": 227490}",membership_type,,member,,member,False,
value_mismatch,club_memberships,"{""id"": 227558}",membership_type,,member,,member,False,
value_mismatch,club_memberships,"{""id"": 227868}",membership_type,Member,member,Member,member,False,
value_mismatch,club_memberships,"{""id"": 228078}",membership_type,,member,,member,False,
value_mismatch,club_memberships,"{""id"": 228162}",membership_type,MEMBER,member,MEMBER,member,False,
value_mismatch,club_memberships,"{""id"": 228413}",membership_type,,member,,member,False,
value_mismatch,club_memberships,"{""id"": 228523}",membership_type,,member,,member,False,
value_mismatch,club_memberships,"{""id"": 228700}",membership_type,,member,,member,False,
value_mismatch,club_memberships,"{""id"": 228732}",membership_type,Member,member,Member,member,False,
value_mismatch,club_memberships,"{""id"": 229518}",membership_type,,member,,member,False,
value_mismatch,club_memberships,"{""id"": 229668}",membership_type,,member,,member,False,
value_mismatch,club_memberships,"{""id"": 229695}",membership_type,,member,,member,False,
value_mismatch,club_memberships,"{""id"": 229935}",membership_type,,member,,member,False,
value_mismatch,club_memberships,"{""id"": 230264}",membership_type,,member,,member,False,
value_mismatch,club_memberships,"{""id"": 230383}",membership_type,Member,member,Member,member,False,
value_mismatch,club_memberships,"{""id"": 230580}",membership_type,Member,member,Member,member,False,
value_mismatch,club_memberships,"{""id"": 230718}",membership_type,MEMBER,member,MEMBER,member,False,
value_mismatch,club_memberships,"{""id"": 231480}",membership_type,,secondary,,secondary,False,
value_mismatch,club_memberships,"{""id"": 231558}",membership_type,,member,,member,False,
value_mismatch,club_memberships,"{""id"": 231827}",membership_type,,member,,member,False,
value_mismatch,club_memberships,"{""id"": 231840}",membership_type,Secondary,secondary,Secondary,secondary,False,
value_mismatch,club_memberships,"{""id"": 232137}",membership_type,Member,member,Member,member,False,
value_mismatch,club_memberships,"{""id"": 232584}",membership_type,Member,member,Member,member,False,
value_mismatch,club_memberships,"{""id"": 232831}",membership_type,,member,,member,False,
value_mismatch,club_memberships,"{""id"": 232935}",membership_type,,member,,member,False,
value_mismatch,club_memberships,"{""id"": 233027}",membership_type,,member,,member,False,
value_mismatch,club_memberships,"{""id"": 233507}",membership_type,,secondary,,secondary,False,
value_mismatch,club_memberships,"{""id"": 233781}",membership_type,,secondary,,secondary,False,
value_mismatch,club_memberships,"{""id"": 234270}",membership_type,,member,,member,False,
value_mismatch,club_memberships,"{""id"": 234558}",membership_type,MEMBER,member,MEMBER,member,False,
value_mismatch,club_memberships,"{""id"": 234565}",membership_type,Member,member,Member,member,False,
value_mismatch,club_memberships,"{""id"": 234788}",membership_type,Member,member,Member,member,False,
value_mismatch,club_memberships,"{""id"": 234879}",membership_type,MEMBER,member,MEMBER,member,False,
value_mismatch,club_memberships,"{""id"": 235077}",membership_type,,member,,member,False,
value_mismatch,club_memberships,"{""id"": 235109}",membership_type,MEMBER,member,MEMBER,member,False,
value_mismatch,club_memberships,"{""id"": 235249}",membership_type,MEMBER,member,MEMBER,member,False,
value_mismatch,club_memberships,"{""id"": 235405}",membership_type,Member,member,Member,member,False,
value_mismatch,club_memberships,"{""id"": 235414}",membership_type,Member,member,Member,member,False,
value_mismatch,club_memberships,"{""id"": 235553}",membership_type,,member,,member,False,
value_mismatch,club_memberships,"{""id"": 236156}",membership_type,,member,,member,False,
value_mismatch,club_memberships,"{""id"": 236575}",membership_type,MEMBER,member,MEMBER,member,False,
value_mismatch,club_memberships,"{""id"": 237003}",membership_type,Member,member,Member,member,False,
value_mismatch,club_memberships,"{""id"": 237877}",membership_type,,member,,member,False,
value_mismatch,club_memberships,"{""id"": 237932}",membership_type,,member,,member,False,
value_mismatch,club_memberships,"{""id"": 237989}",membership_type,,member,,member,False,
value_mismatch,club_memberships,"{""id"": 238372}",membership_type,,member,,member,False,
value_mismatch,club_memberships,"{""id"": 238582}",membership_type,,member,,member,False,
value_mismatch,club_memberships,"{""id"": 238680}",membership_type,,member,,member,False,
value_mismatch,club_memberships,"{""id"": 238978}",membership_type,,member,,member,False,
value_mismatch,club_memberships,"{""id"": 239150}",membership_type,,secondary,,secondary,False,
value_mismatch,club_memberships,"{""id"": 239283}",membership_type,,member,,member,False,
value_mismatch,club_memberships,"{""id"": 239299}",membership_type,,member,,member,False,
value_mismatch,club_memberships,"{""id"": 239300}",membership_type,Member,member,Member,member,False,
value_mismatch,club_memberships,"{""id"": 239523}",membership_type,Member,member,Member,member,False,
value_mismatch,club_memberships,"{""id"": 239692}",membership_type,,member,,member,False,
value_mismatch,club_memberships,"{""id"": 239831}",membership_type,,member,,member,False,
value_mismatch,club_memberships,"{""id"": 239886}",membership_type,Member,member,Member,member,False,
value_mismatch,club_memberships,"{""id"": 240153}",membership_type,MEMBER,member,MEMBER,member,False,
value_mismatch,club_memberships,"{""id"": 240217}",membership_type,Member,member,Member,member,False,
value_mismatch,club_memberships,"{""id"": 240653}",membership_type,,member,,member,False,
value_mismatch,club_memberships,"{""id"": 240773}",membership_type,,member,,member,False,
value_mismatch,club_memberships,"{""id"": 240781}",membership_type,MEMBER,member,MEMBER,member,False,
value_mismatch,club_memberships,"{""id"": 241319}",membership_type,MEMBER,member,MEMBER,member,False,
value_mismatch,club_memberships,"{""id"": 241411}",membership_type,,member,,member,False,
value_mismatch,club_memberships,"{""id"": 241546}",membership_type,,member,,member,False,
value_mismatch,club_memberships,"{""id"": 241704}",membership_type,,member,,member,False,
value_mismatch,club_memberships,"{""id"": 241824}",membership_type,,member,,member,False,
value_mismatch,club_memberships,"{""id"": 242041}",membership_type,,member,,member,False,
value_mismatch,club_memberships,"{""id"": 242171}",membership_type,,member,,member,False,
value_mismatch,club_memberships,"{""id"": 242307}",membership_type,Member,member,Member,member,False,
value_mismatch,club_memberships,"{""id"": 242499}",membership_type,,member,,member,False,
value_mismatch,club_memberships,"{""id"": 243361}",membership_type,,member,,member,False,
value_mismatch,club_memberships,"{""id"": 243541}",membership_type,,member,,member,False,
value_mismatch,club_memberships,"{""id"": 243557}",membership_type,MEMBER,member,MEMBER,member,False,
value_mismatch,club_memberships,"{""id"": 243918}",membership_type,Member,member,Member,member,False,
value_mismatch,club_memberships,"{""id"": 243928}",membership_type,Member,member,Member,member,False,
value_mismatch,club_memberships,"{""id"": 243949}",membership_type,,member,,member,False,
value_mismatch,club_memberships,"{""id"": 243967}",membership_type,,secondary,,secondary,False,
value_mismatch,club_memberships,"{""id"": 244208}",membership_type,,member,,member,False,
value_mismatch,club_memberships,"{""id"": 244228}",membership_type,,member,,member,False,
value_mismatch,club_memberships,"{""id"": 244810}",membership_type,,member,,member,False,
value_mismatch,club_memberships,"{""id"": 244983}",membership_type,,member,,member,False,
value_mismatch,club_memberships,"{""id"": 245393}",membership_type,MEMBER,member,MEMBER,member,False,
value_mismatch,club_memberships,"{""id"": 245468}",membership_type,MEMBER,member,MEMBER,member,False,
value_mismatch,club_memberships,"{""id"": 245544}",membership_type,,member,,member,False,
value_mismatch,club_memberships,"{""id"": 245952}",membership_type,,member,,member,False,
value_mismatch,club_memberships,"{""id"": 246012}",membership_type,,secondary,,secondary,False,
value_mismatch,club_memberships,"{""id"": 247095}",membership_type,,member,,member,False,
value_mismatch,club_memberships,"{""id"": 247263}",membership_type,,member,,member,False,
value_mismatch,club_memberships,"{""id"": 247283}",membership_type,,member,,member,False,
value_mismatch,club_memberships,"{""id"": 247409}",membership_type,Member,member,Member,member,False,
value_mismatch,club_memberships,"{""id"": 247519}",membership_type,,member,,member,False,
value_mismatch,club_memberships,"{""id"": 247583}",membership_type,Member,member,Member,member,False,
value_mismatch,club_memberships,"{""id"": 247747}",membership_type,,member,,member,False,
value_mismatch,club_memberships,"{""id"": 247880}",membership_type,,member,,member,False,
value_mismatch,club_memberships,"{""id"": 247928}",membership_type,,member,,member,False,
value_mismatch,club_memberships,"{""id"": 247953}",membership_type,,member,,member,False,
value_mismatch,club_memberships,"{""id"": 247966}",membership_type,Member,member,Member,member,False,
value_mismatch,club_memberships,"{""id"": 248183}",membership_type,,member,,member,False,
value_mismatch,club_memberships,"{""id"": 248445}",membership_type,,member,,member,False,
value_mismatch,club_memberships,"{""id"": 248459}",membership_type,,member,,member,False,
value_mismatch,club_memberships,"{""id"": 248869}",membership_type,,member,,member,False,
value_mismatch,club_memberships,"{""id"": 248974}",membership_type,Member,member,Member,member,False,
value_mismatch,club_memberships,"{""id"": 249827}",membership_type,,member,,member,False,
value_mismatch,club_memberships,"{""id"": 249974}",membership_type,,member,,member,False,
value_mismatch,club_memberships,"{""id"": 250090}",membership_type,Member,member,Member,member,False,
value_mismatch,club_memberships,"{""id"": 250146}",membership_type,,member,,member,False,
value_mismatch,club_memberships,"{""id"": 250230}",membership_type,,secondary,,secondary,False,
value_mismatch,club_memberships,"{""id"": 250739}",membership_type,SECONDARY,secondary,SECONDARY,secondary,False,
value_mismatch,club_memberships,"{""id"": 250761}",membership_type,Member,member,Member,member,False,
value_mismatch,club_memberships,"{""id"": 250996}",membership_type,Member,member,Member,member,False,
value_mismatch,club_memberships,"{""id"": 251922}",membership_type,Member,member,Member,member,False,
value_mismatch,club_memberships,"{""id"": 252246}",membership_type,,member,,member,False,
value_mismatch,club_memberships,"{""id"": 252984}",membership_type,,member,,member,False,
value_mismatch,club_memberships,"{""id"": 253443}",membership_type,,member,,member,False,
value_mismatch,club_memberships,"{""id"": 253598}",membership_type,,member,,member,False,
value_mismatch,club_memberships,"{""id"": 253889}",membership_type,MEMBER,member,MEMBER,member,False,
value_mismatch,club_memberships,"{""id"": 254065}",membership_type,,secondary,,secondary,False,
value_mismatch,club_memberships,"{""id"": 254066}",membership_type,,member,,member,False,
value_mismatch,club_memberships,"{""id"": 254083}",membership_type,Member,member,Member,member,False,
value_mismatch,club_memberships,"{""id"": 254605}",membership_type,,member,,member,False,
value_mismatch,club_memberships,"{""id"": 254672}",membership_type,,member,,member,False,
value_mismatch,club_memberships,"{""id"": 255116}",membership_type,,member,,member,False,
value_mismatch,club_memberships,"{""id"": 255238}",membership_type,Member,member,Member,member,False,
value_mismatch,club_memberships,"{""id"": 255493}",membership_type,,member,,member,False,
value_mismatch,club_memberships,"{""id"": 255928}",membership_type,,member,,member,False,
value_mismatch,club_memberships,"{""id"": 255947}",membership_type,,member,,member,False,
value_mismatch,club_memberships,"{""id"": 256021}",membership_type,,member,,member,False,
value_mismatch,club_memberships,"{""id"": 256149}",membership_type,,member,,member,False,
value_mismatch,club_memberships,"{""id"": 256192}",membership_type,Member,member,Member,member,False,
value_mismatch,club_memberships,"{""id"": 256299}",membership_type,Member,member,Member,member,False,
value_mismatch,club_memberships,"{""id"": 256495}",membership_type,MEMBER,member,MEMBER,member,False,
value_mismatch,club_memberships,"{""id"": 256610}",membership_type,,member,,member,False,
value_mismatch,club_memberships,"{""id"": 256644}",membership_type,,member,,member,False,
value_mismatch,club_memberships,"{""id"": 256656}",membership_type,,member,,member,False,
value_mismatch,club_memberships,"{""id"": 256694}",membership_type,Member,member,Member,member,False,
value_mismatch,club_memberships,"{""id"": 256963}",membership_type,Member,member,Member,member,False,
value_mismatch,club_memberships,"{""id"": 257229}",membership_type,,member,,member,False,
value_mismatch,club_memberships,"{""id"": 257238}",membership_type,,member,,member,False,
value_mismatch,club_memberships,"{""id"": 257607}",membership_type,Member,member,Member,member,False,
value_mismatch,club_memberships,"{""id"": 257724}",membership_type,MEMBER,member,MEMBER,member,False,
value_mismatch,club_memberships,"{""id"": 257775}",membership_type,Member,member,Member,member,False,
value_mismatch,club_memberships,"{""id"": 257918}",membership_type,MEMBER,member,MEMBER,member,False,
value_mismatch,club_memberships,"{""id"": 258051}",membership_type,,member,,member,False,
value_mismatch,club_memberships,"{""id"": 258506}",membership_type,MEMBER,member,MEMBER,member,False,
value_mismatch,club_memberships,"{""id"": 258665}",membership_type,,member,,member,False,
value_mismatch,club_memberships,"{""id"": 258941}",membership_type,MEMBER,member,MEMBER,member,False,
value_mismatch,club_memberships,"{""id"": 258950}",membership_type,,member,,member,False,
value_mismatch,club_memberships,"{""id"": 259184}",membership_type,Member,member,Member,member,False,
value_mismatch,club_memberships,"{""id"": 259250}",membership_type,,member,,member,False,
value_mismatch,club_memberships,"{""id"": 259318}",membership_type,Member,member,Member,member,False,
value_mismatch,club_memberships,"{""id"": 259435}",membership_type,Member,member,Member,member,False,
value_mismatch,club_memberships,"{""id"": 259823}",membership_type,,member,,member,False,
value_mismatch,club_memberships,"{""id"": 260161}",membership_type,,member,,member,False,
value_mismatch,club_memberships,"{""id"": 260360}",membership_type,Member,member,Member,member,False,
value_mismatch,club_memberships,"{""id"": 261010}",membership_type,MEMBER,member,MEMBER,member,False,
value_mismatch,club_memberships,"{""id"": 261066}",membership_type,,member,,member,False,
value_mismatch,club_memberships,"{""id"": 261203}",membership_type,,member,,member,False,
value_mismatch,club_memberships,"{""id"": 261339}",membership_type,,member,,member,False,
value_mismatch,club_memberships,"{""id"": 261471}",membership_type,Member,member,Member,member,False,
value_mismatch,club_memberships,"{""id"": 261861}",membership_type,,member,,member,False,
value_mismatch,club_memberships,"{""id"": 261977}",membership_type,,member,,member,False,
value_mismatch,club_memberships,"{""id"": 262185}",membership_type,,member,,member,False,
value_mismatch,club_memberships,"{""id"": 263034}",membership_type,,member,,member,False,
value_mismatch,club_memberships,"{""id"": 263187}",membership_type,,member,,member,False,
value_mismatch,club_memberships,"{""id"": 263253}",membership_type,Member,member,Member,member,False,
value_mismatch,club_memberships,"{""id"": 263756}",membership_type,,secondary,,secondary,False,
value_mismatch,club_memberships,"{""id"": 263883}",membership_type,Member,member,Member,member,False,
value_mismatch,club_memberships,"{""id"": 264212}",membership_type,Secondary,secondary,Secondary,secondary,False,
value_mismatch,club_memberships,"{""id"": 264268}",membership_type,,member,,member,False,
value_mismatch,club_memberships,"{""id"": 264552}",membership_type,,member,,member,False,
value_mismatch,club_memberships,"{""id"": 264707}",membership_type,,member,,member,False,
value_mismatch,club_memberships,"{""id"": 264804}",membership_type,,secondary,,secondary,False,
value_mismatch,club_memberships,"{""id"": 264811}",membership_type,,member,,member,False,
value_mismatch,club_memberships,"{""id"": 264957}",membership_type,,member,,member,False,
value_mismatch,club_memberships,"{""id"": 264986}",membership_type,Member,member,Member,member,False,
value_mismatch,club_memberships,"{""id"": 265148}",membership_type,,member,,member,False,
value_mismatch,club_memberships,"{""id"": 265457}",membership_type,,member,,member,False,
value_mismatch,club_memberships,"{""id"": 265734}",membership_type,,member,,member,False,
value_mismatch,club_memberships,"{""id"": 265873}",membership_type,MEMBER,member,MEMBER,member,False,
value_mismatch,club_memberships,"{""id"": 265889}",membership_type,,member,,member,False,
value_mismatch,club_memberships,"{""id"": 266048}",membership_type,Member,member,Member,member,False,
value_mismatch,club_memberships,"{""id"": 266239}",membership_type,,member,,member,False,
value_mismatch,club_memberships,"{""id"": 266461}",membership_type,,member,,member,False,
value_mismatch,club_memberships,"{""id"": 266504}",membership_type,,member,,member,False,
value_mismatch,club_memberships,"{""id"": 266528}",membership_type,Member,member,Member,member,False,
value_mismatch,club_memberships,"{""id"": 266697}",membership_type,,member,,member,False,
value_mismatch,club_memberships,"{""id"": 266891}",membership_type,MEMBER,member,MEMBER,member,False,
value_mismatch,club_memberships,"{""id"": 267088}",membership_type,MEMBER,member,MEMBER,member,False,
value_mismatch,club_memberships,"{""id"": 267216}",membership_type,MEMBER,member,MEMBER,member,False,
value_mismatch,club_memberships,"{""id"": 267228}",membership_type,MEMBER,member,MEMBER,member,False,
value_mismatch,club_memberships,"{""id"": 267756}",membership_type,,member,,member,False,
value_mismatch,club_memberships,"{""id"": 268028}",membership_type,MEMBER,member,MEMBER,member,False,
value_mismatch,club_memberships,"{""id"": 268038}",membership_type,Member,member,Member,member,False,
value_mismatch,club_memberships,"{""id"": 268230}",membership_type,Member,member,Member,member,False,
value_mismatch,club_memberships,"{""id"": 268243}",membership_type,Member,member,Member,member,False,
value_mismatch,club_memberships,"{""id"": 268577}",membership_type,Member,member,Member,member,False,
value_mismatch,club_memberships,"{""id"": 268740}",membership_type,,member,,member,False,
value_mismatch,club_memberships,"{""id"": 268767}",membership_type,,member,,member,False,
value_mismatch,club_memberships,"{""id"": 268829}",membership_type,,member,,member,False,
value_mismatch,club_memberships,"{""id"": 269070}",membership_type,Member,member,Member,member,False,
value_mismatch,club_memberships,"{""id"": 269630}",membership_type,MEMBER,member,MEMBER,member,False,
value_mismatch,club_memberships,"{""id"": 269830}",membership_type,,member,,member,False,
value_mismatch,club_memberships,"{""id"": 269849}",membership_type,,member,,member,False,
value_mismatch,club_memberships,"{""id"": 269959}",membership_type,Member,member,Member,member,False,
value_mismatch,club_memberships,"{""id"": 270098}",membership_type,MEMBER,member,MEMBER,member,False,
value_mismatch,club_memberships,"{""id"": 270117}",membership_type,,member,,member,False,
value_mismatch,club_memberships,"{""id"": 270223}",membership_type,,member,,member,False,
value_mismatch,club_memberships,"{""id"": 270260}",membership_type,MEMBER,member,MEMBER,member,False,
value_mismatch,club_memberships,"{""id"": 270310}",membership_type,,member,,member,False,
value_mismatch,club_memberships,"{""id"": 270324}",membership_type,Member,member,Member,member,False,
value_mismatch,club_memberships,"{""id"": 270367}",membership_type,Member,member,Member,member,False,
value_mismatch,club_memberships,"{""id"": 270600}",membership_type,,member,,member,False,
value_mismatch,club_memberships,"{""id"": 270664}",membership_type,,member,,member,False,
value_mismatch,club_memberships,"{""id"": 270849}",membership_type,,secondary,,secondary,False,
value_mismatch,club_memberships,"{""id"": 271404}",membership_type,,member,,member,False,
value_mismatch,club_memberships,"{""id"": 271706}",membership_type,,member,,member,False,
value_mismatch,club_memberships,"{""id"": 272130}",membership_type,,member,,member,False,
value_mismatch,club_memberships,"{""id"": 272504}",membership_type,,member,,member,False,
value_mismatch,club_memberships,"{""id"": 272669}",membership_type,MEMBER,member,MEMBER,member,False,
value_mismatch,club_memberships,"{""id"": 272842}",membership_type,Member,member,Member,member,False,
value_mismatch,club_memberships,"{""id"": 273156}",membership_type,,secondary,,secondary,False,
value_mismatch,club_memberships,"{""id"": 273494}",membership_type,Secondary,secondary,Secondary,secondary,False,
value_mismatch,club_memberships,"{""id"": 273543}",membership_type,,member,,member,False,
value_mismatch,club_memberships,"{""id"": 273663}",membership_type,,member,,member,False,
value_mismatch,club_memberships,"{""id"": 273865}",membership_type,,member,,member,False,
value_mismatch,club_memberships,"{""id"": 273959}",membership_type,,member,,member,False,
value_mismatch,club_memberships,"{""id"": 274023}",membership_type,,member,,member,False,
value_mismatch,club_memberships,"{""id"": 274110}",membership_type,,member,,member,False,
value_mismatch,club_memberships,"{""id"": 274732}",membership_type,SECONDARY,secondary,SECONDARY,secondary,False,
value_mismatch,club_memberships,"{""id"": 274808}",membership_type,,member,,member,False,
value_mismatch,club_memberships,"{""id"": 274849}",membership_type,,member,,member,False,
value_mismatch,club_memberships,"{""id"": 274869}",membership_type,,member,,member,False,
value_mismatch,club_memberships,"{""id"": 274892}",membership_type,,member,,member,False,
value_mismatch,club_memberships,"{""id"": 275164}",membership_type,MEMBER,member,MEMBER,member,False,
value_mismatch,club_memberships,"{""id"": 275180}",membership_type,,member,,member,False,
value_mismatch,club_memberships,"{""id"": 275345}",membership_type,,member,,member,False,
value_mismatch,club_memberships,"{""id"": 275438}",membership_type,,member,,member,False,
value_mismatch,club_memberships,"{""id"": 275523}",membership_type,Member,member,Member,member,False,
value_mismatch,club_memberships,"{""id"": 275828}",membership_type,,member,,member,False,
value_mismatch,club_memberships,"{""id"": 276015}",membership_type,,member,,member,False,
value_mismatch,club_memberships,"{""id"": 276204}",membership_type,,member,,member,False,
value_mismatch,club_memberships,"{""id"": 276236}",membership_type,,member,,member,False,
value_mismatch,club_memberships,"{""id"": 276395}",membership_type,,member,,member,False,
value_mismatch,club_memberships,"{""id"": 276584}",membership_type,MEMBER,member,MEMBER,member,False,
value_mismatch,club_memberships,"{""id"": 276702}",membership_type,,member,,member,False,
value_mismatch,club_memberships,"{""id"": 276768}",membership_type,Member,member,Member,member,False,
value_mismatch,club_memberships,"{""id"": 276890}",membership_type,,member,,member,False,
value_mismatch,club_memberships,"{""id"": 277372}",membership_type,Member,member,Member,member,False,
value_mismatch,club_memberships,"{""id"": 277518}",membership_type,,member,,member,False,
value_mismatch,club_memberships,"{""id"": 277611}",membership_type,MEMBER,member,MEMBER,member,False,
value_mismatch,club_memberships,"{""id"": 278009}",membership_type,,member,,member,False,
value_mismatch,club_memberships,"{""id"": 278220}",membership_type,,member,,member,False,
value_mismatch,club_memberships,"{""id"": 278443}",membership_type,,member,,member,False,
value_mismatch,club_memberships,"{""id"": 279019}",membership_type,MEMBER,member,MEMBER,member,False,
value_mismatch,club_memberships,"{""id"": 279330}",membership_type,,member,,member,False,
value_mismatch,club_memberships,"{""id"": 279400}",membership_type,,member,,member,False,
value_mismatch,club_memberships,"{""id"": 279480}",membership_type,,member,,member,False,
value_mismatch,club_memberships,"{""id"": 279757}",membership_type,,member,,member,False,
value_mismatch,club_memberships,"{""id"": 279777}",membership_type,,member,,member,False,
value_mismatch,club_memberships,"{""id"": 279876}",membership_type,MEMBER,member,MEMBER,member,False,
value_mismatch,club_memberships,"{""id"": 279974}",membership_type,,member,,member,False,
value_mismatch,club_memberships,"{""id"": 280175}",membership_type,MEMBER,member,MEMBER,member,False,
value_mismatch,club_memberships,"{""id"": 280522}",membership_type,Member,member,Member,member,False,
value_mismatch,club_memberships,"{""id"": 280635}",membership_type,,member,,member,False,
value_mismatch,club_memberships,"{""id"": 280866}",membership_type,,member,,member,False,
value_mismatch,club_memberships,"{""id"": 281018}",membership_type,MEMBER,member,MEMBER,member,False,
value_mismatch,club_memberships,"{""id"": 281121}",membership_type,Member,member,Member,member,False,
value_mismatch,club_memberships,"{""id"": 281368}",membership_type,,secondary,,secondary,False,
value_mismatch,club_memberships,"{""id"": 281692}",membership_type,Member,member,Member,member,False,
value_mismatch,club_memberships,"{""id"": 281868}",membership_type,,secondary,,secondary,False,
value_mismatch,club_memberships,"{""id"": 281940}",membership_type,,member,,member,False,
value_mismatch,club_memberships,"{""id"": 281957}",membership_type,Member,member,Member,member,False,
value_mismatch,club_memberships,"{""id"": 282012}",membership_type,,member,,member,False,
value_mismatch,club_memberships,"{""id"": 282036}",membership_type,Member,member,Member,member,False,
value_mismatch,club_memberships,"{""id"": 282062}",membership_type,,member,,member,False,
value_mismatch,club_memberships,"{""id"": 282390}",membership_type,,member,,member,False,
value_mismatch,club_memberships,"{""id"": 282555}",membership_type,,member,,member,False,
value_mismatch,club_memberships,"{""id"": 282721}",membership_type,MEMBER,member,MEMBER,member,False,
value_mismatch,club_memberships,"{""id"": 283174}",membership_type,,secondary,,secondary,False,
value_mismatch,club_memberships,"{""id"": 283414}",membership_type,Member,member,Member,member,False,
value_mismatch,club_memberships,"{""id"": 283700}",membership_type,Member,member,Member,member,False,
value_mismatch,club_memberships,"{""id"": 283795}",membership_type,,member,,member,False,
value_mismatch,club_memberships,"{""id"": 284335}",membership_type,,member,,member,False,
value_mismatch,club_memberships,"{""id"": 284385}",membership_type,,member,,member,False,
value_mismatch,club_memberships,"{""id"": 284716}",membership_type,Member,member,Member,member,False,
value_mismatch,club_memberships,"{""id"": 284748}",membership_type,,member,,member,False,
value_mismatch,club_memberships,"{""id"": 284805}",membership_type,,secondary,,secondary,False,
value_mismatch,club_memberships,"{""id"": 285133}",membership_type,,member,,member,False,
value_mismatch,club_memberships,"{""id"": 285225}",membership_type,,secondary,,secondary,False,
value_mismatch,club_memberships,"{""id"": 285381}",membership_type,,member,,member,False,
value_mismatch,club_memberships,"{""id"": 285516}",membership_type,MEMBER,member,MEMBER,member,False,
value_mismatch,club_memberships,"{""id"": 285711}",membership_type,,member,,member,False,
value_mismatch,club_memberships,"{""id"": 285859}",membership_type,MEMBER,member,MEMBER,member,False,
value_mismatch,club_memberships,"{""id"": 286218}",membership_type,MEMBER,member,MEMBER,member,False,
value_mismatch,club_memberships,"{""id"": 287283}",membership_type,,member,,member,False,
value_mismatch,club_memberships,"{""id"": 287366}",membership_type,Member,member,Member,member,False,
value_mismatch,club_memberships,"{""id"": 287470}",membership_type,Member,member,Member,member,False,
value_mismatch,club_memberships,"{""id"": 287653}",membership_type,MEMBER,member,MEMBER,member,False,
value_mismatch,club_memberships,"{""id"": 288244}",membership_type,MEMBER,member,MEMBER,member,False,
value_mismatch,club_memberships,"{""id"": 288471}",membership_type,,member,,member,False,
value_mismatch,club_memberships,"{""id"": 288517}",membership_type,MEMBER,member,MEMBER,member,False,
value_mismatch,club_memberships,"{""id"": 288716}",membership_type,Member,member,Member,member,False,
value_mismatch,club_memberships,"{""id"": 289032}",membership_type,,member,,member,False,
value_mismatch,club_memberships,"{""id"": 289189}",membership_type,,member,,member,False,
value_mismatch,club_memberships,"{""id"": 289329}",membership_type,,member,,member,False,
value_mismatch,club_memberships,"{""id"": 289464}",membership_type,,member,,member,False,
value_mismatch,club_memberships,"{""id"": 289517}",membership_type,MEMBER,member,MEMBER,member,False,
value_mismatch,club_memberships,"{""id"": 289588}",membership_type,MEMBER,member,MEMBER,member,False,
value_mismatch,club_memberships,"{""id"": 289659}",membership_type,MEMBER,member,MEMBER,member,False,
value_mismatch,club_memberships,"{""id"": 289707}",membership_type,MEMBER,member,MEMBER,member,False,
value_mismatch,club_memberships,"{""id"": 290142}",membership_type,MEMBER,member,MEMBER,member,False,
value_mismatch,club_memberships,"{""id"": 290518}",membership_type,MEMBER,member,MEMBER,member,False,
value_mismatch,club_memberships,"{""id"": 290631}",membership_type,,member,,member,False,
value_mismatch,club_memberships,"{""id"": 290642}",membership_type,MEMBER,member,MEMBER,member,False,
value_mismatch,club_memberships,"{""id"": 290888}",membership_type,MEMBER,member,MEMBER,member,False,
value_mismatch,club_memberships,"{""id"": 290924}",membership_type,,member,,member,False,
value_mismatch,club_memberships,"{""id"": 291060}",membership_type,,member,,member,False,
value_mismatch,club_memberships,"{""id"": 291167}",membership_type,Member,member,Member,member,False,
value_mismatch,club_memberships,"{""id"": 291215}",membership_type,,member,,member,False,
value_mismatch,club_memberships,"{""id"": 291539}",membership_type,Member,member,Member,member,False,
value_mismatch,club_memberships,"{""id"": 291682}",membership_type,,member,,member,False,
value_mismatch,club_memberships,"{""id"": 291929}",membership_type,,member,,member,False,
value_mismatch,club_memberships,"{""id"": 292023}",membership_type,MEMBER,member,MEMBER,member,False,
value_mismatch,club_memberships,"{""id"": 292884}",membership_type,MEMBER,member,MEMBER,member,False,
value_mismatch,club_memberships,"{""id"": 293414}",membership_type,MEMBER,member,MEMBER,member,False,
value_mismatch,club_memberships,"{""id"": 293424}",membership_type,MEMBER,member,MEMBER,member,False,
value_mismatch,club_memberships,"{""id"": 293553}",membership_type,MEMBER,member,MEMBER,member,False,
value_mismatch,club_memberships,"{""id"": 293569}",membership_type,Member,member,Member,member,False,
value_mismatch,club_memberships,"{""id"": 293842}",membership_type,,member,,member,False,
value_mismatch,club_memberships,"{""id"": 293862}",membership_type,,member,,member,False,
value_mismatch,club_memberships,"{""id"": 294282}",membership_type,Member,member,Member,member,False,
value_mismatch,club_memberships,"{""id"": 294629}",membership_type,,member,,member,False,
value_mismatch,club_memberships,"{""id"": 294686}",membership_type,Member,member,Member,member,False,
value_mismatch,club_memberships,"{""id"": 294696}",membership_type,Member,member,Member,member,False,
value_mismatch,club_memberships,"{""id"": 294853}",membership_type,Secondary,secondary,Secondary,secondary,False,
value_mismatch,club_memberships,"{""id"": 295077}",membership_type,,secondary,,secondary,False,
value_mismatch,club_memberships,"{""id"": 295814}",membership_type,MEMBER,member,MEMBER,member,False,
value_mismatch,club_memberships,"{""id"": 295857}",membership_type,,member,,member,False,
value_mismatch,club_memberships,"{""id"": 296526}",membership_type,Member,member,Member,member,False,
value_mismatch,club_memberships,"{""id"": 296604}",membership_type,,secondary,,secondary,False,
value_mismatch,club_memberships,"{""id"": 296707}",membership_type,,member,,member,False,
value_mismatch,club_memberships,"{""id"": 297444}",membership_type,MEMBER,member,MEMBER,member,False,
value_mismatch,club_memberships,"{""id"": 297450}",membership_type,,member,,member,False,
value_mismatch,club_memberships,"{""id"": 297525}",membership_type,,member,,member,False,
value_mismatch,club_memberships,"{""id"": 297590}",membership_type,Member,member,Member,member,False,
