mismatch_type,entity,key,field,parquet_value,database_value,normalized_parquet_value,normalized_database_value,waived,waiver_reason
missing_in_database,match_games,"{""id"": 6116440}",,,,,,False,
missing_in_database,match_games,"{""id"": 6116441}",,,,,,False,
missing_in_database,match_games,"{""id"": 6116442}",,,,,,False,
missing_in_database,match_games,"{""id"": 6116443}",,,,,,False,
missing_in_database,match_games,"{""id"": 6116444}",,,,,,False,
missing_in_database,match_games,"{""id"": 6116445}",,,,,,False,
missing_in_database,match_games,"{""id"": 6116446}",,,,,,False,
missing_in_database,match_games,"{""id"": 6116447}",,,,,,False,
missing_in_database,match_games,"{""id"": 6116448}",,,,,,False,
missing_in_database,match_games,"{""id"": 6116449}",,,,,,False,
missing_in_database,match_games,"{""id"": 6116450}",,,,,,False,
missing_in_database,match_games,"{""id"": 6116451}",,,,,,False,
missing_in_database,match_games,"{""id"": 6116452}",,,,,,False,
missing_in_database,match_games,"{""id"": 6116453}",,,,,,False,
missing_in_database,match_games,"{""id"": 6116454}",,,,,,False,
missing_in_database,match_games,"{""id"": 6116455}",,,,,,False,
missing_in_database,match_games,"{""id"": 6116456}",,,,,,False,
missing_in_database,match_games,"{""id"": 6116457}",,,,,,False,
missing_in_database,match_games,"{""id"": 6116458}",,,,,,False,
missing_in_database,match_games,"{""id"": 6116459}",,,,,,False,
missing_in_database,match_games,"{""id"": 6116460}",,,,,,False,
missing_in_database,match_games,"{""id"": 6116461}",,,,,,False,
missing_in_database,match_games,"{""id"": 6116462}",,,,,,False,
missing_in_database,match_games,"{""id"": 6116463}",,,,,,False,
missing_in_database,match_games,"{""id"": 6116464}",,,,,,False,
missing_in_database,match_games,"{""id"": 6116465}",,,,,,False,
missing_in_database,match_games,"{""id"": 6116466}",,,,,,False,
missing_in_database,match_games,"{""id"": 6116467}",,,,,,False,
missing_in_database,match_games,"{""id"": 6116468}",,,,,,False,
missing_in_database,match_games,"{""id"": 6116469}",,,,,,False,
missing_in_database,match_games,"{""id"": 6116470}",,,,,,False,
missing_in_database,match_games,"{""id"": 6116471}",,,,,,False,
missing_in_database,match_games,"{""id"": 6116472}",,,,,,False,
missing_in_database,match_games,"{""id"": 6116473}",,,,,,False,
missing_in_database,match_games,"{""id"": 6116474}",,,,,,False,
missing_in_database,match_games,"{""id"": 6116475}",,,,,,False,
missing_in_database,match_games,"{""id"": 6116476}",,,,,,False,
missing_in_database,match_games,"{""id"": 6116477}",,,,,,False,
missing_in_database,match_games,"{""id"": 6116478}",,,,,,False,
missing_in_database,match_games,"{""id"": 6116479}",,,,,,False,
missing_in_database,match_games,"{""id"": 6116480}",,,,,,False,
missing_in_database,match_games,"{""id"": 6116481}",,,,,,False,
missing_in_database,match_games,"{""id"": 6116482}",,,,,,False,
missing_in_database,match_games,"{""id"": 6116483}",,,,,,False,
missing_in_database,match_games,"{""id"": 6116484}",,,,,,False,
missing_in_database,match_games,"{""id"": 6116485}",,,,,,False,
missing_in_database,match_games,"{""id"": 6116486}",,,,,,False,
missing_in_database,match_games,"{""id"": 6116487}",,,,,,False,
missing_in_database,match_games,"{""id"": 6116488}",,,,,,False,
missing_in_database,match_games,"{""id"": 6116489}",,,,,,False,
missing_in_database,match_games,"{""id"": 6116490}",,,,,,False,
missing_in_database,match_games,"{""id"": 6116491}",,,,,,False,
missing_in_database,match_games,"{""id"": 6116492}",,,,,,False,
missing_in_database,match_games,"{""id"": 6116493}",,,,,,False,
missing_in_database,match_games,"{""id"": 6116494}",,,,,,False,
missing_in_database,match_games,"{""id"": 6116495}",,,,,,False,
missing_in_database,match_games,"{""id"": 6116496}",,,,,,False,
missing_in_database,match_games,"{""id"": 6116497}",,,,,,False,
missing_in_database,match_games,"{""id"": 6116498}",,,,,,False,
missing_in_database,match_games,"{""id"": 6116499}",,,,,,False,
missing_in_database,match_games,"{""id"": 6116500}",,,,,,False,
missing_in_database,match_games,"{""id"": 6116501}",,,,,,False,
missing_in_database,match_games,"{""id"": 6116502}",,,,,,False,
missing_in_database,match_games,"{""id"": 6116503}",,,,,,False,
missing_in_database,match_games,"{""id"": 6116504}",,,,,,False,
missing_in_database,match_games,"{""id"": 6116505}",,,,,,False,
missing_in_database,match_games,"{""id"": 6116506}",,,,,,False,
missing_in_database,match_games,"{""id"": 6116507}",,,,,,False,
missing_in_database,match_games,"{""id"": 6116508}",,,,,,False,
missing_in_database,match_games,"{""id"": 6116509}",,,,,,False,
missing_in_database,match_games,"{""id"": 6116510}",,,,,,False,
missing_in_database,match_games,"{""id"": 6116511}",,,,,,False,
missing_in_database,match_games,"{""id"": 6116512}",,,,,,False,
missing_in_database,match_games,"{""id"": 6116513}",,,,,,False,
missing_in_database,match_games,"{""id"": 6116514}",,,,,,False,
missing_in_database,match_games,"{""id"": 6116515}",,,,,,False,
missing_in_database,match_games,"{""id"": 6116516}",,,,,,False,
missing_in_database,match_games,"{""id"": 6116517}",,,,,,False,
missing_in_database,match_games,"{""id"": 6116518}",,,,,,False,
missing_in_database,match_games,"{""id"": 6116519}",,,,,,False,
missing_in_database,match_games,"{""id"": 6116520}",,,,,,False,
missing_in_database,match_games,"{""id"": 6116521}",,,,,,False,
missing_in_database,match_games,"{""id"": 6116522}",,,,,,False,
missing_in_database,match_games,"{""id"": 6116523}",,,,,,False,
missing_in_database,match_games,"{""id"": 6116524}",,,,,,False,
missing_in_database,match_games,"{""id"": 6116525}",,,,,,False,
missing_in_database,match_games,"{""id"": 6116526}",,,,,,False,
missing_in_database,match_games,"{""id"": 6116527}",,,,,,False,
missing_in_database,match_games,"{""id"": 6116528}",,,,,,False,
missing_in_database,match_games,"{""id"": 6116529}",,,,,,False,
missing_in_database,match_games,"{""id"": 6116530}",,,,,,False,
missing_in_database,match_games,"{""id"": 6116531}",,,,,,False,
missing_in_database,match_games,"{""id"": 6116532}",,,,,,False,
missing_in_database,match_games,"{""id"": 6116533}",,,,,,False,
missing_in_database,match_games,"{""id"": 6116534}",,,,,,False,
missing_in_database,match_games,"{""id"": 6116535}",,,,,,False,
missing_in_database,match_games,"{""id"": 6116536}",,,,,,False,
missing_in_database,match_games,"{""id"": 6116537}",,,,,,False,
missing_in_database,match_games,"{""id"": 6116538}",,,,,,False,
missing_in_database,match_games,"{""id"": 6116539}",,,,,,False,
missing_in_database,match_games,"{""id"": 6116540}",,,,,,False,
missing_in_database,match_games,"{""id"": 6116541}",,,,,,False,
missing_in_database,match_games,"{""id"": 6116542}",,,,,,False,
missing_in_database,match_games,"{""id"": 6116543}",,,,,,False,
missing_in_database,match_games,"{""id"": 6116544}",,,,,,False,
missing_in_database,match_games,"{""id"": 6116545}",,,,,,False,
missing_in_database,match_games,"{""id"": 6116546}",,,,,,False,
missing_in_database,match_games,"{""id"": 6116547}",,,,,,False,
missing_in_database,match_games,"{""id"": 6116548}",,,,,,False,
missing_in_database,match_games,"{""id"": 6116549}",,,,,,False,
missing_in_database,match_games,"{""id"": 6116550}",,,,,,False,
missing_in_database,match_games,"{""id"": 6116551}",,,,,,False,
missing_in_database,match_games,"{""id"": 6116552}",,,,,,False,
missing_in_database,match_games,"{""id"": 6116553}",,,,,,False,
missing_in_database,match_games,"{""id"": 6116554}",,,,,,False,
missing_in_database,match_games,"{""id"": 6116555}",,,,,,False,
missing_in_database,match_games,"{""id"": 6116556}",,,,,,False,
missing_in_database,match_games,"{""id"": 6116557}",,,,,,False,
missing_in_database,match_games,"{""id"": 6116558}",,,,,,False,
missing_in_database,match_games,"{""id"": 6116559}",,,,,,False,
missing_in_database,match_games,"{""id"": 6116560}",,,,,,False,
missing_in_database,match_games,"{""id"": 6116561}",,,,,,False,
missing_in_database,match_games,"{""id"": 6116562}",,,,,,False,
missing_in_database,match_games,"{""id"": 6116563}",,,,,,False,
missing_in_database,match_games,"{""id"": 6116564}",,,,,,False,
missing_in_database,match_games,"{""id"": 6116565}",,,,,,False,
missing_in_database,match_games,"{""id"": 6116566}",,,,,,False,
missing_in_database,match_games,"{""id"": 6116567}",,,,,,False,
missing_in_database,match_games,"{""id"": 6116568}",,,,,,False,
missing_in_database,match_games,"{""id"": 6116569}",,,,,,False,
missing_in_database,match_games,"{""id"": 6116570}",,,,,,False,
missing_in_database,match_games,"{""id"": 6116571}",,,,,,False,
missing_in_database,match_games,"{""id"": 6116572}",,,,,,False,
missing_in_database,match_games,"{""id"": 6116573}",,,,,,False,
missing_in_database,match_games,"{""id"": 6116574}",,,,,,False,
missing_in_database,match_games,"{""id"": 6116575}",,,,,,False,
missing_in_database,match_games,"{""id"": 6116576}",,,,,,False,
missing_in_database,match_games,"{""id"": 6116577}",,,,,,False,
missing_in_database,match_games,"{""id"": 6116578}",,,,,,False,
missing_in_database,match_games,"{""id"": 6116579}",,,,,,False,
missing_in_database,match_games,"{""id"": 6116580}",,,,,,False,
missing_in_database,match_games,"{""id"": 6116581}",,,,,,False,
missing_in_database,match_games,"{""id"": 6116582}",,,,,,False,
missing_in_database,match_games,"{""id"": 6116583}",,,,,,False,
missing_in_database,match_games,"{""id"": 6116584}",,,,,,False,
missing_in_database,match_games,"{""id"": 6116585}",,,,,,False,
missing_in_database,match_games,"{""id"": 6116586}",,,,,,False,
missing_in_database,match_games,"{""id"": 6116587}",,,,,,False,
missing_in_database,match_games,"{""id"": 6116588}",,,,,,False,
missing_in_database,match_games,"{""id"": 6116589}",,,,,,False,
missing_in_database,match_games,"{""id"": 6116590}",,,,,,False,
missing_in_database,match_games,"{""id"": 6116591}",,,,,,False,
missing_in_database,match_games,"{""id"": 6116592}",,,,,,False,
missing_in_database,match_games,"{""id"": 6116593}",,,,,,False,
missing_in_database,match_games,"{""id"": 6116594}",,,,,,False,
missing_in_database,match_games,"{""id"": 6116595}",,,,,,False,
missing_in_database,match_games,"{""id"": 6116596}",,,,,,False,
missing_in_database,match_games,"{""id"": 6116597}",,,,,,False,
missing_in_database,match_games,"{""id"": 6116598}",,,,,,False,
missing_in_database,match_games,"{""id"": 6116599}",,,,,,False,
missing_in_database,match_games,"{""id"": 6116600}",,,,,,False,
missing_in_database,match_games,"{""id"": 6116601}",,,,,,False,
missing_in_database,match_games,"{""id"": 6116602}",,,,,,False,
missing_in_database,match_games,"{""id"": 6116603}",,,,,,False,
missing_in_database,match_games,"{""id"": 6116604}",,,,,,False,
missing_in_database,match_games,"{""id"": 6116605}",,,,,,False,
missing_in_database,match_games,"{""id"": 6116606}",,,,,,False,
missing_in_database,match_games,"{""id"": 6116607}",,,,,,False,
missing_in_database,match_games,"{""id"": 6116608}",,,,,,False,
missing_in_database,match_games,"{""id"": 6116609}",,,,,,False,
missing_in_database,match_games,"{""id"": 6116610}",,,,,,False,
missing_in_database,match_games,"{""id"": 6116611}",,,,,,False,
missing_in_database,match_games,"{""id"": 6116612}",,,,,,False,
missing_in_database,match_games,"{""id"": 6116613}",,,,,,False,
missing_in_database,match_games,"{""id"": 6116614}",,,,,,False,
missing_in_database,match_games,"{""id"": 6116615}",,,,,,False,
missing_in_database,match_games,"{""id"": 6116616}",,,,,,False,
missing_in_database,match_games,"{""id"": 6116617}",,,,,,False,
missing_in_database,match_games,"{""id"": 6116618}",,,,,,False,
missing_in_database,match_games,"{""id"": 6116619}",,,,,,False,
missing_in_database,match_games,"{""id"": 6116620}",,,,,,False,
missing_in_database,match_games,"{""id"": 6116621}",,,,,,False,
missing_in_database,match_games,"{""id"": 6116622}",,,,,,False,
missing_in_database,match_games,"{""id"": 6116623}",,,,,,False,
missing_in_database,match_games,"{""id"": 6116624}",,,,,,False,
missing_in_database,match_games,"{""id"": 6116625}",,,,,,False,
missing_in_database,match_games,"{""id"": 6116626}",,,,,,False,
missing_in_database,match_games,"{""id"": 6116627}",,,,,,False,
missing_in_database,match_games,"{""id"": 6116628}",,,,,,False,
missing_in_database,match_games,"{""id"": 6116629}",,,,,,False,
missing_in_database,match_games,"{""id"": 6116630}",,,,,,False,
missing_in_database,match_games,"{""id"": 6116631}",,,,,,False,
missing_in_database,match_games,"{""id"": 6116632}",,,,,,False,
missing_in_database,match_games,"{""id"": 6116633}",,,,,,False,
missing_in_database,match_games,"{""id"": 6116634}",,,,,,False,
missing_in_database,match_games,"{""id"": 6116635}",,,,,,False,
missing_in_database,match_games,"{""id"": 6116636}",,,,,,False,
missing_in_database,match_games,"{""id"": 6116637}",,,,,,False,
missing_in_database,match_games,"{""id"": 6116638}",,,,,,False,
missing_in_database,match_games,"{""id"": 6116639}",,,,,,False,
missing_in_database,match_games,"{""id"": 6116640}",,,,,,False,
missing_in_database,match_games,"{""id"": 6116641}",,,,,,False,
missing_in_database,match_games,"{""id"": 6116642}",,,,,,False,
missing_in_database,match_games,"{""id"": 6116643}",,,,,,False,
missing_in_database,match_games,"{""id"": 6116644}",,,,,,False,
missing_in_database,match_games,"{""id"": 6116645}",,,,,,False,
missing_in_database,match_games,"{""id"": 6116646}",,,,,,False,
missing_in_database,match_games,"{""id"": 6116647}",,,,,,False,
missing_in_database,match_games,"{""id"": 6116648}",,,,,,False,
missing_in_database,match_games,"{""id"": 6116649}",,,,,,False,
missing_in_database,match_games,"{""id"": 6116650}",,,,,,False,
missing_in_database,match_games,"{""id"": 6116651}",,,,,,False,
missing_in_database,match_games,"{""id"": 6116652}",,,,,,False,
missing_in_database,match_games,"{""id"": 6116653}",,,,,,False,
missing_in_database,match_games,"{""id"": 6116654}",,,,,,False,
missing_in_database,match_games,"{""id"": 6116655}",,,,,,False,
missing_in_database,match_games,"{""id"": 6116656}",,,,,,False,
missing_in_database,match_games,"{""id"": 6116657}",,,,,,False,
missing_in_database,match_games,"{""id"": 6116658}",,,,,,False,
missing_in_database,match_games,"{""id"": 6116659}",,,,,,False,
missing_in_database,match_games,"{""id"": 6116660}",,,,,,False,
missing_in_database,match_games,"{""id"": 6116661}",,,,,,False,
missing_in_database,match_games,"{""id"": 6116662}",,,,,,False,
missing_in_database,match_games,"{""id"": 6116663}",,,,,,False,
missing_in_database,match_games,"{""id"": 6116664}",,,,,,False,
missing_in_database,match_games,"{""id"": 6116665}",,,,,,False,
missing_in_database,match_games,"{""id"": 6116666}",,,,,,False,
missing_in_database,match_games,"{""id"": 6116667}",,,,,,False,
missing_in_database,match_games,"{""id"": 6116668}",,,,,,False,
missing_in_database,match_games,"{""id"": 6116669}",,,,,,False,
missing_in_database,match_games,"{""id"": 6116670}",,,,,,False,
missing_in_database,match_games,"{""id"": 6116671}",,,,,,False,
missing_in_database,match_games,"{""id"": 6116672}",,,,,,False,
missing_in_database,match_games,"{""id"": 6116673}",,,,,,False,
missing_in_database,match_games,"{""id"": 6116674}",,,,,,False,
missing_in_database,match_games,"{""id"": 6116675}",,,,,,False,
missing_in_database,match_games,"{""id"": 6116676}",,,,,,False,
missing_in_database,match_games,"{""id"": 6116677}",,,,,,False,
missing_in_database,match_games,"{""id"": 6116678}",,,,,,False,
missing_in_database,match_games,"{""id"": 6116679}",,,,,,False,
missing_in_database,match_games,"{""id"": 6116680}",,,,,,False,
missing_in_database,match_games,"{""id"": 6116681}",,,,,,False,
missing_in_database,match_games,"{""id"": 6116682}",,,,,,False,
missing_in_database,match_games,"{""id"": 6116683}",,,,,,False,
missing_in_database,match_games,"{""id"": 6116684}",,,,,,False,
missing_in_database,match_games,"{""id"": 6116685}",,,,,,False,
missing_in_database,match_games,"{""id"": 6116686}",,,,,,False,
missing_in_database,match_games,"{""id"": 6116687}",,,,,,False,
missing_in_database,match_games,"{""id"": 6116688}",,,,,,False,
missing_in_database,match_games,"{""id"": 6116689}",,,,,,False,
missing_in_database,match_games,"{""id"": 6116690}",,,,,,False,
missing_in_database,match_games,"{""id"": 6116691}",,,,,,False,
missing_in_database,match_games,"{""id"": 6116692}",,,,,,False,
missing_in_database,match_games,"{""id"": 6116693}",,,,,,False,
missing_in_database,match_games,"{""id"": 6116694}",,,,,,False,
missing_in_database,match_games,"{""id"": 6116695}",,,,,,False,
missing_in_database,match_games,"{""id"": 6116696}",,,,,,False,
missing_in_database,match_games,"{""id"": 6116697}",,,,,,False,
missing_in_database,match_games,"{""id"": 6116698}",,,,,,False,
missing_in_database,match_games,"{""id"": 6116699}",,,,,,False,
missing_in_database,match_games,"{""id"": 6116700}",,,,,,False,
missing_in_database,match_games,"{""id"": 6116701}",,,,,,False,
missing_in_database,match_games,"{""id"": 6116702}",,,,,,False,
missing_in_database,match_games,"{""id"": 6116703}",,,,,,False,
missing_in_database,match_games,"{""id"": 6116704}",,,,,,False,
missing_in_database,match_games,"{""id"": 6116705}",,,,,,False,
missing_in_database,match_games,"{""id"": 6116706}",,,,,,False,
missing_in_database,match_games,"{""id"": 6116707}",,,,,,False,
missing_in_database,match_games,"{""id"": 6116708}",,,,,,False,
missing_in_database,match_games,"{""id"": 6116709}",,,,,,False,
missing_in_database,match_games,"{""id"": 6116710}",,,,,,False,
missing_in_database,match_games,"{""id"": 6116711}",,,,,,False,
missing_in_database,match_games,"{""id"": 6116712}",,,,,,False,
missing_in_database,match_games,"{""id"": 6116713}",,,,,,False,
missing_in_database,match_games,"{""id"": 6116714}",,,,,,False,
missing_in_database,match_games,"{""id"": 6116715}",,,,,,False,
missing_in_database,match_games,"{""id"": 6116716}",,,,,,False,
missing_in_database,match_games,"{""id"": 6116717}",,,,,,False,
missing_in_database,match_games,"{""id"": 6116718}",,,,,,False,
missing_in_database,match_games,"{""id"": 6116719}",,,,,,False,
missing_in_database,match_games,"{""id"": 6116720}",,,,,,False,
missing_in_database,match_games,"{""id"": 6116721}",,,,,,False,
missing_in_database,match_games,"{""id"": 6116722}",,,,,,False,
missing_in_database,match_games,"{""id"": 6116723}",,,,,,False,
missing_in_database,match_games,"{""id"": 6116724}",,,,,,False,
missing_in_database,match_games,"{""id"": 6116725}",,,,,,False,
missing_in_database,match_games,"{""id"": 6116726}",,,,,,False,
missing_in_database,match_games,"{""id"": 6116727}",,,,,,False,
missing_in_database,match_games,"{""id"": 6116728}",,,,,,False,
missing_in_database,match_games,"{""id"": 6116729}",,,,,,False,
missing_in_database,match_games,"{""id"": 6116730}",,,,,,False,
missing_in_database,match_games,"{""id"": 6116731}",,,,,,False,
missing_in_database,match_games,"{""id"": 6116732}",,,,,,False,
missing_in_database,match_games,"{""id"": 6116733}",,,,,,False,
missing_in_database,match_games,"{""id"": 6116734}",,,,,,False,
missing_in_database,match_games,"{""id"": 6116735}",,,,,,False,
missing_in_database,match_games,"{""id"": 6116736}",,,,,,False,
missing_in_database,match_games,"{""id"": 6116737}",,,,,,False,
missing_in_database,match_games,"{""id"": 6116738}",,,,,,False,
missing_in_database,match_games,"{""id"": 6116739}",,,,,,False,
missing_in_database,match_games,"{""id"": 6116740}",,,,,,False,
missing_in_database,match_games,"{""id"": 6116741}",,,,,,False,
missing_in_database,match_games,"{""id"": 6116742}",,,,,,False,
missing_in_database,match_games,"{""id"": 6116743}",,,,,,False,
missing_in_database,match_games,"{""id"": 6116744}",,,,,,False,
missing_in_database,match_games,"{""id"": 6116745}",,,,,,False,
missing_in_database,match_games,"{""id"": 6116746}",,,,,,False,
missing_in_database,match_games,"{""id"": 6116747}",,,,,,False,
missing_in_database,match_games,"{""id"": 6116748}",,,,,,False,
missing_in_database,match_games,"{""id"": 6116749}",,,,,,False,
missing_in_database,match_games,"{""id"": 6116750}",,,,,,False,
missing_in_database,match_games,"{""id"": 6116751}",,,,,,False,
missing_in_database,match_games,"{""id"": 6116752}",,,,,,False,
missing_in_database,match_games,"{""id"": 6116753}",,,,,,False,
missing_in_database,match_games,"{""id"": 6116754}",,,,,,False,
missing_in_database,match_games,"{""id"": 6116755}",,,,,,False,
missing_in_database,match_games,"{""id"": 6116756}",,,,,,False,
missing_in_database,match_games,"{""id"": 6116757}",,,,,,False,
missing_in_database,match_games,"{""id"": 6116758}",,,,,,False,
missing_in_database,match_games,"{""id"": 6116759}",,,,,,False,
missing_in_database,match_games,"{""id"": 6116760}",,,,,,False,
missing_in_database,match_games,"{""id"": 6116761}",,,,,,False,
missing_in_database,match_games,"{""id"": 6116762}",,,,,,False,
missing_in_database,match_games,"{""id"": 6116763}",,,,,,False,
missing_in_database,match_games,"{""id"": 6116764}",,,,,,False,
missing_in_database,match_games,"{""id"": 6116765}",,,,,,False,
missing_in_database,match_games,"{""id"": 6116766}",,,,,,False,
missing_in_database,match_games,"{""id"": 6116767}",,,,,,False,
missing_in_database,match_games,"{""id"": 6116768}",,,,,,False,
missing_in_database,match_games,"{""id"": 6116769}",,,,,,False,
missing_in_database,match_games,"{""id"": 6116770}",,,,,,False,
missing_in_database,match_games,"{""id"": 6116771}",,,,,,False,
missing_in_database,match_games,"{""id"": 6116772}",,,,,,False,
missing_in_database,match_games,"{""id"": 6116773}",,,,,,False,
missing_in_database,match_games,"{""id"": 6116774}",,,,,,False,
missing_in_database,match_games,"{""id"": 6116775}",,,,,,False,
missing_in_database,match_games,"{""id"": 6116776}",,,,,,False,
missing_in_database,match_games,"{""id"": 6116777}",,,,,,False,
missing_in_database,match_games,"{""id"": 6116778}",,,,,,False,
missing_in_database,match_games,"{""id"": 6116779}",,,,,,False,
missing_in_database,match_games,"{""id"": 6116780}",,,,,,False,
missing_in_database,match_games,"{""id"": 6116781}",,,,,,False,
missing_in_database,match_games,"{""id"": 6116782}",,,,,,False,
missing_in_database,match_games,"{""id"": 6116783}",,,,,,False,
missing_in_database,match_games,"{""id"": 6116784}",,,,,,False,
missing_in_database,match_games,"{""id"": 6116785}",,,,,,False,
missing_in_database,match_games,"{""id"": 6116786}",,,,,,False,
missing_in_database,match_games,"{""id"": 6116787}",,,,,,False,
missing_in_database,match_games,"{""id"": 6116788}",,,,,,False,
missing_in_database,match_games,"{""id"": 6116789}",,,,,,False,
missing_in_database,match_games,"{""id"": 6116790}",,,,,,False,
missing_in_database,match_games,"{""id"": 6116791}",,,,,,False,
missing_in_database,match_games,"{""id"": 6116792}",,,,,,False,
missing_in_database,match_games,"{""id"": 6116793}",,,,,,False,
missing_in_database,match_games,"{""id"": 6116794}",,,,,,False,
missing_in_database,match_games,"{""id"": 6116795}",,,,,,False,
missing_in_database,match_games,"{""id"": 6116796}",,,,,,False,
missing_in_database,match_games,"{""id"": 6116797}",,,,,,False,
missing_in_database,match_games,"{""id"": 6116798}",,,,,,False,
missing_in_database,match_games,"{""id"": 6116799}",,,,,,False,
missing_in_database,match_games,"{""id"": 6116800}",,,,,,False,
missing_in_database,match_games,"{""id"": 6116801}",,,,,,False,
missing_in_database,match_games,"{""id"": 6116802}",,,,,,False,
missing_in_database,match_games,"{""id"": 6116803}",,,,,,False,
missing_in_database,match_games,"{""id"": 6116804}",,,,,,False,
missing_in_database,match_games,"{""id"": 6116805}",,,,,,False,
missing_in_database,match_games,"{""id"": 6116806}",,,,,,False,
missing_in_database,match_games,"{""id"": 6116807}",,,,,,False,
missing_in_database,match_games,"{""id"": 6116808}",,,,,,False,
missing_in_database,match_games,"{""id"": 6116809}",,,,,,False,
missing_in_database,match_games,"{""id"": 6116810}",,,,,,False,
missing_in_database,match_games,"{""id"": 6116811}",,,,,,False,
missing_in_database,match_games,"{""id"": 6116812}",,,,,,False,
missing_in_database,match_games,"{""id"": 6116813}",,,,,,False,
missing_in_database,match_games,"{""id"": 6116814}",,,,,,False,
missing_in_database,match_games,"{""id"": 6116815}",,,,,,False,
missing_in_database,match_games,"{""id"": 6116816}",,,,,,False,
missing_in_database,match_games,"{""id"": 6116817}",,,,,,False,
missing_in_database,match_games,"{""id"": 6116818}",,,,,,False,
missing_in_database,match_games,"{""id"": 6116819}",,,,,,False,
missing_in_database,match_games,"{""id"": 6116820}",,,,,,False,
missing_in_database,match_games,"{""id"": 6116821}",,,,,,False,
missing_in_database,match_games,"{""id"": 6116822}",,,,,,False,
missing_in_database,match_games,"{""id"": 6116823}",,,,,,False,
missing_in_database,match_games,"{""id"": 6116824}",,,,,,False,
missing_in_database,match_games,"{""id"": 6116825}",,,,,,False,
missing_in_database,match_games,"{""id"": 6116826}",,,,,,False,
missing_in_database,match_games,"{""id"": 6116827}",,,,,,False,
missing_in_database,match_games,"{""id"": 6116828}",,,,,,False,
missing_in_database,match_games,"{""id"": 6116829}",,,,,,False,
missing_in_database,match_games,"{""id"": 6116830}",,,,,,False,
missing_in_database,match_games,"{""id"": 6116831}",,,,,,False,
missing_in_database,match_games,"{""id"": 6116832}",,,,,,False,
missing_in_database,match_games,"{""id"": 6116833}",,,,,,False,
missing_in_database,match_games,"{""id"": 6116834}",,,,,,False,
missing_in_database,match_games,"{""id"": 6116835}",,,,,,False,
missing_in_database,match_games,"{""id"": 6116836}",,,,,,False,
missing_in_database,match_games,"{""id"": 6116837}",,,,,,False,
missing_in_database,match_games,"{""id"": 6116838}",,,,,,False,
missing_in_database,match_games,"{""id"": 6116839}",,,,,,False,
missing_in_database,match_games,"{""id"": 6116840}",,,,,,False,
missing_in_database,match_games,"{""id"": 6116841}",,,,,,False,
missing_in_database,match_games,"{""id"": 6116842}",,,,,,False,
missing_in_database,match_games,"{""id"": 6116843}",,,,,,False,
missing_in_database,match_games,"{""id"": 6116844}",,,,,,False,
missing_in_database,match_games,"{""id"": 6116845}",,,,,,False,
missing_in_database,match_games,"{""id"": 6116846}",,,,,,False,
missing_in_database,match_games,"{""id"": 6116847}",,,,,,False,
missing_in_database,match_games,"{""id"": 6116848}",,,,,,False,
missing_in_database,match_games,"{""id"": 6116849}",,,,,,False,
missing_in_database,match_games,"{""id"": 6116850}",,,,,,False,
missing_in_database,match_games,"{""id"": 6116851}",,,,,,False,
missing_in_database,match_games,"{""id"": 6116852}",,,,,,False,
missing_in_database,match_games,"{""id"": 6116853}",,,,,,False,
missing_in_database,match_games,"{""id"": 6116854}",,,,,,False,
missing_in_database,match_games,"{""id"": 6116855}",,,,,,False,
missing_in_database,match_games,"{""id"": 6116856}",,,,,,False,
missing_in_database,match_games,"{""id"": 6116857}",,,,,,False,
missing_in_database,match_games,"{""id"": 6116858}",,,,,,False,
missing_in_database,match_games,"{""id"": 6116859}",,,,,,False,
missing_in_database,match_games,"{""id"": 6116860}",,,,,,False,
missing_in_database,match_games,"{""id"": 6116861}",,,,,,False,
missing_in_database,match_games,"{""id"": 6116862}",,,,,,False,
missing_in_database,match_games,"{""id"": 6116863}",,,,,,False,
missing_in_database,match_games,"{""id"": 6116864}",,,,,,False,
missing_in_database,match_games,"{""id"": 6116865}",,,,,,False,
missing_in_database,match_games,"{""id"": 6116866}",,,,,,False,
missing_in_database,match_games,"{""id"": 6116867}",,,,,,False,
missing_in_database,match_games,"{""id"": 6116868}",,,,,,False,
missing_in_database,match_games,"{""id"": 6116869}",,,,,,False,
missing_in_database,match_games,"{""id"": 6116870}",,,,,,False,
missing_in_database,match_games,"{""id"": 6116871}",,,,,,False,
missing_in_database,match_games,"{""id"": 6116872}",,,,,,False,
missing_in_database,match_games,"{""id"": 6116873}",,,,,,False,
missing_in_database,match_games,"{""id"": 6116874}",,,,,,False,
missing_in_database,match_games,"{""id"": 6116875}",,,,,,False,
missing_in_database,match_games,"{""id"": 6116876}",,,,,,False,
missing_in_database,match_games,"{""id"": 6116877}",,,,,,False,
missing_in_database,match_games,"{""id"": 6116878}",,,,,,False,
missing_in_database,match_games,"{""id"": 6116879}",,,,,,False,
missing_in_database,match_games,"{""id"": 6116880}",,,,,,False,
missing_in_database,match_games,"{""id"": 6116881}",,,,,,False,
missing_in_database,match_games,"{""id"": 6116882}",,,,,,False,
missing_in_database,match_games,"{""id"": 6116883}",,,,,,False,
missing_in_database,match_games,"{""id"": 6116884}",,,,,,False,
missing_in_database,match_games,"{""id"": 6116885}",,,,,,False,
missing_in_database,match_games,"{""id"": 6116886}",,,,,,False,
missing_in_database,match_games,"{""id"": 6116887}",,,,,,False,
missing_in_database,match_games,"{""id"": 6116888}",,,,,,False,
missing_in_database,match_games,"{""id"": 6116889}",,,,,,False,
missing_in_database,match_games,"{""id"": 6116890}",,,,,,False,
missing_in_database,match_games,"{""id"": 6116891}",,,,,,False,
missing_in_database,match_games,"{""id"": 6116892}",,,,,,False,
missing_in_database,match_games,"{""id"": 6116893}",,,,,,False,
missing_in_database,match_games,"{""id"": 6116894}",,,,,,False,
missing_in_database,match_games,"{""id"": 6116895}",,,,,,False,
missing_in_database,match_games,"{""id"": 6116896}",,,,,,False,
missing_in_database,match_games,"{""id"": 6116897}",,,,,,False,
missing_in_database,match_games,"{""id"": 6116898}",,,,,,False,
missing_in_database,match_games,"{""id"": 6116899}",,,,,,False,
missing_in_database,match_games,"{""id"": 6116900}",,,,,,False,
missing_in_database,match_games,"{""id"": 6116901}",,,,,,False,
missing_in_database,match_games,"{""id"": 6116902}",,,,,,False,
missing_in_database,match_games,"{""id"": 6116903}",,,,,,False,
missing_in_database,match_games,"{""id"": 6116904}",,,,,,False,
missing_in_database,match_games,"{""id"": 6116905}",,,,,,False,
missing_in_database,match_games,"{""id"": 6116906}",,,,,,False,
missing_in_database,match_games,"{""id"": 6116907}",,,,,,False,
missing_in_database,match_games,"{""id"": 6116908}",,,,,,False,
missing_in_database,match_games,"{""id"": 6116909}",,,,,,False,
missing_in_database,match_games,"{""id"": 6116910}",,,,,,False,
missing_in_database,match_games,"{""id"": 6116911}",,,,,,False,
missing_in_database,match_games,"{""id"": 6116912}",,,,,,False,
missing_in_database,match_games,"{""id"": 6116913}",,,,,,False,
missing_in_database,match_games,"{""id"": 6116914}",,,,,,False,
missing_in_database,match_games,"{""id"": 6116915}",,,,,,False,
missing_in_database,match_games,"{""id"": 6116916}",,,,,,False,
missing_in_database,match_games,"{""id"": 6116917}",,,,,,False,
missing_in_database,match_games,"{""id"": 6116918}",,,,,,False,
missing_in_database,match_games,"{""id"": 6116919}",,,,,,False,
missing_in_database,match_games,"{""id"": 6116920}",,,,,,False,
missing_in_database,match_games,"{""id"": 6116921}",,,,,,False,
missing_in_database,match_games,"{""id"": 6116922}",,,,,,False,
missing_in_database,match_games,"{""id"": 6116923}",,,,,,False,
missing_in_database,match_games,"{""id"": 6116924}",,,,,,False,
missing_in_database,match_games,"{""id"": 6116925}",,,,,,False,
missing_in_database,match_games,"{""id"": 6116926}",,,,,,False,
missing_in_database,match_games,"{""id"": 6116927}",,,,,,False,
missing_in_database,match_games,"{""id"": 6116928}",,,,,,False,
missing_in_database,match_games,"{""id"": 6116929}",,,,,,False,
missing_in_database,match_games,"{""id"": 6116930}",,,,,,False,
missing_in_database,match_games,"{""id"": 6116931}",,,,,,False,
missing_in_database,match_games,"{""id"": 6116932}",,,,,,False,
missing_in_database,match_games,"{""id"": 6116933}",,,,,,False,
missing_in_database,match_games,"{""id"": 6116934}",,,,,,False,
missing_in_database,match_games,"{""id"": 6116935}",,,,,,False,
missing_in_database,match_games,"{""id"": 6116936}",,,,,,False,
missing_in_database,match_games,"{""id"": 6116937}",,,,,,False,
missing_in_database,match_games,"{""id"": 6116938}",,,,,,False,
missing_in_database,match_games,"{""id"": 6116939}",,,,,,False,
missing_in_database,match_games,"{""id"": 6116940}",,,,,,False,
missing_in_database,match_games,"{""id"": 6116941}",,,,,,False,
missing_in_database,match_games,"{""id"": 6116942}",,,,,,False,
missing_in_database,match_games,"{""id"": 6116943}",,,,,,False,
missing_in_database,match_games,"{""id"": 6116944}",,,,,,False,
missing_in_database,match_games,"{""id"": 6116945}",,,,,,False,
missing_in_database,match_games,"{""id"": 6116946}",,,,,,False,
missing_in_database,match_games,"{""id"": 6116947}",,,,,,False,
missing_in_database,match_games,"{""id"": 6116948}",,,,,,False,
missing_in_database,match_games,"{""id"": 6116949}",,,,,,False,
missing_in_database,match_games,"{""id"": 6116950}",,,,,,False,
missing_in_database,match_games,"{""id"": 6116951}",,,,,,False,
missing_in_database,match_games,"{""id"": 6116952}",,,,,,False,
missing_in_database,match_games,"{""id"": 6116953}",,,,,,False,
missing_in_database,match_games,"{""id"": 6116954}",,,,,,False,
missing_in_database,match_games,"{""id"": 6116955}",,,,,,False,
missing_in_database,match_games,"{""id"": 6116956}",,,,,,False,
missing_in_database,match_games,"{""id"": 6116957}",,,,,,False,
missing_in_database,match_games,"{""id"": 6116958}",,,,,,False,
missing_in_database,match_games,"{""id"": 6116959}",,,,,,False,
missing_in_database,match_games,"{""id"": 6116960}",,,,,,False,
missing_in_database,match_games,"{""id"": 6116961}",,,,,,False,
missing_in_database,match_games,"{""id"": 6116962}",,,,,,False,
missing_in_database,match_games,"{""id"": 6116963}",,,,,,False,
missing_in_database,match_games,"{""id"": 6116964}",,,,,,False,
missing_in_database,match_games,"{""id"": 6116965}",,,,,,False,
missing_in_database,match_games,"{""id"": 6116966}",,,,,,False,
missing_in_database,match_games,"{""id"": 6116967}",,,,,,False,
missing_in_database,match_games,"{""id"": 6116968}",,,,,,False,
missing_in_database,match_games,"{""id"": 6116969}",,,,,,False,
missing_in_database,match_games,"{""id"": 6116970}",,,,,,False,
missing_in_database,match_games,"{""id"": 6116971}",,,,,,False,
missing_in_database,match_games,"{""id"": 6116972}",,,,,,False,
missing_in_database,match_games,"{""id"": 6116973}",,,,,,False,
missing_in_database,match_games,"{""id"": 6116974}",,,,,,False,
missing_in_database,match_games,"{""id"": 6116975}",,,,,,False,
missing_in_database,match_games,"{""id"": 6116976}",,,,,,False,
missing_in_database,match_games,"{""id"": 6116977}",,,,,,False,
missing_in_database,match_games,"{""id"": 6116978}",,,,,,False,
missing_in_database,match_games,"{""id"": 6116979}",,,,,,False,
missing_in_database,match_games,"{""id"": 6116980}",,,,,,False,
missing_in_database,match_games,"{""id"": 6116981}",,,,,,False,
missing_in_database,match_games,"{""id"": 6116982}",,,,,,False,
missing_in_database,match_games,"{""id"": 6116983}",,,,,,False,
missing_in_database,match_games,"{""id"": 6116984}",,,,,,False,
missing_in_database,match_games,"{""id"": 6116985}",,,,,,False,
missing_in_database,match_games,"{""id"": 6116986}",,,,,,False,
missing_in_database,match_games,"{""id"": 6116987}",,,,,,False,
missing_in_database,match_games,"{""id"": 6116988}",,,,,,False,
missing_in_database,match_games,"{""id"": 6116989}",,,,,,False,
missing_in_database,match_games,"{""id"": 6116990}",,,,,,False,
missing_in_database,match_games,"{""id"": 6116991}",,,,,,False,
missing_in_database,match_games,"{""id"": 6116992}",,,,,,False,
missing_in_database,match_games,"{""id"": 6116993}",,,,,,False,
missing_in_database,match_games,"{""id"": 6116994}",,,,,,False,
missing_in_database,match_games,"{""id"": 6116995}",,,,,,False,
missing_in_database,match_games,"{""id"": 6116996}",,,,,,False,
missing_in_database,match_games,"{""id"": 6116997}",,,,,,False,
missing_in_database,match_games,"{""id"": 6116998}",,,,,,False,
missing_in_database,match_games,"{""id"": 6116999}",,,,,,False,
missing_in_database,match_games,"{""id"": 6117000}",,,,,,False,
missing_in_database,match_games,"{""id"": 6117001}",,,,,,False,
missing_in_database,match_games,"{""id"": 6117002}",,,,,,False,
missing_in_database,match_games,"{""id"": 6117003}",,,,,,False,
missing_in_database,match_games,"{""id"": 6117004}",,,,,,False,
missing_in_database,match_games,"{""id"": 6117005}",,,,,,False,
missing_in_database,match_games,"{""id"": 6117006}",,,,,,False,
missing_in_database,match_games,"{""id"": 6117007}",,,,,,False,
missing_in_database,match_games,"{""id"": 6117008}",,,,,,False,
missing_in_database,match_games,"{""id"": 6117009}",,,,,,False,
missing_in_database,match_games,"{""id"": 6117010}",,,,,,False,
missing_in_database,match_games,"{""id"": 6117011}",,,,,,False,
missing_in_database,match_games,"{""id"": 6117012}",,,,,,False,
missing_in_database,match_games,"{""id"": 6117013}",,,,,,False,
missing_in_database,match_games,"{""id"": 6117014}",,,,,,False,
missing_in_database,match_games,"{""id"": 6117015}",,,,,,False,
missing_in_database,match_games,"{""id"": 6117016}",,,,,,False,
missing_in_database,match_games,"{""id"": 6117017}",,,,,,False,
missing_in_database,match_games,"{""id"": 6117018}",,,,,,False,
missing_in_database,match_games,"{""id"": 6117019}",,,,,,False,
missing_in_database,match_games,"{""id"": 6117020}",,,,,,False,
missing_in_database,match_games,"{""id"": 6117021}",,,,,,False,
missing_in_database,match_games,"{""id"": 6117022}",,,,,,False,
missing_in_database,match_games,"{""id"": 6117023}",,,,,,False,
missing_in_database,match_games,"{""id"": 6117024}",,,,,,False,
missing_in_database,match_games,"{""id"": 6117025}",,,,,,False,
missing_in_database,match_games,"{""id"": 6117026}",,,,,,False,
missing_in_database,match_games,"{""id"": 6117027}",,,,,,False,
missing_in_database,match_games,"{""id"": 6117028}",,,,,,False,
missing_in_database,match_games,"{""id"": 6117029}",,,,,,False,
missing_in_database,match_games,"{""id"": 6117030}",,,,,,False,
missing_in_database,match_games,"{""id"": 6117031}",,,,,,False,
missing_in_database,match_games,"{""id"": 6117032}",,,,,,False,
missing_in_database,match_games,"{""id"": 6117033}",,,,,,False,
missing_in_database,match_games,"{""id"": 6117034}",,,,,,False,
missing_in_database,match_games,"{""id"": 6117035}",,,,,,False,
missing_in_database,match_games,"{""id"": 6117036}",,,,,,False,
missing_in_database,match_games,"{""id"": 6117037}",,,,,,False,
missing_in_database,match_games,"{""id"": 6117038}",,,,,,False,
missing_in_database,match_games,"{""id"": 6117039}",,,,,,False,
missing_in_database,match_games,"{""id"": 6117040}",,,,,,False,
missing_in_database,match_games,"{""id"": 6117041}",,,,,,False,
missing_in_database,match_games,"{""id"": 6117042}",,,,,,False,
missing_in_database,match_games,"{""id"": 6117043}",,,,,,False,
missing_in_database,match_games,"{""id"": 6117044}",,,,,,False,
missing_in_database,match_games,"{""id"": 6117045}",,,,,,False,
missing_in_database,match_games,"{""id"": 6117046}",,,,,,False,
missing_in_database,match_games,"{""id"": 6117047}",,,,,,False,
missing_in_database,match_games,"{""id"": 6117048}",,,,,,False,
missing_in_database,match_games,"{""id"": 6117049}",,,,,,False,
missing_in_database,match_games,"{""id"": 6117050}",,,,,,False,
missing_in_database,match_games,"{""id"": 6117051}",,,,,,False,
missing_in_database,match_games,"{""id"": 6117052}",,,,,,False,
missing_in_database,match_games,"{""id"": 6117053}",,,,,,False,
missing_in_database,match_games,"{""id"": 6117054}",,,,,,False,
missing_in_database,match_games,"{""id"": 6117055}",,,,,,False,
missing_in_database,match_games,"{""id"": 6117056}",,,,,,False,
missing_in_database,match_games,"{""id"": 6117057}",,,,,,False,
missing_in_database,match_games,"{""id"": 6117058}",,,,,,False,
missing_in_database,match_games,"{""id"": 6117059}",,,,,,False,
missing_in_database,match_games,"{""id"": 6117060}",,,,,,False,
missing_in_database,match_games,"{""id"": 6117061}",,,,,,False,
missing_in_database,match_games,"{""id"": 6117062}",,,,,,False,
missing_in_database,match_games,"{""id"": 6117063}",,,,,,False,
missing_in_database,match_games,"{""id"": 6117064}",,,,,,False,
missing_in_database,match_games,"{""id"": 6117065}",,,,,,False,
missing_in_database,match_games,"{""id"": 6117066}",,,,,,False,
missing_in_database,match_games,"{""id"": 6117067}",,,,,,False,
missing_in_database,match_games,"{""id"": 6117068}",,,,,,False,
missing_in_database,match_games,"{""id"": 6117069}",,,,,,False,
missing_in_database,match_games,"{""id"": 6117070}",,,,,,False,
missing_in_database,match_games,"{""id"": 6117071}",,,,,,False,
missing_in_database,match_games,"{""id"": 6117072}",,,,,,False,
missing_in_database,match_games,"{""id"": 6117073}",,,,,,False,
missing_in_database,match_games,"{""id"": 6117074}",,,,,,False,
missing_in_database,match_games,"{""id"": 6117075}",,,,,,False,
missing_in_database,match_games,"{""id"": 6117076}",,,,,,False,
missing_in_database,match_games,"{""id"": 6117077}",,,,,,False,
missing_in_database,match_games,"{""id"": 6117078}",,,,,,False,
missing_in_database,match_games,"{""id"": 6117079}",,,,,,False,
missing_in_database,match_games,"{""id"": 6117080}",,,,,,False,
missing_in_database,match_games,"{""id"": 6117081}",,,,,,False,
missing_in_database,match_games,"{""id"": 6117082}",,,,,,False,
missing_in_database,match_games,"{""id"": 6117083}",,,,,,False,
missing_in_database,match_games,"{""id"": 6117084}",,,,,,False,
missing_in_database,match_games,"{""id"": 6117085}",,,,,,False,
missing_in_database,match_games,"{""id"": 6117086}",,,,,,False,
missing_in_database,match_games,"{""id"": 6117087}",,,,,,False,
missing_in_database,match_games,"{""id"": 6117088}",,,,,,False,
missing_in_database,match_games,"{""id"": 6117089}",,,,,,False,
missing_in_database,match_games,"{""id"": 6117090}",,,,,,False,
missing_in_database,match_games,"{""id"": 6117091}",,,,,,False,
missing_in_database,match_games,"{""id"": 6117092}",,,,,,False,
missing_in_database,match_games,"{""id"": 6117093}",,,,,,False,
missing_in_database,match_games,"{""id"": 6117094}",,,,,,False,
missing_in_database,match_games,"{""id"": 6117095}",,,,,,False,
missing_in_database,match_games,"{""id"": 6117096}",,,,,,False,
missing_in_database,match_games,"{""id"": 6117097}",,,,,,False,
missing_in_database,match_games,"{""id"": 6117098}",,,,,,False,
missing_in_database,match_games,"{""id"": 6117099}",,,,,,False,
missing_in_database,match_games,"{""id"": 6117100}",,,,,,False,
missing_in_database,match_games,"{""id"": 6117101}",,,,,,False,
missing_in_database,match_games,"{""id"": 6117102}",,,,,,False,
missing_in_database,match_games,"{""id"": 6117103}",,,,,,False,
missing_in_database,match_games,"{""id"": 6117104}",,,,,,False,
missing_in_database,match_games,"{""id"": 6117105}",,,,,,False,
missing_in_database,match_games,"{""id"": 6117106}",,,,,,False,
missing_in_database,match_games,"{""id"": 6117107}",,,,,,False,
missing_in_database,match_games,"{""id"": 6117108}",,,,,,False,
missing_in_database,match_games,"{""id"": 6117109}",,,,,,False,
missing_in_database,match_games,"{""id"": 6117110}",,,,,,False,
missing_in_database,match_games,"{""id"": 6117111}",,,,,,False,
missing_in_database,match_games,"{""id"": 6117112}",,,,,,False,
missing_in_database,match_games,"{""id"": 6117113}",,,,,,False,
missing_in_database,match_games,"{""id"": 6117114}",,,,,,False,
missing_in_database,match_games,"{""id"": 6117115}",,,,,,False,
missing_in_database,match_games,"{""id"": 6117116}",,,,,,False,
missing_in_database,match_games,"{""id"": 6117117}",,,,,,False,
missing_in_database,match_games,"{""id"": 6117118}",,,,,,False,
missing_in_database,match_games,"{""id"": 6117119}",,,,,,False,
missing_in_database,match_games,"{""id"": 6117120}",,,,,,False,
missing_in_database,match_games,"{""id"": 6117121}",,,,,,False,
missing_in_database,match_games,"{""id"": 6117122}",,,,,,False,
missing_in_database,match_games,"{""id"": 6117123}",,,,,,False,
missing_in_database,match_games,"{""id"": 6117124}",,,,,,False,
missing_in_database,match_games,"{""id"": 6117125}",,,,,,False,
missing_in_database,match_games,"{""id"": 6117126}",,,,,,False,
missing_in_database,match_games,"{""id"": 6117127}",,,,,,False,
missing_in_database,match_games,"{""id"": 6117128}",,,,,,False,
missing_in_database,match_games,"{""id"": 6117129}",,,,,,False,
missing_in_database,match_games,"{""id"": 6117130}",,,,,,False,
missing_in_database,match_games,"{""id"": 6117131}",,,,,,False,
missing_in_database,match_games,"{""id"": 6117132}",,,,,,False,
missing_in_database,match_games,"{""id"": 6117133}",,,,,,False,
missing_in_database,match_games,"{""id"": 6117134}",,,,,,False,
missing_in_database,match_games,"{""id"": 6117135}",,,,,,False,
missing_in_database,match_games,"{""id"": 6117136}",,,,,,False,
missing_in_database,match_games,"{""id"": 6117137}",,,,,,False,
missing_in_database,match_games,"{""id"": 6117138}",,,,,,False,
missing_in_database,match_games,"{""id"": 6117139}",,,,,,False,
missing_in_database,match_games,"{""id"": 6117140}",,,,,,False,
missing_in_database,match_games,"{""id"": 6117141}",,,,,,False,
missing_in_database,match_games,"{""id"": 6117142}",,,,,,False,
missing_in_database,match_games,"{""id"": 6117143}",,,,,,False,
missing_in_database,match_games,"{""id"": 6117144}",,,,,,False,
missing_in_database,match_games,"{""id"": 6117145}",,,,,,False,
missing_in_database,match_games,"{""id"": 6117146}",,,,,,False,
missing_in_database,match_games,"{""id"": 6117147}",,,,,,False,
missing_in_database,match_games,"{""id"": 6117148}",,,,,,False,
missing_in_database,match_games,"{""id"": 6117149}",,,,,,False,
missing_in_database,match_games,"{""id"": 6117150}",,,,,,False,
missing_in_database,match_games,"{""id"": 6117151}",,,,,,False,
missing_in_database,match_games,"{""id"": 6117152}",,,,,,False,
missing_in_database,match_games,"{""id"": 6117153}",,,,,,False,
missing_in_database,match_games,"{""id"": 6117154}",,,,,,False,
missing_in_database,match_games,"{""id"": 6117155}",,,,,,False,
missing_in_database,match_games,"{""id"": 6117156}",,,,,,False,
missing_in_database,match_games,"{""id"": 6117157}",,,,,,False,
missing_in_database,match_games,"{""id"": 6117158}",,,,,,False,
missing_in_database,match_games,"{""id"": 6117159}",,,,,,False,
missing_in_database,match_games,"{""id"": 6117160}",,,,,,False,
missing_in_database,match_games,"{""id"": 6117161}",,,,,,False,
missing_in_database,match_games,"{""id"": 6117162}",,,,,,False,
missing_in_database,match_games,"{""id"": 6117163}",,,,,,False,
missing_in_database,match_games,"{""id"": 6117164}",,,,,,False,
missing_in_database,match_games,"{""id"": 6117165}",,,,,,False,
missing_in_database,match_games,"{""id"": 6117166}",,,,,,False,
missing_in_database,match_games,"{""id"": 6117167}",,,,,,False,
missing_in_database,match_games,"{""id"": 6117168}",,,,,,False,
missing_in_database,match_games,"{""id"": 6117169}",,,,,,False,
missing_in_database,match_games,"{""id"": 6117170}",,,,,,False,
missing_in_database,match_games,"{""id"": 6117171}",,,,,,False,
missing_in_database,match_games,"{""id"": 6117172}",,,,,,False,
missing_in_database,match_games,"{""id"": 6117173}",,,,,,False,
missing_in_database,match_games,"{""id"": 6117174}",,,,,,False,
missing_in_database,match_games,"{""id"": 6117175}",,,,,,False,
missing_in_database,match_games,"{""id"": 6117176}",,,,,,False,
missing_in_database,match_games,"{""id"": 6117177}",,,,,,False,
missing_in_database,match_games,"{""id"": 6117178}",,,,,,False,
missing_in_database,match_games,"{""id"": 6117179}",,,,,,False,
missing_in_database,match_games,"{""id"": 6117180}",,,,,,False,
missing_in_database,match_games,"{""id"": 6117181}",,,,,,False,
missing_in_database,match_games,"{""id"": 6117182}",,,,,,False,
missing_in_database,match_games,"{""id"": 6117183}",,,,,,False,
missing_in_database,match_games,"{""id"": 6117184}",,,,,,False,
missing_in_database,match_games,"{""id"": 6117185}",,,,,,False,
missing_in_database,match_games,"{""id"": 6117186}",,,,,,False,
missing_in_database,match_games,"{""id"": 6117187}",,,,,,False,
missing_in_database,match_games,"{""id"": 6117188}",,,,,,False,
missing_in_database,match_games,"{""id"": 6117189}",,,,,,False,
missing_in_database,match_games,"{""id"": 6117190}",,,,,,False,
missing_in_database,match_games,"{""id"": 6117191}",,,,,,False,
missing_in_database,match_games,"{""id"": 6117192}",,,,,,False,
missing_in_database,match_games,"{""id"": 6117193}",,,,,,False,
missing_in_database,match_games,"{""id"": 6117194}",,,,,,False,
missing_in_database,match_games,"{""id"": 6117195}",,,,,,False,
missing_in_database,match_games,"{""id"": 6117196}",,,,,,False,
missing_in_database,match_games,"{""id"": 6117197}",,,,,,False,
missing_in_database,match_games,"{""id"": 6117198}",,,,,,False,
missing_in_database,match_games,"{""id"": 6117199}",,,,,,False,
missing_in_database,match_games,"{""id"": 6117200}",,,,,,False,
missing_in_database,match_games,"{""id"": 6117201}",,,,,,False,
missing_in_database,match_games,"{""id"": 6117202}",,,,,,False,
missing_in_database,match_games,"{""id"": 6117203}",,,,,,False,
missing_in_database,match_games,"{""id"": 6117204}",,,,,,False,
missing_in_database,match_games,"{""id"": 6117205}",,,,,,False,
missing_in_database,match_games,"{""id"": 6117206}",,,,,,False,
missing_in_database,match_games,"{""id"": 6117207}",,,,,,False,
missing_in_database,match_games,"{""id"": 6117208}",,,,,,False,
missing_in_database,match_games,"{""id"": 6117209}",,,,,,False,
missing_in_database,match_games,"{""id"": 6117210}",,,,,,False,
missing_in_database,match_games,"{""id"": 6117211}",,,,,,False,
missing_in_database,match_games,"{""id"": 6117212}",,,,,,False,
missing_in_database,match_games,"{""id"": 6117213}",,,,,,False,
missing_in_database,match_games,"{""id"": 6117214}",,,,,,False,
missing_in_database,match_games,"{""id"": 6117215}",,,,,,False,
missing_in_database,match_games,"{""id"": 6117216}",,,,,,False,
missing_in_database,match_games,"{""id"": 6117217}",,,,,,False,
missing_in_database,match_games,"{""id"": 6117218}",,,,,,False,
missing_in_database,match_games,"{""id"": 6117219}",,,,,,False,
missing_in_database,match_games,"{""id"": 6117220}",,,,,,False,
missing_in_database,match_games,"{""id"": 6117221}",,,,,,False,
missing_in_database,match_games,"{""id"": 6117222}",,,,,,False,
missing_in_database,match_games,"{""id"": 6117223}",,,,,,False,
missing_in_database,match_games,"{""id"": 6117224}",,,,,,False,
missing_in_database,match_games,"{""id"": 6117225}",,,,,,False,
missing_in_database,match_games,"{""id"": 6117226}",,,,,,False,
missing_in_database,match_games,"{""id"": 6117227}",,,,,,False,
missing_in_database,match_games,"{""id"": 6117228}",,,,,,False,
missing_in_database,match_games,"{""id"": 6117229}",,,,,,False,
missing_in_database,match_games,"{""id"": 6117230}",,,,,,False,
missing_in_database,match_games,"{""id"": 6117231}",,,,,,False,
missing_in_database,match_games,"{""id"": 6117232}",,,,,,False,
missing_in_database,match_games,"{""id"": 6117233}",,,,,,False,
missing_in_database,match_games,"{""id"": 6117234}",,,,,,False,
missing_in_database,match_games,"{""id"": 6117235}",,,,,,False,
missing_in_database,match_games,"{""id"": 6117236}",,,,,,False,
missing_in_database,match_games,"{""id"": 6117237}",,,,,,False,
missing_in_database,match_games,"{""id"": 6117238}",,,,,,False,
missing_in_database,match_games,"{""id"": 6117239}",,,,,,False,
missing_in_database,match_games,"{""id"": 6117240}",,,,,,False,
missing_in_database,match_games,"{""id"": 6117241}",,,,,,False,
missing_in_database,match_games,"{""id"": 6117242}",,,,,,False,
missing_in_database,match_games,"{""id"": 6117243}",,,,,,False,
missing_in_database,match_games,"{""id"": 6117244}",,,,,,False,
missing_in_database,match_games,"{""id"": 6117245}",,,,,,False,
missing_in_database,match_games,"{""id"": 6117246}",,,,,,False,
missing_in_database,match_games,"{""id"": 6117247}",,,,,,False,
missing_in_database,match_games,"{""id"": 6117248}",,,,,,False,
missing_in_database,match_games,"{""id"": 6117249}",,,,,,False,
missing_in_database,match_games,"{""id"": 6117250}",,,,,,False,
missing_in_database,match_games,"{""id"": 6117251}",,,,,,False,
missing_in_database,match_games,"{""id"": 6117252}",,,,,,False,
missing_in_database,match_games,"{""id"": 6117253}",,,,,,False,
missing_in_database,match_games,"{""id"": 6117254}",,,,,,False,
missing_in_database,match_games,"{""id"": 6117255}",,,,,,False,
missing_in_database,match_games,"{""id"": 6117256}",,,,,,False,
missing_in_database,match_games,"{""id"": 6117257}",,,,,,False,
missing_in_database,match_games,"{""id"": 6117258}",,,,,,False,
missing_in_database,match_games,"{""id"": 6117259}",,,,,,False,
missing_in_database,match_games,"{""id"": 6117260}",,,,,,False,
missing_in_database,match_games,"{""id"": 6117261}",,,,,,False,
missing_in_database,match_games,"{""id"": 6117262}",,,,,,False,
missing_in_database,match_games,"{""id"": 6117263}",,,,,,False,
missing_in_database,match_games,"{""id"": 6117264}",,,,,,False,
missing_in_database,match_games,"{""id"": 6117265}",,,,,,False,
missing_in_database,match_games,"{""id"": 6117266}",,,,,,False,
missing_in_database,match_games,"{""id"": 6117267}",,,,,,False,
missing_in_database,match_games,"{""id"": 6117268}",,,,,,False,
missing_in_database,match_games,"{""id"": 6117269}",,,,,,False,
missing_in_database,match_games,"{""id"": 6117270}",,,,,,False,
missing_in_database,match_games,"{""id"": 6117271}",,,,,,False,
missing_in_database,match_games,"{""id"": 6117272}",,,,,,False,
missing_in_database,match_games,"{""id"": 6117273}",,,,,,False,
missing_in_database,match_games,"{""id"": 6117274}",,,,,,False,
missing_in_database,match_games,"{""id"": 6117275}",,,,,,False,
missing_in_database,match_games,"{""id"": 6117276}",,,,,,False,
missing_in_database,match_games,"{""id"": 6117277}",,,,,,False,
missing_in_database,match_games,"{""id"": 6117278}",,,,,,False,
missing_in_database,match_games,"{""id"": 6117279}",,,,,,False,
missing_in_database,match_games,"{""id"": 6117280}",,,,,,False,
missing_in_database,match_games,"{""id"": 6117281}",,,,,,False,
missing_in_database,match_games,"{""id"": 6117282}",,,,,,False,
missing_in_database,match_games,"{""id"": 6117283}",,,,,,False,
missing_in_database,match_games,"{""id"": 6117284}",,,,,,False,
missing_in_database,match_games,"{""id"": 6117285}",,,,,,False,
missing_in_database,match_games,"{""id"": 6117286}",,,,,,False,
missing_in_database,match_games,"{""id"": 6117287}",,,,,,False,
missing_in_database,match_games,"{""id"": 6117288}",,,,,,False,
missing_in_database,match_games,"{""id"": 6117289}",,,,,,False,
missing_in_database,match_games,"{""id"": 6117290}",,,,,,False,
missing_in_database,match_games,"{""id"": 6117291}",,,,,,False,
missing_in_database,match_games,"{""id"": 6117292}",,,,,,False,
missing_in_database,match_games,"{""id"": 6117293}",,,,,,False,
missing_in_database,match_games,"{""id"": 6117294}",,,,,,False,
missing_in_database,match_games,"{""id"": 6117295}",,,,,,False,
missing_in_database,match_games,"{""id"": 6117296}",,,,,,False,
missing_in_database,match_games,"{""id"": 6117297}",,,,,,False,
missing_in_database,match_games,"{""id"": 6117298}",,,,,,False,
missing_in_database,match_games,"{""id"": 6117299}",,,,,,False,
missing_in_database,match_games,"{""id"": 6117300}",,,,,,False,
missing_in_database,match_games,"{""id"": 6117301}",,,,,,False,
missing_in_database,match_games,"{""id"": 6117302}",,,,,,False,
missing_in_database,match_games,"{""id"": 6117303}",,,,,,False,
missing_in_database,match_games,"{""id"": 6117304}",,,,,,False,
missing_in_database,match_games,"{""id"": 6117305}",,,,,,False,
missing_in_database,match_games,"{""id"": 6117306}",,,,,,False,
missing_in_database,match_games,"{""id"": 6117307}",,,,,,False,
missing_in_database,match_games,"{""id"": 6117308}",,,,,,False,
missing_in_database,match_games,"{""id"": 6117309}",,,,,,False,
missing_in_database,match_games,"{""id"": 6117310}",,,,,,False,
missing_in_database,match_games,"{""id"": 6117311}",,,,,,False,
missing_in_database,match_games,"{""id"": 6117312}",,,,,,False,
missing_in_database,match_games,"{""id"": 6117313}",,,,,,False,
missing_in_database,match_games,"{""id"": 6117314}",,,,,,False,
missing_in_database,match_games,"{""id"": 6117315}",,,,,,False,
missing_in_database,match_games,"{""id"": 6117316}",,,,,,False,
missing_in_database,match_games,"{""id"": 6117317}",,,,,,False,
missing_in_database,match_games,"{""id"": 6117318}",,,,,,False,
missing_in_database,match_games,"{""id"": 6117319}",,,,,,False,
missing_in_database,match_games,"{""id"": 6117320}",,,,,,False,
missing_in_database,match_games,"{""id"": 6117321}",,,,,,False,
missing_in_database,match_games,"{""id"": 6117322}",,,,,,False,
missing_in_database,match_games,"{""id"": 6117323}",,,,,,False,
missing_in_database,match_games,"{""id"": 6117324}",,,,,,False,
missing_in_database,match_games,"{""id"": 6117325}",,,,,,False,
missing_in_database,match_games,"{""id"": 6117326}",,,,,,False,
missing_in_database,match_games,"{""id"": 6117327}",,,,,,False,
missing_in_database,match_games,"{""id"": 6117328}",,,,,,False,
missing_in_database,match_games,"{""id"": 6117329}",,,,,,False,
missing_in_database,match_games,"{""id"": 6117330}",,,,,,False,
missing_in_database,match_games,"{""id"": 6117331}",,,,,,False,
missing_in_database,match_games,"{""id"": 6117332}",,,,,,False,
missing_in_database,match_games,"{""id"": 6117333}",,,,,,False,
missing_in_database,match_games,"{""id"": 6117334}",,,,,,False,
missing_in_database,match_games,"{""id"": 6117335}",,,,,,False,
missing_in_database,match_games,"{""id"": 6117336}",,,,,,False,
missing_in_database,match_games,"{""id"": 6117337}",,,,,,False,
missing_in_database,match_games,"{""id"": 6117338}",,,,,,False,
missing_in_database,match_games,"{""id"": 6117339}",,,,,,False,
missing_in_database,match_games,"{""id"": 6117340}",,,,,,False,
missing_in_database,match_games,"{""id"": 6117341}",,,,,,False,
missing_in_database,match_games,"{""id"": 6117342}",,,,,,False,
missing_in_database,match_games,"{""id"": 6117343}",,,,,,False,
missing_in_database,match_games,"{""id"": 6117344}",,,,,,False,
missing_in_database,match_games,"{""id"": 6117345}",,,,,,False,
missing_in_database,match_games,"{""id"": 6117346}",,,,,,False,
missing_in_database,match_games,"{""id"": 6117347}",,,,,,False,
missing_in_database,match_games,"{""id"": 6117348}",,,,,,False,
missing_in_database,match_games,"{""id"": 6117349}",,,,,,False,
missing_in_database,match_games,"{""id"": 6117350}",,,,,,False,
missing_in_database,match_games,"{""id"": 6117351}",,,,,,False,
missing_in_database,match_games,"{""id"": 6117352}",,,,,,False,
missing_in_database,match_games,"{""id"": 6117353}",,,,,,False,
missing_in_database,match_games,"{""id"": 6117354}",,,,,,False,
missing_in_database,match_games,"{""id"": 6117355}",,,,,,False,
missing_in_database,match_games,"{""id"": 6117356}",,,,,,False,
missing_in_database,match_games,"{""id"": 6117357}",,,,,,False,
missing_in_database,match_games,"{""id"": 6117358}",,,,,,False,
missing_in_database,match_games,"{""id"": 6117359}",,,,,,False,
missing_in_database,match_games,"{""id"": 6117360}",,,,,,False,
missing_in_database,match_games,"{""id"": 6117361}",,,,,,False,
missing_in_database,match_games,"{""id"": 6117362}",,,,,,False,
missing_in_database,match_games,"{""id"": 6117363}",,,,,,False,
missing_in_database,match_games,"{""id"": 6117364}",,,,,,False,
missing_in_database,match_games,"{""id"": 6117365}",,,,,,False,
missing_in_database,match_games,"{""id"": 6117366}",,,,,,False,
missing_in_database,match_games,"{""id"": 6117367}",,,,,,False,
missing_in_database,match_games,"{""id"": 6117368}",,,,,,False,
missing_in_database,match_games,"{""id"": 6117369}",,,,,,False,
missing_in_database,match_games,"{""id"": 6117370}",,,,,,False,
missing_in_database,match_games,"{""id"": 6117371}",,,,,,False,
missing_in_database,match_games,"{""id"": 6117372}",,,,,,False,
missing_in_database,match_games,"{""id"": 6117373}",,,,,,False,
missing_in_database,match_games,"{""id"": 6117374}",,,,,,False,
missing_in_database,match_games,"{""id"": 6117375}",,,,,,False,
missing_in_database,match_games,"{""id"": 6117376}",,,,,,False,
missing_in_database,match_games,"{""id"": 6117377}",,,,,,False,
missing_in_database,match_games,"{""id"": 6117378}",,,,,,False,
missing_in_database,match_games,"{""id"": 6117379}",,,,,,False,
missing_in_database,match_games,"{""id"": 6117380}",,,,,,False,
missing_in_database,match_games,"{""id"": 6117381}",,,,,,False,
missing_in_database,match_games,"{""id"": 6117382}",,,,,,False,
missing_in_database,match_games,"{""id"": 6117383}",,,,,,False,
missing_in_database,match_games,"{""id"": 6117384}",,,,,,False,
missing_in_database,match_games,"{""id"": 6117385}",,,,,,False,
missing_in_database,match_games,"{""id"": 6117386}",,,,,,False,
missing_in_database,match_games,"{""id"": 6117387}",,,,,,False,
missing_in_database,match_games,"{""id"": 6117388}",,,,,,False,
missing_in_database,match_games,"{""id"": 6117389}",,,,,,False,
missing_in_database,match_games,"{""id"": 6117390}",,,,,,False,
missing_in_database,match_games,"{""id"": 6117391}",,,,,,False,
missing_in_database,match_games,"{""id"": 6117392}",,,,,,False,
missing_in_database,match_games,"{""id"": 6117393}",,,,,,False,
missing_in_database,match_games,"{""id"": 6117394}",,,,,,False,
missing_in_database,match_games,"{""id"": 6117395}",,,,,,False,
missing_in_database,match_games,"{""id"": 6117396}",,,,,,False,
missing_in_database,match_games,"{""id"": 6117397}",,,,,,False,
missing_in_database,match_games,"{""id"": 6117398}",,,,,,False,
missing_in_database,match_games,"{""id"": 6117399}",,,,,,False,
missing_in_database,match_games,"{""id"": 6117400}",,,,,,False,
missing_in_database,match_games,"{""id"": 6117401}",,,,,,False,
missing_in_database,match_games,"{""id"": 6117402}",,,,,,False,
missing_in_database,match_games,"{""id"": 6117403}",,,,,,False,
missing_in_database,match_games,"{""id"": 6117404}",,,,,,False,
missing_in_database,match_games,"{""id"": 6117405}",,,,,,False,
missing_in_database,match_games,"{""id"": 6117406}",,,,,,False,
missing_in_database,match_games,"{""id"": 6117407}",,,,,,False,
missing_in_database,match_games,"{""id"": 6117408}",,,,,,False,
missing_in_database,match_games,"{""id"": 6117409}",,,,,,False,
missing_in_database,match_games,"{""id"": 6117410}",,,,,,False,
missing_in_database,match_games,"{""id"": 6117411}",,,,,,False,
missing_in_database,match_games,"{""id"": 6117412}",,,,,,False,
missing_in_database,match_games,"{""id"": 6117413}",,,,,,False,
missing_in_database,match_games,"{""id"": 6117414}",,,,,,False,
missing_in_database,match_games,"{""id"": 6117415}",,,,,,False,
missing_in_database,match_games,"{""id"": 6117416}",,,,,,False,
missing_in_database,match_games,"{""id"": 6117417}",,,,,,False,
missing_in_database,match_games,"{""id"": 6117418}",,,,,,False,
missing_in_database,match_games,"{""id"": 6117419}",,,,,,False,
missing_in_database,match_games,"{""id"": 6117420}",,,,,,False,
missing_in_database,match_games,"{""id"": 6117421}",,,,,,False,
missing_in_database,match_games,"{""id"": 6117422}",,,,,,False,
missing_in_database,match_games,"{""id"": 6117423}",,,,,,False,
missing_in_database,match_games,"{""id"": 6117424}",,,,,,False,
missing_in_database,match_games,"{""id"": 6117425}",,,,,,False,
missing_in_database,match_games,"{""id"": 6117426}",,,,,,False,
missing_in_database,match_games,"{""id"": 6117427}",,,,,,False,
missing_in_database,match_games,"{""id"": 6117428}",,,,,,False,
missing_in_database,match_games,"{""id"": 6117429}",,,,,,False,
missing_in_database,match_games,"{""id"": 6117430}",,,,,,False,
missing_in_database,match_games,"{""id"": 6117431}",,,,,,False,
missing_in_database,match_games,"{""id"": 6117432}",,,,,,False,
missing_in_database,match_games,"{""id"": 6117433}",,,,,,False,
missing_in_database,match_games,"{""id"": 6117434}",,,,,,False,
missing_in_database,match_games,"{""id"": 6117435}",,,,,,False,
missing_in_database,match_games,"{""id"": 6117436}",,,,,,False,
missing_in_database,match_games,"{""id"": 6117437}",,,,,,False,
missing_in_database,match_games,"{""id"": 6117438}",,,,,,False,
missing_in_database,match_games,"{""id"": 6117439}",,,,,,False,
missing_in_database,match_games,"{""id"": 6117440}",,,,,,False,
missing_in_database,match_games,"{""id"": 6117441}",,,,,,False,
missing_in_database,match_games,"{""id"": 6117442}",,,,,,False,
missing_in_database,match_games,"{""id"": 6117443}",,,,,,False,
missing_in_database,match_games,"{""id"": 6117444}",,,,,,False,
missing_in_database,match_games,"{""id"": 6117445}",,,,,,False,
missing_in_database,match_games,"{""id"": 6117446}",,,,,,False,
missing_in_database,match_games,"{""id"": 6117447}",,,,,,False,
missing_in_database,match_games,"{""id"": 6117448}",,,,,,False,
missing_in_database,match_games,"{""id"": 6117449}",,,,,,False,
missing_in_database,match_games,"{""id"": 6117450}",,,,,,False,
missing_in_database,match_games,"{""id"": 6117451}",,,,,,False,
missing_in_database,match_games,"{""id"": 6117452}",,,,,,False,
missing_in_database,match_games,"{""id"": 6117453}",,,,,,False,
missing_in_database,match_games,"{""id"": 6117454}",,,,,,False,
missing_in_database,match_games,"{""id"": 6117455}",,,,,,False,
missing_in_database,match_games,"{""id"": 6117456}",,,,,,False,
missing_in_database,match_games,"{""id"": 6117457}",,,,,,False,
missing_in_database,match_games,"{""id"": 6117458}",,,,,,False,
missing_in_database,match_games,"{""id"": 6117459}",,,,,,False,
missing_in_database,match_games,"{""id"": 6117460}",,,,,,False,
missing_in_database,match_games,"{""id"": 6117461}",,,,,,False,
missing_in_database,match_games,"{""id"": 6117462}",,,,,,False,
missing_in_database,match_games,"{""id"": 6117463}",,,,,,False,
missing_in_database,match_games,"{""id"": 6117464}",,,,,,False,
missing_in_database,match_games,"{""id"": 6117465}",,,,,,False,
missing_in_database,match_games,"{""id"": 6117466}",,,,,,False,
missing_in_database,match_games,"{""id"": 6117467}",,,,,,False,
missing_in_database,match_games,"{""id"": 6117468}",,,,,,False,
missing_in_database,match_games,"{""id"": 6117469}",,,,,,False,
missing_in_database,match_games,"{""id"": 6117470}",,,,,,False,
missing_in_database,match_games,"{""id"": 6117471}",,,,,,False,
missing_in_database,match_games,"{""id"": 6117472}",,,,,,False,
missing_in_database,match_games,"{""id"": 6117473}",,,,,,False,
missing_in_database,match_games,"{""id"": 6117474}",,,,,,False,
missing_in_database,match_games,"{""id"": 6117475}",,,,,,False,
missing_in_database,match_games,"{""id"": 6117476}",,,,,,False,
missing_in_database,match_games,"{""id"": 6117477}",,,,,,False,
missing_in_database,match_games,"{""id"": 6117478}",,,,,,False,
missing_in_database,match_games,"{""id"": 6117479}",,,,,,False,
missing_in_database,match_games,"{""id"": 6117480}",,,,,,False,
missing_in_database,match_games,"{""id"": 6117481}",,,,,,False,
missing_in_database,match_games,"{""id"": 6117482}",,,,,,False,
missing_in_database,match_games,"{""id"": 6117483}",,,,,,False,
missing_in_database,match_games,"{""id"": 6117484}",,,,,,False,
missing_in_database,match_games,"{""id"": 6117485}",,,,,,False,
missing_in_database,match_games,"{""id"": 6117486}",,,,,,False,
missing_in_database,match_games,"{""id"": 6117487}",,,,,,False,
missing_in_database,match_games,"{""id"": 6117488}",,,,,,False,
missing_in_database,match_games,"{""id"": 6117489}",,,,,,False,
missing_in_database,match_games,"{""id"": 6117490}",,,,,,False,
missing_in_database,match_games,"{""id"": 6117491}",,,,,,False,
missing_in_database,match_games,"{""id"": 6117492}",,,,,,False,
missing_in_database,match_games,"{""id"": 6117493}",,,,,,False,
missing_in_database,match_games,"{""id"": 6117494}",,,,,,False,
missing_in_database,match_games,"{""id"": 6117495}",,,,,,False,
missing_in_database,match_games,"{""id"": 6117496}",,,,,,False,
missing_in_database,match_games,"{""id"": 6117497}",,,,,,False,
missing_in_database,match_games,"{""id"": 6117498}",,,,,,False,
missing_in_database,match_games,"{""id"": 6117499}",,,,,,False,
missing_in_database,match_games,"{""id"": 6117500}",,,,,,False,
missing_in_database,match_games,"{""id"": 6117501}",,,,,,False,
missing_in_database,match_games,"{""id"": 6117502}",,,,,,False,
missing_in_database,match_games,"{""id"": 6117503}",,,,,,False,
missing_in_database,match_games,"{""id"": 6117504}",,,,,,False,
missing_in_database,match_games,"{""id"": 6117505}",,,,,,False,
missing_in_database,match_games,"{""id"": 6117506}",,,,,,False,
missing_in_database,match_games,"{""id"": 6117507}",,,,,,False,
missing_in_database,match_games,"{""id"": 6117508}",,,,,,False,
missing_in_database,match_games,"{""id"": 6117509}",,,,,,False,
missing_in_database,match_games,"{""id"": 6117510}",,,,,,False,
missing_in_database,match_games,"{""id"": 6117511}",,,,,,False,
missing_in_database,match_games,"{""id"": 6117512}",,,,,,False,
missing_in_database,match_games,"{""id"": 6117513}",,,,,,False,
missing_in_database,match_games,"{""id"": 6117514}",,,,,,False,
missing_in_database,match_games,"{""id"": 6117515}",,,,,,False,
missing_in_database,match_games,"{""id"": 6117516}",,,,,,False,
missing_in_database,match_games,"{""id"": 6117517}",,,,,,False,
missing_in_database,match_games,"{""id"": 6117518}",,,,,,False,
missing_in_database,match_games,"{""id"": 6117519}",,,,,,False,
missing_in_database,match_games,"{""id"": 6117520}",,,,,,False,
missing_in_database,match_games,"{""id"": 6117521}",,,,,,False,
missing_in_database,match_games,"{""id"": 6117522}",,,,,,False,
missing_in_database,match_games,"{""id"": 6117523}",,,,,,False,
missing_in_database,match_games,"{""id"": 6117524}",,,,,,False,
missing_in_database,match_games,"{""id"": 6117525}",,,,,,False,
missing_in_database,match_games,"{""id"": 6117526}",,,,,,False,
missing_in_database,match_games,"{""id"": 6117527}",,,,,,False,
missing_in_database,match_games,"{""id"": 6117528}",,,,,,False,
missing_in_database,match_games,"{""id"": 6117529}",,,,,,False,
missing_in_database,match_games,"{""id"": 6117530}",,,,,,False,
missing_in_database,match_games,"{""id"": 6117531}",,,,,,False,
missing_in_database,match_games,"{""id"": 6117532}",,,,,,False,
missing_in_database,match_games,"{""id"": 6117533}",,,,,,False,
missing_in_database,match_games,"{""id"": 6117534}",,,,,,False,
missing_in_database,match_games,"{""id"": 6117535}",,,,,,False,
missing_in_database,match_games,"{""id"": 6117536}",,,,,,False,
missing_in_database,match_games,"{""id"": 6117537}",,,,,,False,
missing_in_database,match_games,"{""id"": 6117538}",,,,,,False,
missing_in_database,match_games,"{""id"": 6117539}",,,,,,False,
missing_in_database,match_games,"{""id"": 6117540}",,,,,,False,
missing_in_database,match_games,"{""id"": 6117541}",,,,,,False,
missing_in_database,match_games,"{""id"": 6117542}",,,,,,False,
missing_in_database,match_games,"{""id"": 6117543}",,,,,,False,
missing_in_database,match_games,"{""id"": 6117544}",,,,,,False,
missing_in_database,match_games,"{""id"": 6117545}",,,,,,False,
missing_in_database,match_games,"{""id"": 6117546}",,,,,,False,
missing_in_database,match_games,"{""id"": 6117547}",,,,,,False,
missing_in_database,match_games,"{""id"": 6117548}",,,,,,False,
missing_in_database,match_games,"{""id"": 6117549}",,,,,,False,
missing_in_database,match_games,"{""id"": 6117550}",,,,,,False,
missing_in_database,match_games,"{""id"": 6117551}",,,,,,False,
missing_in_database,match_games,"{""id"": 6117552}",,,,,,False,
missing_in_database,match_games,"{""id"": 6117553}",,,,,,False,
missing_in_database,match_games,"{""id"": 6117554}",,,,,,False,
missing_in_database,match_games,"{""id"": 6117555}",,,,,,False,
missing_in_database,match_games,"{""id"": 6117556}",,,,,,False,
missing_in_database,match_games,"{""id"": 6117557}",,,,,,False,
missing_in_database,match_games,"{""id"": 6117558}",,,,,,False,
missing_in_database,match_games,"{""id"": 6117559}",,,,,,False,
missing_in_database,match_games,"{""id"": 6117560}",,,,,,False,
missing_in_database,match_games,"{""id"": 6117561}",,,,,,False,
missing_in_database,match_games,"{""id"": 6117562}",,,,,,False,
missing_in_database,match_games,"{""id"": 6117563}",,,,,,False,
missing_in_database,match_games,"{""id"": 6117564}",,,,,,False,
missing_in_database,match_games,"{""id"": 6117565}",,,,,,False,
missing_in_database,match_games,"{""id"": 6117566}",,,,,,False,
missing_in_database,match_games,"{""id"": 6117567}",,,,,,False,
missing_in_database,match_games,"{""id"": 6117568}",,,,,,False,
missing_in_database,match_games,"{""id"": 6117569}",,,,,,False,
missing_in_database,match_games,"{""id"": 6117570}",,,,,,False,
missing_in_database,match_games,"{""id"": 6117571}",,,,,,False,
missing_in_database,match_games,"{""id"": 6117572}",,,,,,False,
missing_in_database,match_games,"{""id"": 6117573}",,,,,,False,
missing_in_database,match_games,"{""id"": 6117574}",,,,,,False,
missing_in_database,match_games,"{""id"": 6117575}",,,,,,False,
missing_in_database,match_games,"{""id"": 6117576}",,,,,,False,
missing_in_database,match_games,"{""id"": 6117577}",,,,,,False,
missing_in_database,match_games,"{""id"": 6117578}",,,,,,False,
missing_in_database,match_games,"{""id"": 6117579}",,,,,,False,
missing_in_database,match_games,"{""id"": 6117580}",,,,,,False,
missing_in_database,match_games,"{""id"": 6117581}",,,,,,False,
missing_in_database,match_games,"{""id"": 6117582}",,,,,,False,
missing_in_database,match_games,"{""id"": 6117583}",,,,,,False,
missing_in_database,match_games,"{""id"": 6117584}",,,,,,False,
missing_in_database,match_games,"{""id"": 6117585}",,,,,,False,
missing_in_database,match_games,"{""id"": 6117586}",,,,,,False,
missing_in_database,match_games,"{""id"": 6117587}",,,,,,False,
missing_in_database,match_games,"{""id"": 6117588}",,,,,,False,
missing_in_database,match_games,"{""id"": 6117589}",,,,,,False,
missing_in_database,match_games,"{""id"": 6117590}",,,,,,False,
missing_in_database,match_games,"{""id"": 6117591}",,,,,,False,
missing_in_database,match_games,"{""id"": 6117592}",,,,,,False,
missing_in_database,match_games,"{""id"": 6117593}",,,,,,False,
missing_in_database,match_games,"{""id"": 6117594}",,,,,,False,
missing_in_database,match_games,"{""id"": 6117595}",,,,,,False,
missing_in_database,match_games,"{""id"": 6117596}",,,,,,False,
missing_in_database,match_games,"{""id"": 6117597}",,,,,,False,
missing_in_database,match_games,"{""id"": 6117598}",,,,,,False,
missing_in_database,match_games,"{""id"": 6117599}",,,,,,False,
missing_in_database,match_games,"{""id"": 6117600}",,,,,,False,
missing_in_database,match_games,"{""id"": 6117601}",,,,,,False,
missing_in_database,match_games,"{""id"": 6117602}",,,,,,False,
missing_in_database,match_games,"{""id"": 6117603}",,,,,,False,
missing_in_database,match_games,"{""id"": 6117604}",,,,,,False,
missing_in_database,match_games,"{""id"": 6117605}",,,,,,False,
missing_in_database,match_games,"{""id"": 6117606}",,,,,,False,
missing_in_database,match_games,"{""id"": 6117607}",,,,,,False,
missing_in_database,match_games,"{""id"": 6117608}",,,,,,False,
missing_in_database,match_games,"{""id"": 6117609}",,,,,,False,
missing_in_database,match_games,"{""id"": 6117610}",,,,,,False,
missing_in_database,match_games,"{""id"": 6117611}",,,,,,False,
missing_in_database,match_games,"{""id"": 6117612}",,,,,,False,
missing_in_database,match_games,"{""id"": 6117613}",,,,,,False,
missing_in_database,match_games,"{""id"": 6117614}",,,,,,False,
missing_in_database,match_games,"{""id"": 6117615}",,,,,,False,
missing_in_database,match_games,"{""id"": 6117616}",,,,,,False,
missing_in_database,match_games,"{""id"": 6117617}",,,,,,False,
missing_in_database,match_games,"{""id"": 6117618}",,,,,,False,
missing_in_database,match_games,"{""id"": 6117619}",,,,,,False,
missing_in_database,match_games,"{""id"": 6117620}",,,,,,False,
missing_in_database,match_games,"{""id"": 6117621}",,,,,,False,
missing_in_database,match_games,"{""id"": 6117622}",,,,,,False,
missing_in_database,match_games,"{""id"": 6117623}",,,,,,False,
missing_in_database,match_games,"{""id"": 6117624}",,,,,,False,
missing_in_database,match_games,"{""id"": 6117625}",,,,,,False,
missing_in_database,match_games,"{""id"": 6117626}",,,,,,False,
missing_in_database,match_games,"{""id"": 6117627}",,,,,,False,
missing_in_database,match_games,"{""id"": 6117628}",,,,,,False,
missing_in_database,match_games,"{""id"": 6117629}",,,,,,False,
missing_in_database,match_games,"{""id"": 6117630}",,,,,,False,
missing_in_database,match_games,"{""id"": 6117631}",,,,,,False,
missing_in_database,match_games,"{""id"": 6117632}",,,,,,False,
missing_in_database,match_games,"{""id"": 6117633}",,,,,,False,
missing_in_database,match_games,"{""id"": 6117634}",,,,,,False,
missing_in_database,match_games,"{""id"": 6117635}",,,,,,False,
missing_in_database,match_games,"{""id"": 6117636}",,,,,,False,
missing_in_database,match_games,"{""id"": 6117637}",,,,,,False,
missing_in_database,match_games,"{""id"": 6117638}",,,,,,False,
missing_in_database,match_games,"{""id"": 6117639}",,,,,,False,
missing_in_database,match_games,"{""id"": 6117640}",,,,,,False,
missing_in_database,match_games,"{""id"": 6117641}",,,,,,False,
missing_in_database,match_games,"{""id"": 6117642}",,,,,,False,
missing_in_database,match_games,"{""id"": 6117643}",,,,,,False,
missing_in_database,match_games,"{""id"": 6117644}",,,,,,False,
missing_in_database,match_games,"{""id"": 6117645}",,,,,,False,
missing_in_database,match_games,"{""id"": 6117646}",,,,,,False,
missing_in_database,match_games,"{""id"": 6117647}",,,,,,False,
missing_in_database,match_games,"{""id"": 6117648}",,,,,,False,
missing_in_database,match_games,"{""id"": 6117649}",,,,,,False,
missing_in_database,match_games,"{""id"": 6117650}",,,,,,False,
missing_in_database,match_games,"{""id"": 6117651}",,,,,,False,
missing_in_database,match_games,"{""id"": 6117652}",,,,,,False,
missing_in_database,match_games,"{""id"": 6117653}",,,,,,False,
missing_in_database,match_games,"{""id"": 6117654}",,,,,,False,
missing_in_database,match_games,"{""id"": 6117655}",,,,,,False,
missing_in_database,match_games,"{""id"": 6117656}",,,,,,False,
missing_in_database,match_games,"{""id"": 6117657}",,,,,,False,
missing_in_database,match_games,"{""id"": 6117658}",,,,,,False,
missing_in_database,match_games,"{""id"": 6117659}",,,,,,False,
missing_in_database,match_games,"{""id"": 6117660}",,,,,,False,
missing_in_database,match_games,"{""id"": 6117661}",,,,,,False,
missing_in_database,match_games,"{""id"": 6117662}",,,,,,False,
missing_in_database,match_games,"{""id"": 6117663}",,,,,,False,
missing_in_database,match_games,"{""id"": 6117664}",,,,,,False,
missing_in_database,match_games,"{""id"": 6117665}",,,,,,False,
missing_in_database,match_games,"{""id"": 6117666}",,,,,,False,
missing_in_database,match_games,"{""id"": 6117667}",,,,,,False,
missing_in_database,match_games,"{""id"": 6117668}",,,,,,False,
missing_in_database,match_games,"{""id"": 6117669}",,,,,,False,
missing_in_database,match_games,"{""id"": 6117670}",,,,,,False,
missing_in_database,match_games,"{""id"": 6117671}",,,,,,False,
missing_in_database,match_games,"{""id"": 6117672}",,,,,,False,
missing_in_database,match_games,"{""id"": 6117673}",,,,,,False,
missing_in_database,match_games,"{""id"": 6117674}",,,,,,False,
missing_in_database,match_games,"{""id"": 6117675}",,,,,,False,
missing_in_database,match_games,"{""id"": 6117676}",,,,,,False,
missing_in_database,match_games,"{""id"": 6117677}",,,,,,False,
missing_in_database,match_games,"{""id"": 6117678}",,,,,,False,
missing_in_database,match_games,"{""id"": 6117679}",,,,,,False,
missing_in_database,match_games,"{""id"": 6117680}",,,,,,False,
missing_in_database,match_games,"{""id"": 6117681}",,,,,,False,
missing_in_database,match_games,"{""id"": 6117682}",,,,,,False,
missing_in_database,match_games,"{""id"": 6117683}",,,,,,False,
missing_in_database,match_games,"{""id"": 6117684}",,,,,,False,
missing_in_database,match_games,"{""id"": 6117685}",,,,,,False,
missing_in_database,match_games,"{""id"": 6117686}",,,,,,False,
missing_in_database,match_games,"{""id"": 6117687}",,,,,,False,
missing_in_database,match_games,"{""id"": 6117688}",,,,,,False,
missing_in_database,match_games,"{""id"": 6117689}",,,,,,False,
missing_in_database,match_games,"{""id"": 6117690}",,,,,,False,
missing_in_database,match_games,"{""id"": 6117691}",,,,,,False,
missing_in_database,match_games,"{""id"": 6117692}",,,,,,False,
missing_in_database,match_games,"{""id"": 6117693}",,,,,,False,
missing_in_database,match_games,"{""id"": 6117694}",,,,,,False,
missing_in_database,match_games,"{""id"": 6117695}",,,,,,False,
missing_in_database,match_games,"{""id"": 6117696}",,,,,,False,
missing_in_database,match_games,"{""id"": 6117697}",,,,,,False,
missing_in_database,match_games,"{""id"": 6117698}",,,,,,False,
missing_in_database,match_games,"{""id"": 6117699}",,,,,,False,
missing_in_database,match_games,"{""id"": 6117700}",,,,,,False,
missing_in_database,match_games,"{""id"": 6117701}",,,,,,False,
missing_in_database,match_games,"{""id"": 6117702}",,,,,,False,
missing_in_database,match_games,"{""id"": 6117703}",,,,,,False,
missing_in_database,match_games,"{""id"": 6117704}",,,,,,False,
missing_in_database,match_games,"{""id"": 6117705}",,,,,,False,
missing_in_database,match_games,"{""id"": 6117706}",,,,,,False,
missing_in_database,match_games,"{""id"": 6117707}",,,,,,False,
missing_in_database,match_games,"{""id"": 6117708}",,,,,,False,
missing_in_database,match_games,"{""id"": 6117709}",,,,,,False,
missing_in_database,match_games,"{""id"": 6117710}",,,,,,False,
missing_in_database,match_games,"{""id"": 6117711}",,,,,,False,
missing_in_database,match_games,"{""id"": 6117712}",,,,,,False,
missing_in_database,match_games,"{""id"": 6117713}",,,,,,False,
missing_in_database,match_games,"{""id"": 6117714}",,,,,,False,
missing_in_database,match_games,"{""id"": 6117715}",,,,,,False,
missing_in_database,match_games,"{""id"": 6117716}",,,,,,False,
missing_in_database,match_games,"{""id"": 6117717}",,,,,,False,
missing_in_database,match_games,"{""id"": 6117718}",,,,,,False,
missing_in_database,match_games,"{""id"": 6117719}",,,,,,False,
missing_in_database,match_games,"{""id"": 6117720}",,,,,,False,
missing_in_database,match_games,"{""id"": 6117721}",,,,,,False,
missing_in_database,match_games,"{""id"": 6117722}",,,,,,False,
missing_in_database,match_games,"{""id"": 6117723}",,,,,,False,
missing_in_database,match_games,"{""id"": 6117724}",,,,,,False,
missing_in_database,match_games,"{""id"": 6117725}",,,,,,False,
missing_in_database,match_games,"{""id"": 6117726}",,,,,,False,
missing_in_database,match_games,"{""id"": 6117727}",,,,,,False,
missing_in_database,match_games,"{""id"": 6117728}",,,,,,False,
missing_in_database,match_games,"{""id"": 6117729}",,,,,,False,
missing_in_database,match_games,"{""id"": 6117730}",,,,,,False,
missing_in_database,match_games,"{""id"": 6117731}",,,,,,False,
missing_in_database,match_games,"{""id"": 6117732}",,,,,,False,
missing_in_database,match_games,"{""id"": 6117733}",,,,,,False,
missing_in_database,match_games,"{""id"": 6117734}",,,,,,False,
missing_in_database,match_games,"{""id"": 6117735}",,,,,,False,
missing_in_database,match_games,"{""id"": 6117736}",,,,,,False,
missing_in_database,match_games,"{""id"": 6117737}",,,,,,False,
missing_in_database,match_games,"{""id"": 6117738}",,,,,,False,
missing_in_database,match_games,"{""id"": 6117739}",,,,,,False,
missing_in_database,match_games,"{""id"": 6117740}",,,,,,False,
missing_in_database,match_games,"{""id"": 6117741}",,,,,,False,
missing_in_database,match_games,"{""id"": 6117742}",,,,,,False,
missing_in_database,match_games,"{""id"": 6117743}",,,,,,False,
missing_in_database,match_games,"{""id"": 6117744}",,,,,,False,
missing_in_database,match_games,"{""id"": 6117745}",,,,,,False,
missing_in_database,match_games,"{""id"": 6117746}",,,,,,False,
missing_in_database,match_games,"{""id"": 6117747}",,,,,,False,
missing_in_database,match_games,"{""id"": 6117748}",,,,,,False,
missing_in_database,match_games,"{""id"": 6117749}",,,,,,False,
missing_in_database,match_games,"{""id"": 6117750}",,,,,,False,
missing_in_database,match_games,"{""id"": 6117751}",,,,,,False,
missing_in_database,match_games,"{""id"": 6117752}",,,,,,False,
missing_in_database,match_games,"{""id"": 6117753}",,,,,,False,
missing_in_database,match_games,"{""id"": 6117754}",,,,,,False,
missing_in_database,match_games,"{""id"": 6117755}",,,,,,False,
missing_in_database,match_games,"{""id"": 6117756}",,,,,,False,
missing_in_database,match_games,"{""id"": 6117757}",,,,,,False,
missing_in_database,match_games,"{""id"": 6117758}",,,,,,False,
missing_in_database,match_games,"{""id"": 6117759}",,,,,,False,
missing_in_database,match_games,"{""id"": 6117760}",,,,,,False,
missing_in_database,match_games,"{""id"": 6117761}",,,,,,False,
missing_in_database,match_games,"{""id"": 6117762}",,,,,,False,
missing_in_database,match_games,"{""id"": 6117763}",,,,,,False,
missing_in_database,match_games,"{""id"": 6117764}",,,,,,False,
missing_in_database,match_games,"{""id"": 6117765}",,,,,,False,
missing_in_database,match_games,"{""id"": 6117766}",,,,,,False,
missing_in_database,match_games,"{""id"": 6117767}",,,,,,False,
missing_in_database,match_games,"{""id"": 6117768}",,,,,,False,
missing_in_database,match_games,"{""id"": 6117769}",,,,,,False,
missing_in_database,match_games,"{""id"": 6117770}",,,,,,False,
missing_in_database,match_games,"{""id"": 6117771}",,,,,,False,
missing_in_database,match_games,"{""id"": 6117772}",,,,,,False,
missing_in_database,match_games,"{""id"": 6117773}",,,,,,False,
missing_in_database,match_games,"{""id"": 6117774}",,,,,,False,
missing_in_database,match_games,"{""id"": 6117775}",,,,,,False,
missing_in_database,match_games,"{""id"": 6117776}",,,,,,False,
missing_in_database,match_games,"{""id"": 6117777}",,,,,,False,
missing_in_database,match_games,"{""id"": 6117778}",,,,,,False,
missing_in_database,match_games,"{""id"": 6117779}",,,,,,False,
missing_in_database,match_games,"{""id"": 6117780}",,,,,,False,
missing_in_database,match_games,"{""id"": 6117781}",,,,,,False,
missing_in_database,match_games,"{""id"": 6117782}",,,,,,False,
missing_in_database,match_games,"{""id"": 6117783}",,,,,,False,
missing_in_database,match_games,"{""id"": 6117784}",,,,,,False,
missing_in_database,match_games,"{""id"": 6117785}",,,,,,False,
missing_in_database,match_games,"{""id"": 6117786}",,,,,,False,
missing_in_database,match_games,"{""id"": 6117787}",,,,,,False,
missing_in_database,match_games,"{""id"": 6117788}",,,,,,False,
missing_in_database,match_games,"{""id"": 6117789}",,,,,,False,
missing_in_database,match_games,"{""id"": 6117790}",,,,,,False,
missing_in_database,match_games,"{""id"": 6117791}",,,,,,False,
missing_in_database,match_games,"{""id"": 6117792}",,,,,,False,
missing_in_database,match_games,"{""id"": 6117793}",,,,,,False,
missing_in_database,match_games,"{""id"": 6117794}",,,,,,False,
missing_in_database,match_games,"{""id"": 6117795}",,,,,,False,
missing_in_database,match_games,"{""id"": 6117796}",,,,,,False,
missing_in_database,match_games,"{""id"": 6117797}",,,,,,False,
missing_in_database,match_games,"{""id"": 6117798}",,,,,,False,
missing_in_database,match_games,"{""id"": 6117799}",,,,,,False,
missing_in_database,match_games,"{""id"": 6117800}",,,,,,False,
missing_in_database,match_games,"{""id"": 6117801}",,,,,,False,
missing_in_database,match_games,"{""id"": 6117802}",,,,,,False,
missing_in_database,match_games,"{""id"": 6117803}",,,,,,False,
missing_in_database,match_games,"{""id"": 6117804}",,,,,,False,
missing_in_database,match_games,"{""id"": 6117805}",,,,,,False,
missing_in_database,match_games,"{""id"": 6117806}",,,,,,False,
missing_in_database,match_games,"{""id"": 6117807}",,,,,,False,
missing_in_database,match_games,"{""id"": 6117808}",,,,,,False,
missing_in_database,match_games,"{""id"": 6117809}",,,,,,False,
missing_in_database,match_games,"{""id"": 6117810}",,,,,,False,
missing_in_database,match_games,"{""id"": 6117811}",,,,,,False,
missing_in_database,match_games,"{""id"": 6117812}",,,,,,False,
missing_in_database,match_games,"{""id"": 6117813}",,,,,,False,
missing_in_database,match_games,"{""id"": 6117814}",,,,,,False,
missing_in_database,match_games,"{""id"": 6117815}",,,,,,False,
missing_in_database,match_games,"{""id"": 6117816}",,,,,,False,
missing_in_database,match_games,"{""id"": 6117817}",,,,,,False,
missing_in_database,match_games,"{""id"": 6117818}",,,,,,False,
missing_in_database,match_games,"{""id"": 6117819}",,,,,,False,
missing_in_database,match_games,"{""id"": 6117820}",,,,,,False,
missing_in_database,match_games,"{""id"": 6117821}",,,,,,False,
missing_in_database,match_games,"{""id"": 6117822}",,,,,,False,
missing_in_database,match_games,"{""id"": 6117823}",,,,,,False,
missing_in_database,match_games,"{""id"": 6117824}",,,,,,False,
missing_in_database,match_games,"{""id"": 6117825}",,,,,,False,
missing_in_database,match_games,"{""id"": 6117826}",,,,,,False,
missing_in_database,match_games,"{""id"": 6117827}",,,,,,False,
missing_in_database,match_games,"{""id"": 6117828}",,,,,,False,
missing_in_database,match_games,"{""id"": 6117829}",,,,,,False,
missing_in_database,match_games,"{""id"": 6117830}",,,,,,False,
missing_in_database,match_games,"{""id"": 6117831}",,,,,,False,
missing_in_database,match_games,"{""id"": 6117832}",,,,,,False,
missing_in_database,match_games,"{""id"": 6117833}",,,,,,False,
missing_in_database,match_games,"{""id"": 6117834}",,,,,,False,
missing_in_database,match_games,"{""id"": 6117835}",,,,,,False,
missing_in_database,match_games,"{""id"": 6117836}",,,,,,False,
missing_in_database,match_games,"{""id"": 6117837}",,,,,,False,
missing_in_database,match_games,"{""id"": 6117838}",,,,,,False,
missing_in_database,match_games,"{""id"": 6117839}",,,,,,False,
missing_in_database,match_games,"{""id"": 6117840}",,,,,,False,
missing_in_database,match_games,"{""id"": 6117841}",,,,,,False,
missing_in_database,match_games,"{""id"": 6117842}",,,,,,False,
missing_in_database,match_games,"{""id"": 6117843}",,,,,,False,
missing_in_database,match_games,"{""id"": 6117844}",,,,,,False,
missing_in_database,match_games,"{""id"": 6117845}",,,,,,False,
missing_in_database,match_games,"{""id"": 6117846}",,,,,,False,
missing_in_database,match_games,"{""id"": 6117847}",,,,,,False,
missing_in_database,match_games,"{""id"": 6117848}",,,,,,False,
missing_in_database,match_games,"{""id"": 6117849}",,,,,,False,
missing_in_database,match_games,"{""id"": 6117850}",,,,,,False,
missing_in_database,match_games,"{""id"": 6117851}",,,,,,False,
missing_in_database,match_games,"{""id"": 6117852}",,,,,,False,
missing_in_database,match_games,"{""id"": 6117853}",,,,,,False,
missing_in_database,match_games,"{""id"": 6117854}",,,,,,False,
missing_in_database,match_games,"{""id"": 6117855}",,,,,,False,
missing_in_database,match_games,"{""id"": 6117856}",,,,,,False,
missing_in_database,match_games,"{""id"": 6117857}",,,,,,False,
missing_in_database,match_games,"{""id"": 6117858}",,,,,,False,
missing_in_database,match_games,"{""id"": 6117859}",,,,,,False,
missing_in_database,match_games,"{""id"": 6117860}",,,,,,False,
missing_in_database,match_games,"{""id"": 6117861}",,,,,,False,
missing_in_database,match_games,"{""id"": 6117862}",,,,,,False,
missing_in_database,match_games,"{""id"": 6117863}",,,,,,False,
missing_in_database,match_games,"{""id"": 6117864}",,,,,,False,
missing_in_database,match_games,"{""id"": 6117865}",,,,,,False,
missing_in_database,match_games,"{""id"": 6117866}",,,,,,False,
missing_in_database,match_games,"{""id"": 6117867}",,,,,,False,
missing_in_database,match_games,"{""id"": 6117868}",,,,,,False,
missing_in_database,match_games,"{""id"": 6117869}",,,,,,False,
missing_in_database,match_games,"{""id"": 6117870}",,,,,,False,
missing_in_database,match_games,"{""id"": 6117871}",,,,,,False,
missing_in_database,match_games,"{""id"": 6117872}",,,,,,False,
missing_in_database,match_games,"{""id"": 6117873}",,,,,,False,
missing_in_database,match_games,"{""id"": 6117874}",,,,,,False,
missing_in_database,match_games,"{""id"": 6117875}",,,,,,False,
missing_in_database,match_games,"{""id"": 6117876}",,,,,,False,
missing_in_database,match_games,"{""id"": 6117877}",,,,,,False,
missing_in_database,match_games,"{""id"": 6117878}",,,,,,False,
missing_in_database,match_games,"{""id"": 6117879}",,,,,,False,
missing_in_database,match_games,"{""id"": 6117880}",,,,,,False,
missing_in_database,match_games,"{""id"": 6117881}",,,,,,False,
missing_in_database,match_games,"{""id"": 6117882}",,,,,,False,
missing_in_database,match_games,"{""id"": 6117883}",,,,,,False,
missing_in_database,match_games,"{""id"": 6117884}",,,,,,False,
missing_in_database,match_games,"{""id"": 6117885}",,,,,,False,
missing_in_database,match_games,"{""id"": 6117886}",,,,,,False,
missing_in_database,match_games,"{""id"": 6117887}",,,,,,False,
missing_in_database,match_games,"{""id"": 6117888}",,,,,,False,
missing_in_database,match_games,"{""id"": 6117889}",,,,,,False,
missing_in_database,match_games,"{""id"": 6117890}",,,,,,False,
missing_in_database,match_games,"{""id"": 6117891}",,,,,,False,
missing_in_database,match_games,"{""id"": 6117892}",,,,,,False,
missing_in_database,match_games,"{""id"": 6117893}",,,,,,False,
missing_in_database,match_games,"{""id"": 6117894}",,,,,,False,
missing_in_database,match_games,"{""id"": 6117895}",,,,,,False,
missing_in_database,match_games,"{""id"": 6117896}",,,,,,False,
missing_in_database,match_games,"{""id"": 6117897}",,,,,,False,
missing_in_database,match_games,"{""id"": 6117898}",,,,,,False,
missing_in_database,match_games,"{""id"": 6117899}",,,,,,False,
missing_in_database,match_games,"{""id"": 6117900}",,,,,,False,
missing_in_database,match_games,"{""id"": 6117901}",,,,,,False,
missing_in_database,match_games,"{""id"": 6117902}",,,,,,False,
missing_in_database,match_games,"{""id"": 6117903}",,,,,,False,
missing_in_database,match_games,"{""id"": 6117904}",,,,,,False,
missing_in_database,match_games,"{""id"": 6117905}",,,,,,False,
missing_in_database,match_games,"{""id"": 6117906}",,,,,,False,
missing_in_database,match_games,"{""id"": 6117907}",,,,,,False,
missing_in_database,match_games,"{""id"": 6117908}",,,,,,False,
missing_in_database,match_games,"{""id"": 6117909}",,,,,,False,
missing_in_database,match_games,"{""id"": 6117910}",,,,,,False,
missing_in_database,match_games,"{""id"": 6117911}",,,,,,False,
missing_in_database,match_games,"{""id"": 6117912}",,,,,,False,
missing_in_database,match_games,"{""id"": 6117913}",,,,,,False,
missing_in_database,match_games,"{""id"": 6117914}",,,,,,False,
missing_in_database,match_games,"{""id"": 6117915}",,,,,,False,
missing_in_database,match_games,"{""id"": 6117916}",,,,,,False,
missing_in_database,match_games,"{""id"": 6117917}",,,,,,False,
missing_in_database,match_games,"{""id"": 6117918}",,,,,,False,
missing_in_database,match_games,"{""id"": 6117919}",,,,,,False,
missing_in_database,match_games,"{""id"": 6117920}",,,,,,False,
missing_in_database,match_games,"{""id"": 6117921}",,,,,,False,
missing_in_database,match_games,"{""id"": 6117922}",,,,,,False,
missing_in_database,match_games,"{""id"": 6117923}",,,,,,False,
missing_in_database,match_games,"{""id"": 6117924}",,,,,,False,
missing_in_database,match_games,"{""id"": 6117925}",,,,,,False,
missing_in_database,match_games,"{""id"": 6117926}",,,,,,False,
missing_in_database,match_games,"{""id"": 6117927}",,,,,,False,
missing_in_database,match_games,"{""id"": 6117928}",,,,,,False,
missing_in_database,match_games,"{""id"": 6117929}",,,,,,False,
missing_in_database,match_games,"{""id"": 6117930}",,,,,,False,
missing_in_database,match_games,"{""id"": 6117931}",,,,,,False,
missing_in_database,match_games,"{""id"": 6117932}",,,,,,False,
missing_in_database,match_games,"{""id"": 6117933}",,,,,,False,
missing_in_database,match_games,"{""id"": 6117934}",,,,,,False,
missing_in_database,match_games,"{""id"": 6117935}",,,,,,False,
missing_in_database,match_games,"{""id"": 6117936}",,,,,,False,
missing_in_database,match_games,"{""id"": 6117937}",,,,,,False,
missing_in_database,match_games,"{""id"": 6117938}",,,,,,False,
missing_in_database,match_games,"{""id"": 6117939}",,,,,,False,
missing_in_database,match_games,"{""id"": 6117940}",,,,,,False,
missing_in_database,match_games,"{""id"": 6117941}",,,,,,False,
missing_in_database,match_games,"{""id"": 6117942}",,,,,,False,
missing_in_database,match_games,"{""id"": 6117943}",,,,,,False,
missing_in_database,match_games,"{""id"": 6117944}",,,,,,False,
missing_in_database,match_games,"{""id"": 6117945}",,,,,,False,
missing_in_database,match_games,"{""id"": 6117946}",,,,,,False,
missing_in_database,match_games,"{""id"": 6117947}",,,,,,False,
missing_in_database,match_games,"{""id"": 6117948}",,,,,,False,
missing_in_database,match_games,"{""id"": 6117949}",,,,,,False,
missing_in_database,match_games,"{""id"": 6117950}",,,,,,False,
missing_in_database,match_games,"{""id"": 6117951}",,,,,,False,
missing_in_database,match_games,"{""id"": 6117952}",,,,,,False,
missing_in_database,match_games,"{""id"": 6117953}",,,,,,False,
missing_in_database,match_games,"{""id"": 6117954}",,,,,,False,
missing_in_database,match_games,"{""id"": 6117955}",,,,,,False,
missing_in_database,match_games,"{""id"": 6117956}",,,,,,False,
missing_in_database,match_games,"{""id"": 6117957}",,,,,,False,
missing_in_database,match_games,"{""id"": 6117958}",,,,,,False,
missing_in_database,match_games,"{""id"": 6117959}",,,,,,False,
missing_in_database,match_games,"{""id"": 6117960}",,,,,,False,
missing_in_database,match_games,"{""id"": 6117961}",,,,,,False,
missing_in_database,match_games,"{""id"": 6117962}",,,,,,False,
missing_in_database,match_games,"{""id"": 6117963}",,,,,,False,
missing_in_database,match_games,"{""id"": 6117964}",,,,,,False,
missing_in_database,match_games,"{""id"": 6117965}",,,,,,False,
missing_in_database,match_games,"{""id"": 6117966}",,,,,,False,
missing_in_database,match_games,"{""id"": 6117967}",,,,,,False,
missing_in_database,match_games,"{""id"": 6117968}",,,,,,False,
missing_in_database,match_games,"{""id"": 6117969}",,,,,,False,
missing_in_database,match_games,"{""id"": 6117970}",,,,,,False,
missing_in_database,match_games,"{""id"": 6117971}",,,,,,False,
missing_in_database,match_games,"{""id"": 6117972}",,,,,,False,
missing_in_database,match_games,"{""id"": 6117973}",,,,,,False,
missing_in_database,match_games,"{""id"": 6117974}",,,,,,False,
missing_in_database,match_games,"{""id"": 6117975}",,,,,,False,
missing_in_database,match_games,"{""id"": 6117976}",,,,,,False,
missing_in_database,match_games,"{""id"": 6117977}",,,,,,False,
missing_in_database,match_games,"{""id"": 6117978}",,,,,,False,
missing_in_database,match_games,"{""id"": 6117979}",,,,,,False,
missing_in_database,match_games,"{""id"": 6117980}",,,,,,False,
missing_in_database,match_games,"{""id"": 6117981}",,,,,,False,
missing_in_database,match_games,"{""id"": 6117982}",,,,,,False,
missing_in_database,match_games,"{""id"": 6117983}",,,,,,False,
missing_in_database,match_games,"{""id"": 6117984}",,,,,,False,
missing_in_database,match_games,"{""id"": 6117985}",,,,,,False,
missing_in_database,match_games,"{""id"": 6117986}",,,,,,False,
missing_in_database,match_games,"{""id"": 6117987}",,,,,,False,
missing_in_database,match_games,"{""id"": 6117988}",,,,,,False,
missing_in_database,match_games,"{""id"": 6117989}",,,,,,False,
missing_in_database,match_games,"{""id"": 6117990}",,,,,,False,
missing_in_database,match_games,"{""id"": 6117991}",,,,,,False,
missing_in_database,match_games,"{""id"": 6117992}",,,,,,False,
missing_in_database,match_games,"{""id"": 6117993}",,,,,,False,
missing_in_database,match_games,"{""id"": 6117994}",,,,,,False,
missing_in_database,match_games,"{""id"": 6117995}",,,,,,False,
missing_in_database,match_games,"{""id"": 6117996}",,,,,,False,
missing_in_database,match_games,"{""id"": 6117997}",,,,,,False,
missing_in_database,match_games,"{""id"": 6117998}",,,,,,False,
missing_in_database,match_games,"{""id"": 6117999}",,,,,,False,
missing_in_database,match_games,"{""id"": 6118000}",,,,,,False,
missing_in_database,match_games,"{""id"": 6118001}",,,,,,False,
missing_in_database,match_games,"{""id"": 6118002}",,,,,,False,
missing_in_database,match_games,"{""id"": 6118003}",,,,,,False,
missing_in_database,match_games,"{""id"": 6118004}",,,,,,False,
missing_in_database,match_games,"{""id"": 6118005}",,,,,,False,
missing_in_database,match_games,"{""id"": 6118006}",,,,,,False,
missing_in_database,match_games,"{""id"": 6118007}",,,,,,False,
missing_in_database,match_games,"{""id"": 6118008}",,,,,,False,
missing_in_database,match_games,"{""id"": 6118009}",,,,,,False,
missing_in_database,match_games,"{""id"": 6118010}",,,,,,False,
missing_in_database,match_games,"{""id"": 6118011}",,,,,,False,
missing_in_database,match_games,"{""id"": 6118012}",,,,,,False,
missing_in_database,match_games,"{""id"": 6118013}",,,,,,False,
missing_in_database,match_games,"{""id"": 6118014}",,,,,,False,
missing_in_database,match_games,"{""id"": 6118015}",,,,,,False,
missing_in_database,match_games,"{""id"": 6118016}",,,,,,False,
missing_in_database,match_games,"{""id"": 6118017}",,,,,,False,
missing_in_database,match_games,"{""id"": 6118018}",,,,,,False,
missing_in_database,match_games,"{""id"": 6118019}",,,,,,False,
missing_in_database,match_games,"{""id"": 6118020}",,,,,,False,
missing_in_database,match_games,"{""id"": 6118021}",,,,,,False,
missing_in_database,match_games,"{""id"": 6118022}",,,,,,False,
missing_in_database,match_games,"{""id"": 6118023}",,,,,,False,
missing_in_database,match_games,"{""id"": 6118024}",,,,,,False,
missing_in_database,match_games,"{""id"": 6118025}",,,,,,False,
missing_in_database,match_games,"{""id"": 6118026}",,,,,,False,
missing_in_database,match_games,"{""id"": 6118027}",,,,,,False,
missing_in_database,match_games,"{""id"": 6118028}",,,,,,False,
missing_in_database,match_games,"{""id"": 6118029}",,,,,,False,
missing_in_database,match_games,"{""id"": 6118030}",,,,,,False,
missing_in_database,match_games,"{""id"": 6118031}",,,,,,False,
missing_in_database,match_games,"{""id"": 6118032}",,,,,,False,
missing_in_database,match_games,"{""id"": 6118033}",,,,,,False,
missing_in_database,match_games,"{""id"": 6118034}",,,,,,False,
missing_in_database,match_games,"{""id"": 6118035}",,,,,,False,
missing_in_database,match_games,"{""id"": 6118036}",,,,,,False,
missing_in_database,match_games,"{""id"": 6118037}",,,,,,False,
missing_in_database,match_games,"{""id"": 6118038}",,,,,,False,
missing_in_database,match_games,"{""id"": 6118039}",,,,,,False,
missing_in_database,match_games,"{""id"": 6118040}",,,,,,False,
missing_in_database,match_games,"{""id"": 6118041}",,,,,,False,
missing_in_database,match_games,"{""id"": 6118042}",,,,,,False,
missing_in_database,match_games,"{""id"": 6118043}",,,,,,False,
missing_in_database,match_games,"{""id"": 6118044}",,,,,,False,
missing_in_database,match_games,"{""id"": 6118045}",,,,,,False,
missing_in_database,match_games,"{""id"": 6118046}",,,,,,False,
missing_in_database,match_games,"{""id"": 6118047}",,,,,,False,
missing_in_database,match_games,"{""id"": 6118048}",,,,,,False,
missing_in_database,match_games,"{""id"": 6118049}",,,,,,False,
missing_in_database,match_games,"{""id"": 6118050}",,,,,,False,
missing_in_database,match_games,"{""id"": 6118051}",,,,,,False,
missing_in_database,match_games,"{""id"": 6118052}",,,,,,False,
missing_in_database,match_games,"{""id"": 6118053}",,,,,,False,
missing_in_database,match_games,"{""id"": 6118054}",,,,,,False,
missing_in_database,match_games,"{""id"": 6118055}",,,,,,False,
missing_in_database,match_games,"{""id"": 6118056}",,,,,,False,
missing_in_database,match_games,"{""id"": 6118057}",,,,,,False,
missing_in_database,match_games,"{""id"": 6118058}",,,,,,False,
missing_in_database,match_games,"{""id"": 6118059}",,,,,,False,
missing_in_database,match_games,"{""id"": 6118060}",,,,,,False,
missing_in_database,match_games,"{""id"": 6118061}",,,,,,False,
missing_in_database,match_games,"{""id"": 6118062}",,,,,,False,
missing_in_database,match_games,"{""id"": 6118063}",,,,,,False,
missing_in_database,match_games,"{""id"": 6118064}",,,,,,False,
missing_in_database,match_games,"{""id"": 6118065}",,,,,,False,
missing_in_database,match_games,"{""id"": 6118066}",,,,,,False,
missing_in_database,match_games,"{""id"": 6118067}",,,,,,False,
missing_in_database,match_games,"{""id"": 6118068}",,,,,,False,
missing_in_database,match_games,"{""id"": 6118069}",,,,,,False,
missing_in_database,match_games,"{""id"": 6118070}",,,,,,False,
missing_in_database,match_games,"{""id"": 6118071}",,,,,,False,
missing_in_database,match_games,"{""id"": 6118072}",,,,,,False,
missing_in_database,match_games,"{""id"": 6118073}",,,,,,False,
missing_in_database,match_games,"{""id"": 6118074}",,,,,,False,
missing_in_database,match_games,"{""id"": 6118075}",,,,,,False,
missing_in_database,match_games,"{""id"": 6118076}",,,,,,False,
missing_in_database,match_games,"{""id"": 6118077}",,,,,,False,
missing_in_database,match_games,"{""id"": 6118078}",,,,,,False,
missing_in_database,match_games,"{""id"": 6118079}",,,,,,False,
missing_in_database,match_games,"{""id"": 6118080}",,,,,,False,
missing_in_database,match_games,"{""id"": 6118081}",,,,,,False,
missing_in_database,match_games,"{""id"": 6118082}",,,,,,False,
missing_in_database,match_games,"{""id"": 6118083}",,,,,,False,
missing_in_database,match_games,"{""id"": 6118084}",,,,,,False,
missing_in_database,match_games,"{""id"": 6118085}",,,,,,False,
missing_in_database,match_games,"{""id"": 6118086}",,,,,,False,
missing_in_database,match_games,"{""id"": 6118087}",,,,,,False,
missing_in_database,match_games,"{""id"": 6118088}",,,,,,False,
missing_in_database,match_games,"{""id"": 6118089}",,,,,,False,
missing_in_database,match_games,"{""id"": 6118090}",,,,,,False,
missing_in_database,match_games,"{""id"": 6118091}",,,,,,False,
missing_in_database,match_games,"{""id"": 6118092}",,,,,,False,
missing_in_database,match_games,"{""id"": 6118093}",,,,,,False,
missing_in_database,match_games,"{""id"": 6118094}",,,,,,False,
missing_in_database,match_games,"{""id"": 6118095}",,,,,,False,
missing_in_database,match_games,"{""id"": 6118096}",,,,,,False,
missing_in_database,match_games,"{""id"": 6118097}",,,,,,False,
missing_in_database,match_games,"{""id"": 6118098}",,,,,,False,
missing_in_database,match_games,"{""id"": 6118099}",,,,,,False,
missing_in_database,match_games,"{""id"": 6118100}",,,,,,False,
missing_in_database,match_games,"{""id"": 6118101}",,,,,,False,
missing_in_database,match_games,"{""id"": 6118102}",,,,,,False,
missing_in_database,match_games,"{""id"": 6118103}",,,,,,False,
missing_in_database,match_games,"{""id"": 6118104}",,,,,,False,
missing_in_database,match_games,"{""id"": 6118105}",,,,,,False,
missing_in_database,match_games,"{""id"": 6118106}",,,,,,False,
missing_in_database,match_games,"{""id"": 6118107}",,,,,,False,
missing_in_database,match_games,"{""id"": 6118108}",,,,,,False,
missing_in_database,match_games,"{""id"": 6118109}",,,,,,False,
missing_in_database,match_games,"{""id"": 6118110}",,,,,,False,
missing_in_database,match_games,"{""id"": 6118111}",,,,,,False,
missing_in_database,match_games,"{""id"": 6118112}",,,,,,False,
missing_in_database,match_games,"{""id"": 6118113}",,,,,,False,
missing_in_database,match_games,"{""id"": 6118114}",,,,,,False,
missing_in_database,match_games,"{""id"": 6118115}",,,,,,False,
missing_in_database,match_games,"{""id"": 6118116}",,,,,,False,
missing_in_database,match_games,"{""id"": 6118117}",,,,,,False,
missing_in_database,match_games,"{""id"": 6118118}",,,,,,False,
missing_in_database,match_games,"{""id"": 6118119}",,,,,,False,
missing_in_database,match_games,"{""id"": 6118120}",,,,,,False,
missing_in_database,match_games,"{""id"": 6118121}",,,,,,False,
missing_in_database,match_games,"{""id"": 6118122}",,,,,,False,
missing_in_database,match_games,"{""id"": 6118123}",,,,,,False,
missing_in_database,match_games,"{""id"": 6118124}",,,,,,False,
missing_in_database,match_games,"{""id"": 6118125}",,,,,,False,
missing_in_database,match_games,"{""id"": 6118126}",,,,,,False,
missing_in_database,match_games,"{""id"": 6118127}",,,,,,False,
missing_in_database,match_games,"{""id"": 6118128}",,,,,,False,
missing_in_database,match_games,"{""id"": 6118129}",,,,,,False,
missing_in_database,match_games,"{""id"": 6118130}",,,,,,False,
missing_in_database,match_games,"{""id"": 6118131}",,,,,,False,
missing_in_database,match_games,"{""id"": 6118132}",,,,,,False,
missing_in_database,match_games,"{""id"": 6118133}",,,,,,False,
missing_in_database,match_games,"{""id"": 6118134}",,,,,,False,
missing_in_database,match_games,"{""id"": 6118135}",,,,,,False,
missing_in_database,match_games,"{""id"": 6118136}",,,,,,False,
missing_in_database,match_games,"{""id"": 6118137}",,,,,,False,
missing_in_database,match_games,"{""id"": 6118138}",,,,,,False,
missing_in_database,match_games,"{""id"": 6118139}",,,,,,False,
missing_in_database,match_games,"{""id"": 6118140}",,,,,,False,
missing_in_database,match_games,"{""id"": 6118141}",,,,,,False,
missing_in_database,match_games,"{""id"": 6118142}",,,,,,False,
missing_in_database,match_games,"{""id"": 6118143}",,,,,,False,
missing_in_database,match_games,"{""id"": 6118144}",,,,,,False,
missing_in_database,match_games,"{""id"": 6118145}",,,,,,False,
missing_in_database,match_games,"{""id"": 6118146}",,,,,,False,
missing_in_database,match_games,"{""id"": 6118147}",,,,,,False,
missing_in_database,match_games,"{""id"": 6118148}",,,,,,False,
missing_in_database,match_games,"{""id"": 6118149}",,,,,,False,
missing_in_database,match_games,"{""id"": 6118150}",,,,,,False,
missing_in_database,match_games,"{""id"": 6118151}",,,,,,False,
missing_in_database,match_games,"{""id"": 6118152}",,,,,,False,
missing_in_database,match_games,"{""id"": 6118153}",,,,,,False,
missing_in_database,match_games,"{""id"": 6118154}",,,,,,False,
missing_in_database,match_games,"{""id"": 6118155}",,,,,,False,
missing_in_database,match_games,"{""id"": 6118156}",,,,,,False,
missing_in_database,match_games,"{""id"": 6118157}",,,,,,False,
missing_in_database,match_games,"{""id"": 6118158}",,,,,,False,
missing_in_database,match_games,"{""id"": 6118159}",,,,,,False,
missing_in_database,match_games,"{""id"": 6118160}",,,,,,False,
missing_in_database,match_games,"{""id"": 6118161}",,,,,,False,
missing_in_database,match_games,"{""id"": 6118162}",,,,,,False,
missing_in_database,match_games,"{""id"": 6118163}",,,,,,False,
missing_in_database,match_games,"{""id"": 6118164}",,,,,,False,
missing_in_database,match_games,"{""id"": 6118165}",,,,,,False,
missing_in_database,match_games,"{""id"": 6118166}",,,,,,False,
missing_in_database,match_games,"{""id"": 6118167}",,,,,,False,
missing_in_database,match_games,"{""id"": 6118168}",,,,,,False,
missing_in_database,match_games,"{""id"": 6118169}",,,,,,False,
missing_in_database,match_games,"{""id"": 6118170}",,,,,,False,
missing_in_database,match_games,"{""id"": 6118171}",,,,,,False,
missing_in_database,match_games,"{""id"": 6118172}",,,,,,False,
missing_in_database,match_games,"{""id"": 6118173}",,,,,,False,
missing_in_database,match_games,"{""id"": 6118174}",,,,,,False,
missing_in_database,match_games,"{""id"": 6118175}",,,,,,False,
missing_in_database,match_games,"{""id"": 6118176}",,,,,,False,
missing_in_database,match_games,"{""id"": 6118177}",,,,,,False,
missing_in_database,match_games,"{""id"": 6118178}",,,,,,False,
missing_in_database,match_games,"{""id"": 6118179}",,,,,,False,
missing_in_database,match_games,"{""id"": 6118180}",,,,,,False,
missing_in_database,match_games,"{""id"": 6118181}",,,,,,False,
missing_in_database,match_games,"{""id"": 6118182}",,,,,,False,
missing_in_database,match_games,"{""id"": 6118183}",,,,,,False,
missing_in_database,match_games,"{""id"": 6118184}",,,,,,False,
missing_in_database,match_games,"{""id"": 6118185}",,,,,,False,
missing_in_database,match_games,"{""id"": 6118186}",,,,,,False,
missing_in_database,match_games,"{""id"": 6118187}",,,,,,False,
missing_in_database,match_games,"{""id"": 6118188}",,,,,,False,
missing_in_database,match_games,"{""id"": 6118189}",,,,,,False,
missing_in_database,match_games,"{""id"": 6118190}",,,,,,False,
missing_in_database,match_games,"{""id"": 6118191}",,,,,,False,
missing_in_database,match_games,"{""id"": 6118192}",,,,,,False,
missing_in_database,match_games,"{""id"": 6118193}",,,,,,False,
missing_in_database,match_games,"{""id"": 6118194}",,,,,,False,
missing_in_database,match_games,"{""id"": 6118195}",,,,,,False,
missing_in_database,match_games,"{""id"": 6118196}",,,,,,False,
missing_in_database,match_games,"{""id"": 6118197}",,,,,,False,
missing_in_database,match_games,"{""id"": 6118198}",,,,,,False,
missing_in_database,match_games,"{""id"": 6118199}",,,,,,False,
missing_in_database,match_games,"{""id"": 6118200}",,,,,,False,
missing_in_database,match_games,"{""id"": 6118201}",,,,,,False,
missing_in_database,match_games,"{""id"": 6118202}",,,,,,False,
missing_in_database,match_games,"{""id"": 6118203}",,,,,,False,
missing_in_database,match_games,"{""id"": 6118204}",,,,,,False,
missing_in_database,match_games,"{""id"": 6118205}",,,,,,False,
missing_in_database,match_games,"{""id"": 6118206}",,,,,,False,
missing_in_database,match_games,"{""id"": 6118207}",,,,,,False,
missing_in_database,match_games,"{""id"": 6118208}",,,,,,False,
missing_in_database,match_games,"{""id"": 6118209}",,,,,,False,
missing_in_database,match_games,"{""id"": 6118210}",,,,,,False,
missing_in_database,match_games,"{""id"": 6118211}",,,,,,False,
missing_in_database,match_games,"{""id"": 6118212}",,,,,,False,
missing_in_database,match_games,"{""id"": 6118213}",,,,,,False,
missing_in_database,match_games,"{""id"": 6118214}",,,,,,False,
missing_in_database,match_games,"{""id"": 6118215}",,,,,,False,
missing_in_database,match_games,"{""id"": 6118216}",,,,,,False,
missing_in_database,match_games,"{""id"": 6118217}",,,,,,False,
missing_in_database,match_games,"{""id"": 6118218}",,,,,,False,
missing_in_database,match_games,"{""id"": 6118219}",,,,,,False,
missing_in_database,match_games,"{""id"": 6118220}",,,,,,False,
missing_in_database,match_games,"{""id"": 6118221}",,,,,,False,
missing_in_database,match_games,"{""id"": 6118222}",,,,,,False,
missing_in_database,match_games,"{""id"": 6118223}",,,,,,False,
missing_in_database,match_games,"{""id"": 6118224}",,,,,,False,
missing_in_database,match_games,"{""id"": 6118225}",,,,,,False,
missing_in_database,match_games,"{""id"": 6118226}",,,,,,False,
missing_in_database,match_games,"{""id"": 6118227}",,,,,,False,
missing_in_database,match_games,"{""id"": 6118228}",,,,,,False,
missing_in_database,match_games,"{""id"": 6118229}",,,,,,False,
missing_in_database,match_games,"{""id"": 6118230}",,,,,,False,
missing_in_database,match_games,"{""id"": 6118231}",,,,,,False,
missing_in_database,match_games,"{""id"": 6118232}",,,,,,False,
missing_in_database,match_games,"{""id"": 6118233}",,,,,,False,
missing_in_database,match_games,"{""id"": 6118234}",,,,,,False,
missing_in_database,match_games,"{""id"": 6118235}",,,,,,False,
missing_in_database,match_games,"{""id"": 6118236}",,,,,,False,
missing_in_database,match_games,"{""id"": 6118237}",,,,,,False,
missing_in_database,match_games,"{""id"": 6118238}",,,,,,False,
missing_in_database,match_games,"{""id"": 6118239}",,,,,,False,
missing_in_database,match_games,"{""id"": 6118240}",,,,,,False,
missing_in_database,match_games,"{""id"": 6118241}",,,,,,False,
missing_in_database,match_games,"{""id"": 6118242}",,,,,,False,
missing_in_database,match_games,"{""id"": 6118243}",,,,,,False,
missing_in_database,match_games,"{""id"": 6118244}",,,,,,False,
missing_in_database,match_games,"{""id"": 6118245}",,,,,,False,
missing_in_database,match_games,"{""id"": 6118246}",,,,,,False,
missing_in_database,match_games,"{""id"": 6118247}",,,,,,False,
missing_in_database,match_games,"{""id"": 6118248}",,,,,,False,
missing_in_database,match_games,"{""id"": 6118249}",,,,,,False,
missing_in_database,match_games,"{""id"": 6118250}",,,,,,False,
missing_in_database,match_games,"{""id"": 6118251}",,,,,,False,
missing_in_database,match_games,"{""id"": 6118252}",,,,,,False,
missing_in_database,match_games,"{""id"": 6118253}",,,,,,False,
missing_in_database,match_games,"{""id"": 6118254}",,,,,,False,
missing_in_database,match_games,"{""id"": 6118255}",,,,,,False,
missing_in_database,match_games,"{""id"": 6118256}",,,,,,False,
missing_in_database,match_games,"{""id"": 6118257}",,,,,,False,
missing_in_database,match_games,"{""id"": 6118258}",,,,,,False,
missing_in_database,match_games,"{""id"": 6118259}",,,,,,False,
missing_in_database,match_games,"{""id"": 6118260}",,,,,,False,
missing_in_database,match_games,"{""id"": 6118261}",,,,,,False,
missing_in_database,match_games,"{""id"": 6118262}",,,,,,False,
missing_in_database,match_games,"{""id"": 6118263}",,,,,,False,
missing_in_database,match_games,"{""id"": 6118264}",,,,,,False,
missing_in_database,match_games,"{""id"": 6118265}",,,,,,False,
missing_in_database,match_games,"{""id"": 6118266}",,,,,,False,
missing_in_database,match_games,"{""id"": 6118267}",,,,,,False,
missing_in_database,match_games,"{""id"": 6118268}",,,,,,False,
missing_in_database,match_games,"{""id"": 6118269}",,,,,,False,
missing_in_database,match_games,"{""id"": 6118270}",,,,,,False,
missing_in_database,match_games,"{""id"": 6118271}",,,,,,False,
missing_in_database,match_games,"{""id"": 6118272}",,,,,,False,
missing_in_database,match_games,"{""id"": 6118273}",,,,,,False,
missing_in_database,match_games,"{""id"": 6118274}",,,,,,False,
missing_in_database,match_games,"{""id"": 6118275}",,,,,,False,
missing_in_database,match_games,"{""id"": 6118276}",,,,,,False,
missing_in_database,match_games,"{""id"": 6118277}",,,,,,False,
missing_in_database,match_games,"{""id"": 6118278}",,,,,,False,
missing_in_database,match_games,"{""id"": 6118279}",,,,,,False,
missing_in_database,match_games,"{""id"": 6118280}",,,,,,False,
missing_in_database,match_games,"{""id"": 6118281}",,,,,,False,
missing_in_database,match_games,"{""id"": 6118282}",,,,,,False,
missing_in_database,match_games,"{""id"": 6118283}",,,,,,False,
missing_in_database,match_games,"{""id"": 6118284}",,,,,,False,
missing_in_database,match_games,"{""id"": 6118285}",,,,,,False,
missing_in_database,match_games,"{""id"": 6118286}",,,,,,False,
missing_in_database,match_games,"{""id"": 6118287}",,,,,,False,
missing_in_database,match_games,"{""id"": 6118288}",,,,,,False,
missing_in_database,match_games,"{""id"": 6118289}",,,,,,False,
missing_in_database,match_games,"{""id"": 6118290}",,,,,,False,
missing_in_database,match_games,"{""id"": 6118291}",,,,,,False,
missing_in_database,match_games,"{""id"": 6118292}",,,,,,False,
missing_in_database,match_games,"{""id"": 6118293}",,,,,,False,
missing_in_database,match_games,"{""id"": 6118294}",,,,,,False,
missing_in_database,match_games,"{""id"": 6118295}",,,,,,False,
missing_in_database,match_games,"{""id"": 6118296}",,,,,,False,
missing_in_database,match_games,"{""id"": 6118297}",,,,,,False,
missing_in_database,match_games,"{""id"": 6118298}",,,,,,False,
missing_in_database,match_games,"{""id"": 6118299}",,,,,,False,
missing_in_database,match_games,"{""id"": 6118300}",,,,,,False,
missing_in_database,match_games,"{""id"": 6118301}",,,,,,False,
missing_in_database,match_games,"{""id"": 6118302}",,,,,,False,
missing_in_database,match_games,"{""id"": 6118303}",,,,,,False,
missing_in_database,match_games,"{""id"": 6118304}",,,,,,False,
missing_in_database,match_games,"{""id"": 6118305}",,,,,,False,
missing_in_database,match_games,"{""id"": 6118306}",,,,,,False,
missing_in_database,match_games,"{""id"": 6118307}",,,,,,False,
missing_in_database,match_games,"{""id"": 6118308}",,,,,,False,
missing_in_database,match_games,"{""id"": 6118309}",,,,,,False,
missing_in_database,match_games,"{""id"": 6118310}",,,,,,False,
missing_in_database,match_games,"{""id"": 6118311}",,,,,,False,
missing_in_database,match_games,"{""id"": 6118312}",,,,,,False,
missing_in_database,match_games,"{""id"": 6118313}",,,,,,False,
missing_in_database,match_games,"{""id"": 6118314}",,,,,,False,
missing_in_database,match_games,"{""id"": 6118315}",,,,,,False,
missing_in_database,match_games,"{""id"": 6118316}",,,,,,False,
missing_in_database,match_games,"{""id"": 6118317}",,,,,,False,
missing_in_database,match_games,"{""id"": 6118318}",,,,,,False,
missing_in_database,match_games,"{""id"": 6118319}",,,,,,False,
missing_in_database,match_games,"{""id"": 6118320}",,,,,,False,
missing_in_database,match_games,"{""id"": 6118321}",,,,,,False,
missing_in_database,match_games,"{""id"": 6118322}",,,,,,False,
missing_in_database,match_games,"{""id"": 6118323}",,,,,,False,
missing_in_database,match_games,"{""id"": 6118324}",,,,,,False,
missing_in_database,match_games,"{""id"": 6118325}",,,,,,False,
missing_in_database,match_games,"{""id"": 6118326}",,,,,,False,
missing_in_database,match_games,"{""id"": 6118327}",,,,,,False,
missing_in_database,match_games,"{""id"": 6118328}",,,,,,False,
missing_in_database,match_games,"{""id"": 6118329}",,,,,,False,
missing_in_database,match_games,"{""id"": 6118330}",,,,,,False,
missing_in_database,match_games,"{""id"": 6118331}",,,,,,False,
missing_in_database,match_games,"{""id"": 6118332}",,,,,,False,
missing_in_database,match_games,"{""id"": 6118333}",,,,,,False,
missing_in_database,match_games,"{""id"": 6118334}",,,,,,False,
missing_in_database,match_games,"{""id"": 6118335}",,,,,,False,
missing_in_database,match_games,"{""id"": 6118336}",,,,,,False,
missing_in_database,match_games,"{""id"": 6118337}",,,,,,False,
missing_in_database,match_games,"{""id"": 6118338}",,,,,,False,
missing_in_database,match_games,"{""id"": 6118339}",,,,,,False,
missing_in_database,match_games,"{""id"": 6118340}",,,,,,False,
missing_in_database,match_games,"{""id"": 6118341}",,,,,,False,
missing_in_database,match_games,"{""id"": 6118342}",,,,,,False,
missing_in_database,match_games,"{""id"": 6118343}",,,,,,False,
missing_in_database,match_games,"{""id"": 6118344}",,,,,,False,
missing_in_database,match_games,"{""id"": 6118345}",,,,,,False,
missing_in_database,match_games,"{""id"": 6118346}",,,,,,False,
missing_in_database,match_games,"{""id"": 6118347}",,,,,,False,
missing_in_database,match_games,"{""id"": 6118348}",,,,,,False,
missing_in_database,match_games,"{""id"": 6118349}",,,,,,False,
missing_in_database,match_games,"{""id"": 6118350}",,,,,,False,
missing_in_database,match_games,"{""id"": 6118351}",,,,,,False,
missing_in_database,match_games,"{""id"": 6118352}",,,,,,False,
missing_in_database,match_games,"{""id"": 6118353}",,,,,,False,
missing_in_database,match_games,"{""id"": 6118354}",,,,,,False,
missing_in_database,match_games,"{""id"": 6118355}",,,,,,False,
missing_in_database,match_games,"{""id"": 6118356}",,,,,,False,
missing_in_database,match_games,"{""id"": 6118357}",,,,,,False,
missing_in_database,match_games,"{""id"": 6118358}",,,,,,False,
missing_in_database,match_games,"{""id"": 6118359}",,,,,,False,
missing_in_database,match_games,"{""id"": 6118360}",,,,,,False,
missing_in_database,match_games,"{""id"": 6118361}",,,,,,False,
missing_in_database,match_games,"{""id"": 6118362}",,,,,,False,
missing_in_database,match_games,"{""id"": 6118363}",,,,,,False,
missing_in_database,match_games,"{""id"": 6118364}",,,,,,False,
missing_in_database,match_games,"{""id"": 6118365}",,,,,,False,
missing_in_database,match_games,"{""id"": 6118366}",,,,,,False,
missing_in_database,match_games,"{""id"": 6118367}",,,,,,False,
missing_in_database,match_games,"{""id"": 6118368}",,,,,,False,
missing_in_database,match_games,"{""id"": 6118369}",,,,,,False,
missing_in_database,match_games,"{""id"": 6118370}",,,,,,False,
missing_in_database,match_games,"{""id"": 6118371}",,,,,,False,
missing_in_database,match_games,"{""id"": 6118372}",,,,,,False,
missing_in_database,match_games,"{""id"": 6118373}",,,,,,False,
missing_in_database,match_games,"{""id"": 6118374}",,,,,,False,
missing_in_database,match_games,"{""id"": 6118375}",,,,,,False,
missing_in_database,match_games,"{""id"": 6118376}",,,,,,False,
missing_in_database,match_games,"{""id"": 6118377}",,,,,,False,
missing_in_database,match_games,"{""id"": 6118378}",,,,,,False,
missing_in_database,match_games,"{""id"": 6118379}",,,,,,False,
missing_in_database,match_games,"{""id"": 6118380}",,,,,,False,
missing_in_database,match_games,"{""id"": 6118381}",,,,,,False,
missing_in_database,match_games,"{""id"": 6118382}",,,,,,False,
missing_in_database,match_games,"{""id"": 6118383}",,,,,,False,
missing_in_database,match_games,"{""id"": 6118384}",,,,,,False,
missing_in_database,match_games,"{""id"": 6118385}",,,,,,False,
missing_in_database,match_games,"{""id"": 6118386}",,,,,,False,
missing_in_database,match_games,"{""id"": 6118387}",,,,,,False,
missing_in_database,match_games,"{""id"": 6118388}",,,,,,False,
missing_in_database,match_games,"{""id"": 6118389}",,,,,,False,
missing_in_database,match_games,"{""id"": 6118390}",,,,,,False,
missing_in_database,match_games,"{""id"": 6118391}",,,,,,False,
missing_in_database,match_games,"{""id"": 6118392}",,,,,,False,
missing_in_database,match_games,"{""id"": 6118393}",,,,,,False,
missing_in_database,match_games,"{""id"": 6118394}",,,,,,False,
missing_in_database,match_games,"{""id"": 6118395}",,,,,,False,
missing_in_database,match_games,"{""id"": 6118396}",,,,,,False,
missing_in_database,match_games,"{""id"": 6118397}",,,,,,False,
missing_in_database,match_games,"{""id"": 6118398}",,,,,,False,
missing_in_database,match_games,"{""id"": 6118399}",,,,,,False,
missing_in_database,match_games,"{""id"": 6118400}",,,,,,False,
missing_in_database,match_games,"{""id"": 6118401}",,,,,,False,
missing_in_database,match_games,"{""id"": 6118402}",,,,,,False,
missing_in_database,match_games,"{""id"": 6118403}",,,,,,False,
missing_in_database,match_games,"{""id"": 6118404}",,,,,,False,
missing_in_database,match_games,"{""id"": 6118405}",,,,,,False,
missing_in_database,match_games,"{""id"": 6118406}",,,,,,False,
missing_in_database,match_games,"{""id"": 6118407}",,,,,,False,
missing_in_database,match_games,"{""id"": 6118408}",,,,,,False,
missing_in_database,match_games,"{""id"": 6118409}",,,,,,False,
missing_in_database,match_games,"{""id"": 6118410}",,,,,,False,
missing_in_database,match_games,"{""id"": 6118411}",,,,,,False,
missing_in_database,match_games,"{""id"": 6118412}",,,,,,False,
missing_in_database,match_games,"{""id"": 6118413}",,,,,,False,
missing_in_database,match_games,"{""id"": 6118414}",,,,,,False,
missing_in_database,match_games,"{""id"": 6118415}",,,,,,False,
missing_in_database,match_games,"{""id"": 6118416}",,,,,,False,
missing_in_database,match_games,"{""id"": 6118417}",,,,,,False,
missing_in_database,match_games,"{""id"": 6118418}",,,,,,False,
missing_in_database,match_games,"{""id"": 6118419}",,,,,,False,
missing_in_database,match_games,"{""id"": 6118420}",,,,,,False,
missing_in_database,match_games,"{""id"": 6118421}",,,,,,False,
missing_in_database,match_games,"{""id"": 6118422}",,,,,,False,
missing_in_database,match_games,"{""id"": 6118423}",,,,,,False,
missing_in_database,match_games,"{""id"": 6118424}",,,,,,False,
missing_in_database,match_games,"{""id"": 6118425}",,,,,,False,
missing_in_database,match_games,"{""id"": 6118426}",,,,,,False,
missing_in_database,match_games,"{""id"": 6118427}",,,,,,False,
missing_in_database,match_games,"{""id"": 6118428}",,,,,,False,
missing_in_database,match_games,"{""id"": 6118429}",,,,,,False,
missing_in_database,match_games,"{""id"": 6118430}",,,,,,False,
missing_in_database,match_games,"{""id"": 6118431}",,,,,,False,
missing_in_database,match_games,"{""id"": 6118432}",,,,,,False,
missing_in_database,match_games,"{""id"": 6118433}",,,,,,False,
missing_in_database,match_games,"{""id"": 6118434}",,,,,,False,
missing_in_database,match_games,"{""id"": 6118435}",,,,,,False,
missing_in_database,match_games,"{""id"": 6118436}",,,,,,False,
missing_in_database,match_games,"{""id"": 6118437}",,,,,,False,
missing_in_database,match_games,"{""id"": 6118438}",,,,,,False,
missing_in_database,match_games,"{""id"": 6118439}",,,,,,False,
missing_in_database,match_games,"{""id"": 6118440}",,,,,,False,
missing_in_database,match_games,"{""id"": 6118441}",,,,,,False,
missing_in_database,match_games,"{""id"": 6118442}",,,,,,False,
missing_in_database,match_games,"{""id"": 6118443}",,,,,,False,
missing_in_database,match_games,"{""id"": 6118444}",,,,,,False,
missing_in_database,match_games,"{""id"": 6118445}",,,,,,False,
missing_in_database,match_games,"{""id"": 6118446}",,,,,,False,
missing_in_database,match_games,"{""id"": 6118447}",,,,,,False,
missing_in_database,match_games,"{""id"": 6118448}",,,,,,False,
missing_in_database,match_games,"{""id"": 6118449}",,,,,,False,
missing_in_database,match_games,"{""id"": 6118450}",,,,,,False,
missing_in_database,match_games,"{""id"": 6118451}",,,,,,False,
missing_in_database,match_games,"{""id"": 6118452}",,,,,,False,
missing_in_database,match_games,"{""id"": 6118453}",,,,,,False,
missing_in_database,match_games,"{""id"": 6118454}",,,,,,False,
missing_in_database,match_games,"{""id"": 6118455}",,,,,,False,
missing_in_database,match_games,"{""id"": 6118456}",,,,,,False,
missing_in_database,match_games,"{""id"": 6118457}",,,,,,False,
missing_in_database,match_games,"{""id"": 6118458}",,,,,,False,
missing_in_database,match_games,"{""id"": 6118459}",,,,,,False,
missing_in_database,match_games,"{""id"": 6118460}",,,,,,False,
missing_in_database,match_games,"{""id"": 6118461}",,,,,,False,
missing_in_database,match_games,"{""id"": 6118462}",,,,,,False,
missing_in_database,match_games,"{""id"": 6118463}",,,,,,False,
missing_in_database,match_games,"{""id"": 6118464}",,,,,,False,
missing_in_database,match_games,"{""id"": 6118465}",,,,,,False,
missing_in_database,match_games,"{""id"": 6118466}",,,,,,False,
missing_in_database,match_games,"{""id"": 6118467}",,,,,,False,
missing_in_database,match_games,"{""id"": 6118468}",,,,,,False,
missing_in_database,match_games,"{""id"": 6118469}",,,,,,False,
missing_in_database,match_games,"{""id"": 6118470}",,,,,,False,
missing_in_database,match_games,"{""id"": 6118471}",,,,,,False,
missing_in_database,match_games,"{""id"": 6118472}",,,,,,False,
missing_in_database,match_games,"{""id"": 6118473}",,,,,,False,
missing_in_database,match_games,"{""id"": 6118474}",,,,,,False,
missing_in_database,match_games,"{""id"": 6118475}",,,,,,False,
missing_in_database,match_games,"{""id"": 6118476}",,,,,,False,
missing_in_database,match_games,"{""id"": 6118477}",,,,,,False,
missing_in_database,match_games,"{""id"": 6118478}",,,,,,False,
missing_in_database,match_games,"{""id"": 6118479}",,,,,,False,
missing_in_database,match_games,"{""id"": 6118480}",,,,,,False,
missing_in_database,match_games,"{""id"": 6118481}",,,,,,False,
missing_in_database,match_games,"{""id"": 6118482}",,,,,,False,
missing_in_database,match_games,"{""id"": 6118483}",,,,,,False,
missing_in_database,match_games,"{""id"": 6118484}",,,,,,False,
missing_in_database,match_games,"{""id"": 6118485}",,,,,,False,
missing_in_database,match_games,"{""id"": 6118486}",,,,,,False,
missing_in_database,match_games,"{""id"": 6118487}",,,,,,False,
missing_in_database,match_games,"{""id"": 6118488}",,,,,,False,
missing_in_database,match_games,"{""id"": 6118489}",,,,,,False,
missing_in_database,match_games,"{""id"": 6118490}",,,,,,False,
missing_in_database,match_games,"{""id"": 6118491}",,,,,,False,
missing_in_database,match_games,"{""id"": 6118492}",,,,,,False,
missing_in_database,match_games,"{""id"": 6118493}",,,,,,False,
missing_in_database,match_games,"{""id"": 6118494}",,,,,,False,
missing_in_database,match_games,"{""id"": 6118495}",,,,,,False,
missing_in_database,match_games,"{""id"": 6118496}",,,,,,False,
missing_in_database,match_games,"{""id"": 6118497}",,,,,,False,
missing_in_database,match_games,"{""id"": 6118498}",,,,,,False,
missing_in_database,match_games,"{""id"": 6118499}",,,,,,False,
missing_in_database,match_games,"{""id"": 6118500}",,,,,,False,
missing_in_database,match_games,"{""id"": 6118501}",,,,,,False,
missing_in_database,match_games,"{""id"": 6118502}",,,,,,False,
missing_in_database,match_games,"{""id"": 6118503}",,,,,,False,
missing_in_database,match_games,"{""id"": 6118504}",,,,,,False,
missing_in_database,match_games,"{""id"": 6118505}",,,,,,False,
missing_in_database,match_games,"{""id"": 6118506}",,,,,,False,
missing_in_database,match_games,"{""id"": 6118507}",,,,,,False,
missing_in_database,match_games,"{""id"": 6118508}",,,,,,False,
missing_in_database,match_games,"{""id"": 6118509}",,,,,,False,
missing_in_database,match_games,"{""id"": 6118510}",,,,,,False,
missing_in_database,match_games,"{""id"": 6118511}",,,,,,False,
missing_in_database,match_games,"{""id"": 6118512}",,,,,,False,
missing_in_database,match_games,"{""id"": 6118513}",,,,,,False,
missing_in_database,match_games,"{""id"": 6118514}",,,,,,False,
missing_in_database,match_games,"{""id"": 6118515}",,,,,,False,
missing_in_database,match_games,"{""id"": 6118516}",,,,,,False,
missing_in_database,match_games,"{""id"": 6118517}",,,,,,False,
missing_in_database,match_games,"{""id"": 6118518}",,,,,,False,
missing_in_database,match_games,"{""id"": 6118519}",,,,,,False,
missing_in_database,match_games,"{""id"": 6118520}",,,,,,False,
missing_in_database,match_games,"{""id"": 6118521}",,,,,,False,
missing_in_database,match_games,"{""id"": 6118522}",,,,,,False,
missing_in_database,match_games,"{""id"": 6118523}",,,,,,False,
missing_in_database,match_games,"{""id"": 6118524}",,,,,,False,
missing_in_database,match_games,"{""id"": 6118525}",,,,,,False,
missing_in_database,match_games,"{""id"": 6118526}",,,,,,False,
missing_in_database,match_games,"{""id"": 6118527}",,,,,,False,
missing_in_database,match_games,"{""id"": 6118528}",,,,,,False,
missing_in_database,match_games,"{""id"": 6118529}",,,,,,False,
missing_in_database,match_games,"{""id"": 6118530}",,,,,,False,
missing_in_database,match_games,"{""id"": 6118531}",,,,,,False,
missing_in_database,match_games,"{""id"": 6118532}",,,,,,False,
missing_in_database,match_games,"{""id"": 6118533}",,,,,,False,
missing_in_database,match_games,"{""id"": 6118534}",,,,,,False,
missing_in_database,match_games,"{""id"": 6118535}",,,,,,False,
missing_in_database,match_games,"{""id"": 6118536}",,,,,,False,
missing_in_database,match_games,"{""id"": 6118537}",,,,,,False,
missing_in_database,match_games,"{""id"": 6118538}",,,,,,False,
missing_in_database,match_games,"{""id"": 6118539}",,,,,,False,
missing_in_database,match_games,"{""id"": 6118540}",,,,,,False,
missing_in_database,match_games,"{""id"": 6118541}",,,,,,False,
missing_in_database,match_games,"{""id"": 6118542}",,,,,,False,
missing_in_database,match_games,"{""id"": 6118543}",,,,,,False,
missing_in_database,match_games,"{""id"": 6118544}",,,,,,False,
missing_in_database,match_games,"{""id"": 6118545}",,,,,,False,
missing_in_database,match_games,"{""id"": 6118546}",,,,,,False,
missing_in_database,match_games,"{""id"": 6118547}",,,,,,False,
missing_in_database,match_games,"{""id"": 6118548}",,,,,,False,
missing_in_database,match_games,"{""id"": 6118549}",,,,,,False,
missing_in_database,match_games,"{""id"": 6118550}",,,,,,False,
missing_in_database,match_games,"{""id"": 6118551}",,,,,,False,
missing_in_database,match_games,"{""id"": 6118552}",,,,,,False,
missing_in_database,match_games,"{""id"": 6118553}",,,,,,False,
missing_in_database,match_games,"{""id"": 6118554}",,,,,,False,
missing_in_database,match_games,"{""id"": 6118555}",,,,,,False,
missing_in_database,match_games,"{""id"": 6118556}",,,,,,False,
missing_in_database,match_games,"{""id"": 6118557}",,,,,,False,
missing_in_database,match_games,"{""id"": 6118558}",,,,,,False,
missing_in_database,match_games,"{""id"": 6118559}",,,,,,False,
missing_in_database,match_games,"{""id"": 6118560}",,,,,,False,
missing_in_database,match_games,"{""id"": 6118561}",,,,,,False,
missing_in_database,match_games,"{""id"": 6118562}",,,,,,False,
missing_in_database,match_games,"{""id"": 6118563}",,,,,,False,
missing_in_database,match_games,"{""id"": 6118564}",,,,,,False,
missing_in_database,match_games,"{""id"": 6118565}",,,,,,False,
missing_in_database,match_games,"{""id"": 6118566}",,,,,,False,
missing_in_database,match_games,"{""id"": 6118567}",,,,,,False,
missing_in_database,match_games,"{""id"": 6118568}",,,,,,False,
missing_in_database,match_games,"{""id"": 6118569}",,,,,,False,
missing_in_database,match_games,"{""id"": 6118570}",,,,,,False,
missing_in_database,match_games,"{""id"": 6118571}",,,,,,False,
missing_in_database,match_games,"{""id"": 6118572}",,,,,,False,
missing_in_database,match_games,"{""id"": 6118573}",,,,,,False,
missing_in_database,match_games,"{""id"": 6118574}",,,,,,False,
missing_in_database,match_games,"{""id"": 6118575}",,,,,,False,
missing_in_database,match_games,"{""id"": 6118576}",,,,,,False,
missing_in_database,match_games,"{""id"": 6118577}",,,,,,False,
missing_in_database,match_games,"{""id"": 6118578}",,,,,,False,
missing_in_database,match_games,"{""id"": 6118579}",,,,,,False,
missing_in_database,match_games,"{""id"": 6118580}",,,,,,False,
missing_in_database,match_games,"{""id"": 6118581}",,,,,,False,
missing_in_database,match_games,"{""id"": 6118582}",,,,,,False,
missing_in_database,match_games,"{""id"": 6118583}",,,,,,False,
missing_in_database,match_games,"{""id"": 6118584}",,,,,,False,
missing_in_database,match_games,"{""id"": 6118585}",,,,,,False,
missing_in_database,match_games,"{""id"": 6118586}",,,,,,False,
missing_in_database,match_games,"{""id"": 6118587}",,,,,,False,
missing_in_database,match_games,"{""id"": 6118588}",,,,,,False,
missing_in_database,match_games,"{""id"": 6118589}",,,,,,False,
missing_in_database,match_games,"{""id"": 6118590}",,,,,,False,
missing_in_database,match_games,"{""id"": 6118591}",,,,,,False,
missing_in_database,match_games,"{""id"": 6118592}",,,,,,False,
missing_in_database,match_games,"{""id"": 6118593}",,,,,,False,
missing_in_database,match_games,"{""id"": 6118594}",,,,,,False,
missing_in_database,match_games,"{""id"": 6118595}",,,,,,False,
missing_in_database,match_games,"{""id"": 6118596}",,,,,,False,
missing_in_database,match_games,"{""id"": 6118597}",,,,,,False,
missing_in_database,match_games,"{""id"": 6118598}",,,,,,False,
missing_in_database,match_games,"{""id"": 6118599}",,,,,,False,
missing_in_database,match_games,"{""id"": 6118600}",,,,,,False,
missing_in_database,match_games,"{""id"": 6118601}",,,,,,False,
missing_in_database,match_games,"{""id"": 6118602}",,,,,,False,
missing_in_database,match_games,"{""id"": 6118603}",,,,,,False,
missing_in_database,match_games,"{""id"": 6118604}",,,,,,False,
missing_in_database,match_games,"{""id"": 6118605}",,,,,,False,
missing_in_database,match_games,"{""id"": 6118606}",,,,,,False,
missing_in_database,match_games,"{""id"": 6118607}",,,,,,False,
missing_in_database,match_games,"{""id"": 6118608}",,,,,,False,
missing_in_database,match_games,"{""id"": 6118609}",,,,,,False,
missing_in_database,match_games,"{""id"": 6118610}",,,,,,False,
missing_in_database,match_games,"{""id"": 6118611}",,,,,,False,
missing_in_database,match_games,"{""id"": 6118612}",,,,,,False,
missing_in_database,match_games,"{""id"": 6118613}",,,,,,False,
missing_in_database,match_games,"{""id"": 6118614}",,,,,,False,
missing_in_database,match_games,"{""id"": 6118615}",,,,,,False,
missing_in_database,match_games,"{""id"": 6118616}",,,,,,False,
missing_in_database,match_games,"{""id"": 6118617}",,,,,,False,
missing_in_database,match_games,"{""id"": 6118618}",,,,,,False,
missing_in_database,match_games,"{""id"": 6118619}",,,,,,False,
missing_in_database,match_games,"{""id"": 6118620}",,,,,,False,
missing_in_database,match_games,"{""id"": 6118621}",,,,,,False,
missing_in_database,match_games,"{""id"": 6118622}",,,,,,False,
missing_in_database,match_games,"{""id"": 6118623}",,,,,,False,
missing_in_database,match_games,"{""id"": 6118624}",,,,,,False,
missing_in_database,match_games,"{""id"": 6118625}",,,,,,False,
missing_in_database,match_games,"{""id"": 6118626}",,,,,,False,
missing_in_database,match_games,"{""id"": 6118627}",,,,,,False,
missing_in_database,match_games,"{""id"": 6118628}",,,,,,False,
missing_in_database,match_games,"{""id"": 6118629}",,,,,,False,
missing_in_database,match_games,"{""id"": 6118630}",,,,,,False,
missing_in_database,match_games,"{""id"": 6118631}",,,,,,False,
missing_in_database,match_games,"{""id"": 6118632}",,,,,,False,
missing_in_database,match_games,"{""id"": 6118633}",,,,,,False,
missing_in_database,match_games,"{""id"": 6118634}",,,,,,False,
missing_in_database,match_games,"{""id"": 6118635}",,,,,,False,
missing_in_database,match_games,"{""id"": 6118636}",,,,,,False,
missing_in_database,match_games,"{""id"": 6118637}",,,,,,False,
missing_in_database,match_games,"{""id"": 6118638}",,,,,,False,
missing_in_database,match_games,"{""id"": 6118639}",,,,,,False,
missing_in_database,match_games,"{""id"": 6118640}",,,,,,False,
missing_in_database,match_games,"{""id"": 6118641}",,,,,,False,
missing_in_database,match_games,"{""id"": 6118642}",,,,,,False,
missing_in_database,match_games,"{""id"": 6118643}",,,,,,False,
missing_in_database,match_games,"{""id"": 6118644}",,,,,,False,
missing_in_database,match_games,"{""id"": 6118645}",,,,,,False,
missing_in_database,match_games,"{""id"": 6118646}",,,,,,False,
missing_in_database,match_games,"{""id"": 6118647}",,,,,,False,
missing_in_database,match_games,"{""id"": 6118648}",,,,,,False,
missing_in_database,match_games,"{""id"": 6118649}",,,,,,False,
missing_in_database,match_games,"{""id"": 6118650}",,,,,,False,
missing_in_database,match_games,"{""id"": 6118651}",,,,,,False,
missing_in_database,match_games,"{""id"": 6118652}",,,,,,False,
missing_in_database,match_games,"{""id"": 6118653}",,,,,,False,
missing_in_database,match_games,"{""id"": 6118654}",,,,,,False,
missing_in_database,match_games,"{""id"": 6118655}",,,,,,False,
missing_in_database,match_games,"{""id"": 6118656}",,,,,,False,
missing_in_database,match_games,"{""id"": 6118657}",,,,,,False,
missing_in_database,match_games,"{""id"": 6118658}",,,,,,False,
missing_in_database,match_games,"{""id"": 6118659}",,,,,,False,
missing_in_database,match_games,"{""id"": 6118660}",,,,,,False,
missing_in_database,match_games,"{""id"": 6118661}",,,,,,False,
missing_in_database,match_games,"{""id"": 6118662}",,,,,,False,
missing_in_database,match_games,"{""id"": 6118663}",,,,,,False,
missing_in_database,match_games,"{""id"": 6118664}",,,,,,False,
missing_in_database,match_games,"{""id"": 6118665}",,,,,,False,
missing_in_database,match_games,"{""id"": 6118666}",,,,,,False,
missing_in_database,match_games,"{""id"": 6118667}",,,,,,False,
missing_in_database,match_games,"{""id"": 6118668}",,,,,,False,
missing_in_database,match_games,"{""id"": 6118669}",,,,,,False,
missing_in_database,match_games,"{""id"": 6118670}",,,,,,False,
missing_in_database,match_games,"{""id"": 6118671}",,,,,,False,
missing_in_database,match_games,"{""id"": 6118672}",,,,,,False,
missing_in_database,match_games,"{""id"": 6118673}",,,,,,False,
missing_in_database,match_games,"{""id"": 6118674}",,,,,,False,
missing_in_database,match_games,"{""id"": 6118675}",,,,,,False,
missing_in_database,match_games,"{""id"": 6118676}",,,,,,False,
missing_in_database,match_games,"{""id"": 6118677}",,,,,,False,
missing_in_database,match_games,"{""id"": 6118678}",,,,,,False,
missing_in_database,match_games,"{""id"": 6118679}",,,,,,False,
missing_in_database,match_games,"{""id"": 6118680}",,,,,,False,
missing_in_database,match_games,"{""id"": 6118681}",,,,,,False,
missing_in_database,match_games,"{""id"": 6118682}",,,,,,False,
missing_in_database,match_games,"{""id"": 6118683}",,,,,,False,
missing_in_database,match_games,"{""id"": 6118684}",,,,,,False,
missing_in_database,match_games,"{""id"": 6118685}",,,,,,False,
missing_in_database,match_games,"{""id"": 6118686}",,,,,,False,
missing_in_database,match_games,"{""id"": 6118687}",,,,,,False,
missing_in_database,match_games,"{""id"": 6118688}",,,,,,False,
missing_in_database,match_games,"{""id"": 6118689}",,,,,,False,
missing_in_database,match_games,"{""id"": 6118690}",,,,,,False,
missing_in_database,match_games,"{""id"": 6118691}",,,,,,False,
missing_in_database,match_games,"{""id"": 6118692}",,,,,,False,
missing_in_database,match_games,"{""id"": 6118693}",,,,,,False,
missing_in_database,match_games,"{""id"": 6118694}",,,,,,False,
missing_in_database,match_games,"{""id"": 6118695}",,,,,,False,
missing_in_database,match_games,"{""id"": 6118696}",,,,,,False,
missing_in_database,match_games,"{""id"": 6118697}",,,,,,False,
missing_in_database,match_games,"{""id"": 6118698}",,,,,,False,
missing_in_database,match_games,"{""id"": 6118699}",,,,,,False,
missing_in_database,match_games,"{""id"": 6118700}",,,,,,False,
missing_in_database,match_games,"{""id"": 6118701}",,,,,,False,
missing_in_database,match_games,"{""id"": 6118702}",,,,,,False,
missing_in_database,match_games,"{""id"": 6118703}",,,,,,False,
missing_in_database,match_games,"{""id"": 6118704}",,,,,,False,
missing_in_database,match_games,"{""id"": 6118705}",,,,,,False,
missing_in_database,match_games,"{""id"": 6118706}",,,,,,False,
missing_in_database,match_games,"{""id"": 6118707}",,,,,,False,
missing_in_database,match_games,"{""id"": 6118708}",,,,,,False,
missing_in_database,match_games,"{""id"": 6118709}",,,,,,False,
missing_in_database,match_games,"{""id"": 6118710}",,,,,,False,
missing_in_database,match_games,"{""id"": 6118711}",,,,,,False,
missing_in_database,match_games,"{""id"": 6118712}",,,,,,False,
missing_in_database,match_games,"{""id"": 6118713}",,,,,,False,
missing_in_database,match_games,"{""id"": 6118714}",,,,,,False,
missing_in_database,match_games,"{""id"": 6118715}",,,,,,False,
missing_in_database,match_games,"{""id"": 6118716}",,,,,,False,
missing_in_database,match_games,"{""id"": 6118717}",,,,,,False,
missing_in_database,match_games,"{""id"": 6118718}",,,,,,False,
missing_in_database,match_games,"{""id"": 6118719}",,,,,,False,
missing_in_database,match_games,"{""id"": 6118720}",,,,,,False,
missing_in_database,match_games,"{""id"": 6118721}",,,,,,False,
missing_in_database,match_games,"{""id"": 6118722}",,,,,,False,
missing_in_database,match_games,"{""id"": 6118723}",,,,,,False,
missing_in_database,match_games,"{""id"": 6118724}",,,,,,False,
missing_in_database,match_games,"{""id"": 6118725}",,,,,,False,
missing_in_database,match_games,"{""id"": 6118726}",,,,,,False,
missing_in_database,match_games,"{""id"": 6118727}",,,,,,False,
missing_in_database,match_games,"{""id"": 6118728}",,,,,,False,
missing_in_database,match_games,"{""id"": 6118729}",,,,,,False,
missing_in_database,match_games,"{""id"": 6118730}",,,,,,False,
missing_in_database,match_games,"{""id"": 6118731}",,,,,,False,
missing_in_database,match_games,"{""id"": 6118732}",,,,,,False,
missing_in_database,match_games,"{""id"": 6118733}",,,,,,False,
missing_in_database,match_games,"{""id"": 6118734}",,,,,,False,
missing_in_database,match_games,"{""id"": 6118735}",,,,,,False,
missing_in_database,match_games,"{""id"": 6118736}",,,,,,False,
missing_in_database,match_games,"{""id"": 6118737}",,,,,,False,
missing_in_database,match_games,"{""id"": 6118738}",,,,,,False,
missing_in_database,match_games,"{""id"": 6118739}",,,,,,False,
missing_in_database,match_games,"{""id"": 6118740}",,,,,,False,
missing_in_database,match_games,"{""id"": 6118741}",,,,,,False,
missing_in_database,match_games,"{""id"": 6118742}",,,,,,False,
missing_in_database,match_games,"{""id"": 6118743}",,,,,,False,
missing_in_database,match_games,"{""id"": 6118744}",,,,,,False,
missing_in_database,match_games,"{""id"": 6118745}",,,,,,False,
missing_in_database,match_games,"{""id"": 6118746}",,,,,,False,
missing_in_database,match_games,"{""id"": 6118747}",,,,,,False,
missing_in_database,match_games,"{""id"": 6118748}",,,,,,False,
missing_in_database,match_games,"{""id"": 6118749}",,,,,,False,
missing_in_database,match_games,"{""id"": 6118750}",,,,,,False,
missing_in_database,match_games,"{""id"": 6118751}",,,,,,False,
missing_in_database,match_games,"{""id"": 6118752}",,,,,,False,
missing_in_database,match_games,"{""id"": 6118753}",,,,,,False,
missing_in_database,match_games,"{""id"": 6118754}",,,,,,False,
missing_in_database,match_games,"{""id"": 6118755}",,,,,,False,
missing_in_database,match_games,"{""id"": 6118756}",,,,,,False,
missing_in_database,match_games,"{""id"": 6118757}",,,,,,False,
missing_in_database,match_games,"{""id"": 6118758}",,,,,,False,
missing_in_database,match_games,"{""id"": 6118759}",,,,,,False,
missing_in_database,match_games,"{""id"": 6118760}",,,,,,False,
missing_in_database,match_games,"{""id"": 6118761}",,,,,,False,
missing_in_database,match_games,"{""id"": 6118762}",,,,,,False,
missing_in_database,match_games,"{""id"": 6118763}",,,,,,False,
missing_in_database,match_games,"{""id"": 6118764}",,,,,,False,
missing_in_database,match_games,"{""id"": 6118765}",,,,,,False,
missing_in_database,match_games,"{""id"": 6118766}",,,,,,False,
missing_in_database,match_games,"{""id"": 6118767}",,,,,,False,
missing_in_database,match_games,"{""id"": 6118768}",,,,,,False,
missing_in_database,match_games,"{""id"": 6118769}",,,,,,False,
missing_in_database,match_games,"{""id"": 6118770}",,,,,,False,
missing_in_database,match_games,"{""id"": 6118771}",,,,,,False,
missing_in_database,match_games,"{""id"": 6118772}",,,,,,False,
missing_in_database,match_games,"{""id"": 6118773}",,,,,,False,
missing_in_database,match_games,"{""id"": 6118774}",,,,,,False,
missing_in_database,match_games,"{""id"": 6118775}",,,,,,False,
missing_in_database,match_games,"{""id"": 6118776}",,,,,,False,
missing_in_database,match_games,"{""id"": 6118777}",,,,,,False,
missing_in_database,match_games,"{""id"": 6118778}",,,,,,False,
missing_in_database,match_games,"{""id"": 6118779}",,,,,,False,
missing_in_database,match_games,"{""id"": 6118780}",,,,,,False,
missing_in_database,match_games,"{""id"": 6118781}",,,,,,False,
missing_in_database,match_games,"{""id"": 6118782}",,,,,,False,
missing_in_database,match_games,"{""id"": 6118783}",,,,,,False,
missing_in_database,match_games,"{""id"": 6118784}",,,,,,False,
missing_in_database,match_games,"{""id"": 6118785}",,,,,,False,
missing_in_database,match_games,"{""id"": 6118786}",,,,,,False,
missing_in_database,match_games,"{""id"": 6118787}",,,,,,False,
missing_in_database,match_games,"{""id"": 6118788}",,,,,,False,
missing_in_database,match_games,"{""id"": 6118789}",,,,,,False,
missing_in_database,match_games,"{""id"": 6118790}",,,,,,False,
missing_in_database,match_games,"{""id"": 6118791}",,,,,,False,
missing_in_database,match_games,"{""id"": 6118792}",,,,,,False,
missing_in_database,match_games,"{""id"": 6118793}",,,,,,False,
missing_in_database,match_games,"{""id"": 6118794}",,,,,,False,
missing_in_database,match_games,"{""id"": 6118795}",,,,,,False,
missing_in_database,match_games,"{""id"": 6118796}",,,,,,False,
missing_in_database,match_games,"{""id"": 6118797}",,,,,,False,
missing_in_database,match_games,"{""id"": 6118798}",,,,,,False,
missing_in_database,match_games,"{""id"": 6118799}",,,,,,False,
missing_in_database,match_games,"{""id"": 6118800}",,,,,,False,
missing_in_database,match_games,"{""id"": 6118801}",,,,,,False,
missing_in_database,match_games,"{""id"": 6118802}",,,,,,False,
missing_in_database,match_games,"{""id"": 6118803}",,,,,,False,
missing_in_database,match_games,"{""id"": 6118804}",,,,,,False,
missing_in_database,match_games,"{""id"": 6118805}",,,,,,False,
missing_in_database,match_games,"{""id"": 6118806}",,,,,,False,
missing_in_database,match_games,"{""id"": 6118807}",,,,,,False,
missing_in_database,match_games,"{""id"": 6118808}",,,,,,False,
missing_in_database,match_games,"{""id"": 6118809}",,,,,,False,
missing_in_database,match_games,"{""id"": 6118810}",,,,,,False,
missing_in_database,match_games,"{""id"": 6118811}",,,,,,False,
missing_in_database,match_games,"{""id"": 6118812}",,,,,,False,
missing_in_database,match_games,"{""id"": 6118813}",,,,,,False,
missing_in_database,match_games,"{""id"": 6118814}",,,,,,False,
missing_in_database,match_games,"{""id"": 6118815}",,,,,,False,
missing_in_database,match_games,"{""id"": 6118816}",,,,,,False,
missing_in_database,match_games,"{""id"": 6118817}",,,,,,False,
missing_in_database,match_games,"{""id"": 6118818}",,,,,,False,
missing_in_database,match_games,"{""id"": 6118819}",,,,,,False,
missing_in_database,match_games,"{""id"": 6118820}",,,,,,False,
missing_in_database,match_games,"{""id"": 6118821}",,,,,,False,
missing_in_database,match_games,"{""id"": 6118822}",,,,,,False,
missing_in_database,match_games,"{""id"": 6118823}",,,,,,False,
missing_in_database,match_games,"{""id"": 6118824}",,,,,,False,
missing_in_database,match_games,"{""id"": 6118825}",,,,,,False,
missing_in_database,match_games,"{""id"": 6118826}",,,,,,False,
missing_in_database,match_games,"{""id"": 6118827}",,,,,,False,
missing_in_database,match_games,"{""id"": 6118828}",,,,,,False,
missing_in_database,match_games,"{""id"": 6118829}",,,,,,False,
missing_in_database,match_games,"{""id"": 6118830}",,,,,,False,
missing_in_database,match_games,"{""id"": 6118831}",,,,,,False,
missing_in_database,match_games,"{""id"": 6118832}",,,,,,False,
missing_in_database,match_games,"{""id"": 6118833}",,,,,,False,
missing_in_database,match_games,"{""id"": 6118834}",,,,,,False,
missing_in_database,match_games,"{""id"": 6118835}",,,,,,False,
missing_in_database,match_games,"{""id"": 6118836}",,,,,,False,
missing_in_database,match_games,"{""id"": 6118837}",,,,,,False,
missing_in_database,match_games,"{""id"": 6118838}",,,,,,False,
missing_in_database,match_games,"{""id"": 6118839}",,,,,,False,
missing_in_database,match_games,"{""id"": 6118840}",,,,,,False,
missing_in_database,match_games,"{""id"": 6118841}",,,,,,False,
missing_in_database,match_games,"{""id"": 6118842}",,,,,,False,
missing_in_database,match_games,"{""id"": 6118843}",,,,,,False,
missing_in_database,match_games,"{""id"": 6118844}",,,,,,False,
missing_in_database,match_games,"{""id"": 6118845}",,,,,,False,
missing_in_database,match_games,"{""id"": 6118846}",,,,,,False,
missing_in_database,match_games,"{""id"": 6118847}",,,,,,False,
missing_in_database,match_games,"{""id"": 6118848}",,,,,,False,
missing_in_database,match_games,"{""id"": 6118849}",,,,,,False,
missing_in_database,match_games,"{""id"": 6118850}",,,,,,False,
missing_in_database,match_games,"{""id"": 6118851}",,,,,,False,
missing_in_database,match_games,"{""id"": 6118852}",,,,,,False,
missing_in_database,match_games,"{""id"": 6118853}",,,,,,False,
missing_in_database,match_games,"{""id"": 6118854}",,,,,,False,
missing_in_database,match_games,"{""id"": 6118855}",,,,,,False,
missing_in_database,match_games,"{""id"": 6118856}",,,,,,False,
missing_in_database,match_games,"{""id"": 6118857}",,,,,,False,
missing_in_database,match_games,"{""id"": 6118858}",,,,,,False,
missing_in_database,match_games,"{""id"": 6118859}",,,,,,False,
missing_in_database,match_games,"{""id"": 6118860}",,,,,,False,
missing_in_database,match_games,"{""id"": 6118861}",,,,,,False,
missing_in_database,match_games,"{""id"": 6118862}",,,,,,False,
missing_in_database,match_games,"{""id"": 6118863}",,,,,,False,
missing_in_database,match_games,"{""id"": 6118864}",,,,,,False,
missing_in_database,match_games,"{""id"": 6118865}",,,,,,False,
missing_in_database,match_games,"{""id"": 6118866}",,,,,,False,
missing_in_database,match_games,"{""id"": 6118867}",,,,,,False,
missing_in_database,match_games,"{""id"": 6118868}",,,,,,False,
missing_in_database,match_games,"{""id"": 6118869}",,,,,,False,
missing_in_database,match_games,"{""id"": 6118870}",,,,,,False,
missing_in_database,match_games,"{""id"": 6118871}",,,,,,False,
missing_in_database,match_games,"{""id"": 6118872}",,,,,,False,
missing_in_database,match_games,"{""id"": 6118873}",,,,,,False,
missing_in_database,match_games,"{""id"": 6118874}",,,,,,False,
missing_in_database,match_games,"{""id"": 6118875}",,,,,,False,
missing_in_database,match_games,"{""id"": 6118876}",,,,,,False,
missing_in_database,match_games,"{""id"": 6118877}",,,,,,False,
missing_in_database,match_games,"{""id"": 6118878}",,,,,,False,
missing_in_database,match_games,"{""id"": 6118879}",,,,,,False,
missing_in_database,match_games,"{""id"": 6118880}",,,,,,False,
missing_in_database,match_games,"{""id"": 6118881}",,,,,,False,
missing_in_database,match_games,"{""id"": 6118882}",,,,,,False,
missing_in_database,match_games,"{""id"": 6118883}",,,,,,False,
missing_in_database,match_games,"{""id"": 6118884}",,,,,,False,
missing_in_database,match_games,"{""id"": 6118885}",,,,,,False,
missing_in_database,match_games,"{""id"": 6118886}",,,,,,False,
missing_in_database,match_games,"{""id"": 6118887}",,,,,,False,
missing_in_database,match_games,"{""id"": 6118888}",,,,,,False,
missing_in_database,match_games,"{""id"": 6118889}",,,,,,False,
missing_in_database,match_games,"{""id"": 6118890}",,,,,,False,
missing_in_database,match_games,"{""id"": 6118891}",,,,,,False,
missing_in_database,match_games,"{""id"": 6118892}",,,,,,False,
missing_in_database,match_games,"{""id"": 6118893}",,,,,,False,
missing_in_database,match_games,"{""id"": 6118894}",,,,,,False,
missing_in_database,match_games,"{""id"": 6118895}",,,,,,False,
missing_in_database,match_games,"{""id"": 6118896}",,,,,,False,
missing_in_database,match_games,"{""id"": 6118897}",,,,,,False,
missing_in_database,match_games,"{""id"": 6118898}",,,,,,False,
missing_in_database,match_games,"{""id"": 6118899}",,,,,,False,
missing_in_database,match_games,"{""id"": 6118900}",,,,,,False,
missing_in_database,match_games,"{""id"": 6118901}",,,,,,False,
missing_in_database,match_games,"{""id"": 6118902}",,,,,,False,
missing_in_database,match_games,"{""id"": 6118903}",,,,,,False,
missing_in_database,match_games,"{""id"": 6118904}",,,,,,False,
missing_in_database,match_games,"{""id"": 6118905}",,,,,,False,
missing_in_database,match_games,"{""id"": 6118906}",,,,,,False,
missing_in_database,match_games,"{""id"": 6118907}",,,,,,False,
missing_in_database,match_games,"{""id"": 6118908}",,,,,,False,
missing_in_database,match_games,"{""id"": 6118909}",,,,,,False,
missing_in_database,match_games,"{""id"": 6118910}",,,,,,False,
missing_in_database,match_games,"{""id"": 6118911}",,,,,,False,
missing_in_database,match_games,"{""id"": 6118912}",,,,,,False,
missing_in_database,match_games,"{""id"": 6118913}",,,,,,False,
missing_in_database,match_games,"{""id"": 6118914}",,,,,,False,
missing_in_database,match_games,"{""id"": 6118915}",,,,,,False,
missing_in_database,match_games,"{""id"": 6118916}",,,,,,False,
missing_in_database,match_games,"{""id"": 6118917}",,,,,,False,
missing_in_database,match_games,"{""id"": 6118918}",,,,,,False,
missing_in_database,match_games,"{""id"": 6118919}",,,,,,False,
missing_in_database,match_games,"{""id"": 6118920}",,,,,,False,
missing_in_database,match_games,"{""id"": 6118921}",,,,,,False,
missing_in_database,match_games,"{""id"": 6118922}",,,,,,False,
missing_in_database,match_games,"{""id"": 6118923}",,,,,,False,
missing_in_database,match_games,"{""id"": 6118924}",,,,,,False,
missing_in_database,match_games,"{""id"": 6118925}",,,,,,False,
missing_in_database,match_games,"{""id"": 6118926}",,,,,,False,
missing_in_database,match_games,"{""id"": 6118927}",,,,,,False,
missing_in_database,match_games,"{""id"": 6118928}",,,,,,False,
missing_in_database,match_games,"{""id"": 6118929}",,,,,,False,
missing_in_database,match_games,"{""id"": 6118930}",,,,,,False,
missing_in_database,match_games,"{""id"": 6118931}",,,,,,False,
missing_in_database,match_games,"{""id"": 6118932}",,,,,,False,
missing_in_database,match_games,"{""id"": 6118933}",,,,,,False,
missing_in_database,match_games,"{""id"": 6118934}",,,,,,False,
missing_in_database,match_games,"{""id"": 6118935}",,,,,,False,
missing_in_database,match_games,"{""id"": 6118936}",,,,,,False,
missing_in_database,match_games,"{""id"": 6118937}",,,,,,False,
missing_in_database,match_games,"{""id"": 6118938}",,,,,,False,
missing_in_database,match_games,"{""id"": 6118939}",,,,,,False,
missing_in_database,match_games,"{""id"": 6118940}",,,,,,False,
missing_in_database,match_games,"{""id"": 6118941}",,,,,,False,
missing_in_database,match_games,"{""id"": 6118942}",,,,,,False,
missing_in_database,match_games,"{""id"": 6118943}",,,,,,False,
missing_in_database,match_games,"{""id"": 6118944}",,,,,,False,
missing_in_database,match_games,"{""id"": 6118945}",,,,,,False,
missing_in_database,match_games,"{""id"": 6118946}",,,,,,False,
missing_in_database,match_games,"{""id"": 6118947}",,,,,,False,
missing_in_database,match_games,"{""id"": 6118948}",,,,,,False,
missing_in_database,match_games,"{""id"": 6118949}",,,,,,False,
missing_in_database,match_games,"{""id"": 6118950}",,,,,,False,
missing_in_database,match_games,"{""id"": 6118951}",,,,,,False,
missing_in_database,match_games,"{""id"": 6118952}",,,,,,False,
missing_in_database,match_games,"{""id"": 6118953}",,,,,,False,
missing_in_database,match_games,"{""id"": 6118954}",,,,,,False,
missing_in_database,match_games,"{""id"": 6118955}",,,,,,False,
missing_in_database,match_games,"{""id"": 6118956}",,,,,,False,
missing_in_database,match_games,"{""id"": 6118957}",,,,,,False,
missing_in_database,match_games,"{""id"": 6118958}",,,,,,False,
missing_in_database,match_games,"{""id"": 6118959}",,,,,,False,
missing_in_database,match_games,"{""id"": 6118960}",,,,,,False,
missing_in_database,match_games,"{""id"": 6118961}",,,,,,False,
missing_in_database,match_games,"{""id"": 6118962}",,,,,,False,
missing_in_database,match_games,"{""id"": 6118963}",,,,,,False,
missing_in_database,match_games,"{""id"": 6118964}",,,,,,False,
missing_in_database,match_games,"{""id"": 6118965}",,,,,,False,
missing_in_database,match_games,"{""id"": 6118966}",,,,,,False,
missing_in_database,match_games,"{""id"": 6118967}",,,,,,False,
missing_in_database,match_games,"{""id"": 6118968}",,,,,,False,
missing_in_database,match_games,"{""id"": 6118969}",,,,,,False,
missing_in_database,match_games,"{""id"": 6118970}",,,,,,False,
missing_in_database,match_games,"{""id"": 6118971}",,,,,,False,
missing_in_database,match_games,"{""id"": 6118972}",,,,,,False,
missing_in_database,match_games,"{""id"": 6118973}",,,,,,False,
missing_in_database,match_games,"{""id"": 6118974}",,,,,,False,
missing_in_database,match_games,"{""id"": 6118975}",,,,,,False,
missing_in_database,match_games,"{""id"": 6118976}",,,,,,False,
missing_in_database,match_games,"{""id"": 6118977}",,,,,,False,
missing_in_database,match_games,"{""id"": 6118978}",,,,,,False,
missing_in_database,match_games,"{""id"": 6118979}",,,,,,False,
missing_in_database,match_games,"{""id"": 6118980}",,,,,,False,
missing_in_database,match_games,"{""id"": 6118981}",,,,,,False,
missing_in_database,match_games,"{""id"": 6118982}",,,,,,False,
missing_in_database,match_games,"{""id"": 6118983}",,,,,,False,
missing_in_database,match_games,"{""id"": 6118984}",,,,,,False,
missing_in_database,match_games,"{""id"": 6118985}",,,,,,False,
missing_in_database,match_games,"{""id"": 6118986}",,,,,,False,
missing_in_database,match_games,"{""id"": 6118987}",,,,,,False,
missing_in_database,match_games,"{""id"": 6118988}",,,,,,False,
missing_in_database,match_games,"{""id"": 6118989}",,,,,,False,
missing_in_database,match_games,"{""id"": 6118990}",,,,,,False,
missing_in_database,match_games,"{""id"": 6118991}",,,,,,False,
missing_in_database,match_games,"{""id"": 6118992}",,,,,,False,
missing_in_database,match_games,"{""id"": 6118993}",,,,,,False,
missing_in_database,match_games,"{""id"": 6118994}",,,,,,False,
missing_in_database,match_games,"{""id"": 6118995}",,,,,,False,
missing_in_database,match_games,"{""id"": 6118996}",,,,,,False,
missing_in_database,match_games,"{""id"": 6118997}",,,,,,False,
missing_in_database,match_games,"{""id"": 6118998}",,,,,,False,
missing_in_database,match_games,"{""id"": 6118999}",,,,,,False,
missing_in_database,match_games,"{""id"": 6119000}",,,,,,False,
missing_in_database,match_games,"{""id"": 6119001}",,,,,,False,
missing_in_database,match_games,"{""id"": 6119002}",,,,,,False,
missing_in_database,match_games,"{""id"": 6119003}",,,,,,False,
missing_in_database,match_games,"{""id"": 6119004}",,,,,,False,
missing_in_database,match_games,"{""id"": 6119005}",,,,,,False,
missing_in_database,match_games,"{""id"": 6119006}",,,,,,False,
missing_in_database,match_games,"{""id"": 6119007}",,,,,,False,
missing_in_database,match_games,"{""id"": 6119008}",,,,,,False,
missing_in_database,match_games,"{""id"": 6119009}",,,,,,False,
missing_in_database,match_games,"{""id"": 6119010}",,,,,,False,
missing_in_database,match_games,"{""id"": 6119011}",,,,,,False,
missing_in_database,match_games,"{""id"": 6119012}",,,,,,False,
missing_in_database,match_games,"{""id"": 6119013}",,,,,,False,
missing_in_database,match_games,"{""id"": 6119014}",,,,,,False,
missing_in_database,match_games,"{""id"": 6119015}",,,,,,False,
missing_in_database,match_games,"{""id"": 6119016}",,,,,,False,
missing_in_database,match_games,"{""id"": 6119017}",,,,,,False,
missing_in_database,match_games,"{""id"": 6119018}",,,,,,False,
missing_in_database,match_games,"{""id"": 6119019}",,,,,,False,
missing_in_database,match_games,"{""id"": 6119020}",,,,,,False,
missing_in_database,match_games,"{""id"": 6119021}",,,,,,False,
missing_in_database,match_games,"{""id"": 6119022}",,,,,,False,
missing_in_database,match_games,"{""id"": 6119023}",,,,,,False,
missing_in_database,match_games,"{""id"": 6119024}",,,,,,False,
missing_in_database,match_games,"{""id"": 6119025}",,,,,,False,
missing_in_database,match_games,"{""id"": 6119026}",,,,,,False,
missing_in_database,match_games,"{""id"": 6119027}",,,,,,False,
missing_in_database,match_games,"{""id"": 6119028}",,,,,,False,
missing_in_database,match_games,"{""id"": 6119029}",,,,,,False,
missing_in_database,match_games,"{""id"": 6119030}",,,,,,False,
missing_in_database,match_games,"{""id"": 6119031}",,,,,,False,
missing_in_database,match_games,"{""id"": 6119032}",,,,,,False,
missing_in_database,match_games,"{""id"": 6119033}",,,,,,False,
missing_in_database,match_games,"{""id"": 6119034}",,,,,,False,
missing_in_database,match_games,"{""id"": 6119035}",,,,,,False,
missing_in_database,match_games,"{""id"": 6119036}",,,,,,False,
missing_in_database,match_games,"{""id"": 6119037}",,,,,,False,
missing_in_database,match_games,"{""id"": 6119038}",,,,,,False,
missing_in_database,match_games,"{""id"": 6119039}",,,,,,False,
missing_in_database,match_games,"{""id"": 6119040}",,,,,,False,
missing_in_database,match_games,"{""id"": 6119041}",,,,,,False,
missing_in_database,match_games,"{""id"": 6119042}",,,,,,False,
missing_in_database,match_games,"{""id"": 6119043}",,,,,,False,
missing_in_database,match_games,"{""id"": 6119044}",,,,,,False,
missing_in_database,match_games,"{""id"": 6119045}",,,,,,False,
missing_in_database,match_games,"{""id"": 6119046}",,,,,,False,
missing_in_database,match_games,"{""id"": 6119047}",,,,,,False,
missing_in_database,match_games,"{""id"": 6119048}",,,,,,False,
missing_in_database,match_games,"{""id"": 6119049}",,,,,,False,
missing_in_database,match_games,"{""id"": 6119050}",,,,,,False,
missing_in_database,match_games,"{""id"": 6119051}",,,,,,False,
missing_in_database,match_games,"{""id"": 6119052}",,,,,,False,
missing_in_database,match_games,"{""id"": 6119053}",,,,,,False,
missing_in_database,match_games,"{""id"": 6119054}",,,,,,False,
missing_in_database,match_games,"{""id"": 6119055}",,,,,,False,
missing_in_database,match_games,"{""id"": 6119056}",,,,,,False,
missing_in_database,match_games,"{""id"": 6119057}",,,,,,False,
missing_in_database,match_games,"{""id"": 6119058}",,,,,,False,
missing_in_database,match_games,"{""id"": 6119059}",,,,,,False,
missing_in_database,match_games,"{""id"": 6119060}",,,,,,False,
missing_in_database,match_games,"{""id"": 6119061}",,,,,,False,
missing_in_database,match_games,"{""id"": 6119062}",,,,,,False,
missing_in_database,match_games,"{""id"": 6119063}",,,,,,False,
missing_in_database,match_games,"{""id"": 6119064}",,,,,,False,
missing_in_database,match_games,"{""id"": 6119065}",,,,,,False,
missing_in_database,match_games,"{""id"": 6119066}",,,,,,False,
missing_in_database,match_games,"{""id"": 6119067}",,,,,,False,
missing_in_database,match_games,"{""id"": 6119068}",,,,,,False,
missing_in_database,match_games,"{""id"": 6119069}",,,,,,False,
missing_in_database,match_games,"{""id"": 6119070}",,,,,,False,
missing_in_database,match_games,"{""id"": 6119071}",,,,,,False,
missing_in_database,match_games,"{""id"": 6119072}",,,,,,False,
missing_in_database,match_games,"{""id"": 6119073}",,,,,,False,
missing_in_database,match_games,"{""id"": 6119074}",,,,,,False,
missing_in_database,match_games,"{""id"": 6119075}",,,,,,False,
missing_in_database,match_games,"{""id"": 6119076}",,,,,,False,
missing_in_database,match_games,"{""id"": 6119077}",,,,,,False,
missing_in_database,match_games,"{""id"": 6119078}",,,,,,False,
missing_in_database,match_games,"{""id"": 6119079}",,,,,,False,
missing_in_database,match_games,"{""id"": 6119080}",,,,,,False,
missing_in_database,match_games,"{""id"": 6119081}",,,,,,False,
missing_in_database,match_games,"{""id"": 6119082}",,,,,,False,
missing_in_database,match_games,"{""id"": 6119083}",,,,,,False,
missing_in_database,match_games,"{""id"": 6119084}",,,,,,False,
missing_in_database,match_games,"{""id"": 6119085}",,,,,,False,
missing_in_database,match_games,"{""id"": 6119086}",,,,,,False,
missing_in_database,match_games,"{""id"": 6119087}",,,,,,False,
missing_in_database,match_games,"{""id"": 6119088}",,,,,,False,
missing_in_database,match_games,"{""id"": 6119089}",,,,,,False,
missing_in_database,match_games,"{""id"": 6119090}",,,,,,False,
missing_in_database,match_games,"{""id"": 6119091}",,,,,,False,
missing_in_database,match_games,"{""id"": 6119092}",,,,,,False,
missing_in_database,match_games,"{""id"": 6119093}",,,,,,False,
missing_in_database,match_games,"{""id"": 6119094}",,,,,,False,
missing_in_database,match_games,"{""id"": 6119095}",,,,,,False,
missing_in_database,match_games,"{""id"": 6119096}",,,,,,False,
missing_in_database,match_games,"{""id"": 6119097}",,,,,,False,
missing_in_database,match_games,"{""id"": 6119098}",,,,,,False,
missing_in_database,match_games,"{""id"": 6119099}",,,,,,False,
missing_in_database,match_games,"{""id"": 6119100}",,,,,,False,
missing_in_database,match_games,"{""id"": 6119101}",,,,,,False,
missing_in_database,match_games,"{""id"": 6119102}",,,,,,False,
missing_in_database,match_games,"{""id"": 6119103}",,,,,,False,
missing_in_database,match_games,"{""id"": 6119104}",,,,,,False,
missing_in_database,match_games,"{""id"": 6119105}",,,,,,False,
missing_in_database,match_games,"{""id"": 6119106}",,,,,,False,
missing_in_database,match_games,"{""id"": 6119107}",,,,,,False,
missing_in_database,match_games,"{""id"": 6119108}",,,,,,False,
missing_in_database,match_games,"{""id"": 6119109}",,,,,,False,
missing_in_database,match_games,"{""id"": 6119110}",,,,,,False,
missing_in_database,match_games,"{""id"": 6119111}",,,,,,False,
missing_in_database,match_games,"{""id"": 6119112}",,,,,,False,
missing_in_database,match_games,"{""id"": 6119113}",,,,,,False,
missing_in_database,match_games,"{""id"": 6119114}",,,,,,False,
missing_in_database,match_games,"{""id"": 6119115}",,,,,,False,
missing_in_database,match_games,"{""id"": 6119116}",,,,,,False,
missing_in_database,match_games,"{""id"": 6119117}",,,,,,False,
missing_in_database,match_games,"{""id"": 6119118}",,,,,,False,
missing_in_database,match_games,"{""id"": 6119119}",,,,,,False,
missing_in_database,match_games,"{""id"": 6119120}",,,,,,False,
missing_in_database,match_games,"{""id"": 6119121}",,,,,,False,
missing_in_database,match_games,"{""id"": 6119122}",,,,,,False,
missing_in_database,match_games,"{""id"": 6119123}",,,,,,False,
missing_in_database,match_games,"{""id"": 6119124}",,,,,,False,
missing_in_database,match_games,"{""id"": 6119125}",,,,,,False,
missing_in_database,match_games,"{""id"": 6119126}",,,,,,False,
missing_in_database,match_games,"{""id"": 6119127}",,,,,,False,
missing_in_database,match_games,"{""id"": 6119128}",,,,,,False,
missing_in_database,match_games,"{""id"": 6119129}",,,,,,False,
missing_in_database,match_games,"{""id"": 6119130}",,,,,,False,
missing_in_database,match_games,"{""id"": 6119131}",,,,,,False,
missing_in_database,match_games,"{""id"": 6119132}",,,,,,False,
missing_in_database,match_games,"{""id"": 6119133}",,,,,,False,
missing_in_database,match_games,"{""id"": 6119134}",,,,,,False,
missing_in_database,match_games,"{""id"": 6119135}",,,,,,False,
missing_in_database,match_games,"{""id"": 6119136}",,,,,,False,
missing_in_database,match_games,"{""id"": 6119137}",,,,,,False,
missing_in_database,match_games,"{""id"": 6119138}",,,,,,False,
missing_in_database,match_games,"{""id"": 6119139}",,,,,,False,
missing_in_database,match_games,"{""id"": 6119140}",,,,,,False,
missing_in_database,match_games,"{""id"": 6119141}",,,,,,False,
missing_in_database,match_games,"{""id"": 6119142}",,,,,,False,
missing_in_database,match_games,"{""id"": 6119143}",,,,,,False,
missing_in_database,match_games,"{""id"": 6119144}",,,,,,False,
missing_in_database,match_games,"{""id"": 6119145}",,,,,,False,
missing_in_database,match_games,"{""id"": 6119146}",,,,,,False,
missing_in_database,match_games,"{""id"": 6119147}",,,,,,False,
missing_in_database,match_games,"{""id"": 6119148}",,,,,,False,
missing_in_database,match_games,"{""id"": 6119149}",,,,,,False,
missing_in_database,match_games,"{""id"": 6119150}",,,,,,False,
missing_in_database,match_games,"{""id"": 6119151}",,,,,,False,
missing_in_database,match_games,"{""id"": 6119152}",,,,,,False,
missing_in_database,match_games,"{""id"": 6119153}",,,,,,False,
missing_in_database,match_games,"{""id"": 6119154}",,,,,,False,
missing_in_database,match_games,"{""id"": 6119155}",,,,,,False,
missing_in_database,match_games,"{""id"": 6119156}",,,,,,False,
missing_in_database,match_games,"{""id"": 6119157}",,,,,,False,
missing_in_database,match_games,"{""id"": 6119158}",,,,,,False,
missing_in_database,match_games,"{""id"": 6119159}",,,,,,False,
missing_in_database,match_games,"{""id"": 6119160}",,,,,,False,
missing_in_database,match_games,"{""id"": 6119161}",,,,,,False,
missing_in_database,match_games,"{""id"": 6119162}",,,,,,False,
missing_in_database,match_games,"{""id"": 6119163}",,,,,,False,
missing_in_database,match_games,"{""id"": 6119164}",,,,,,False,
missing_in_database,match_games,"{""id"": 6119165}",,,,,,False,
missing_in_database,match_games,"{""id"": 6119166}",,,,,,False,
missing_in_database,match_games,"{""id"": 6119167}",,,,,,False,
missing_in_database,match_games,"{""id"": 6119168}",,,,,,False,
missing_in_database,match_games,"{""id"": 6119169}",,,,,,False,
missing_in_database,match_games,"{""id"": 6119170}",,,,,,False,
missing_in_database,match_games,"{""id"": 6119171}",,,,,,False,
missing_in_database,match_games,"{""id"": 6119172}",,,,,,False,
missing_in_database,match_games,"{""id"": 6119173}",,,,,,False,
missing_in_database,match_games,"{""id"": 6119174}",,,,,,False,
missing_in_database,match_games,"{""id"": 6119175}",,,,,,False,
missing_in_database,match_games,"{""id"": 6119176}",,,,,,False,
missing_in_database,match_games,"{""id"": 6119177}",,,,,,False,
missing_in_database,match_games,"{""id"": 6119178}",,,,,,False,
missing_in_database,match_games,"{""id"": 6119179}",,,,,,False,
missing_in_database,match_games,"{""id"": 6119180}",,,,,,False,
missing_in_database,match_games,"{""id"": 6119181}",,,,,,False,
missing_in_database,match_games,"{""id"": 6119182}",,,,,,False,
missing_in_database,match_games,"{""id"": 6119183}",,,,,,False,
missing_in_database,match_games,"{""id"": 6119184}",,,,,,False,
missing_in_database,match_games,"{""id"": 6119185}",,,,,,False,
missing_in_database,match_games,"{""id"": 6119186}",,,,,,False,
missing_in_database,match_games,"{""id"": 6119187}",,,,,,False,
missing_in_database,match_games,"{""id"": 6119188}",,,,,,False,
missing_in_database,match_games,"{""id"": 6119189}",,,,,,False,
missing_in_database,match_games,"{""id"": 6119190}",,,,,,False,
missing_in_database,match_games,"{""id"": 6119191}",,,,,,False,
missing_in_database,match_games,"{""id"": 6119192}",,,,,,False,
missing_in_database,match_games,"{""id"": 6119193}",,,,,,False,
missing_in_database,match_games,"{""id"": 6119194}",,,,,,False,
missing_in_database,match_games,"{""id"": 6119195}",,,,,,False,
missing_in_database,match_games,"{""id"": 6119196}",,,,,,False,
missing_in_database,match_games,"{""id"": 6119197}",,,,,,False,
missing_in_database,match_games,"{""id"": 6119198}",,,,,,False,
missing_in_database,match_games,"{""id"": 6119199}",,,,,,False,
missing_in_database,match_games,"{""id"": 6119200}",,,,,,False,
missing_in_database,match_games,"{""id"": 6119201}",,,,,,False,
missing_in_database,match_games,"{""id"": 6119202}",,,,,,False,
missing_in_database,match_games,"{""id"": 6119203}",,,,,,False,
missing_in_database,match_games,"{""id"": 6119204}",,,,,,False,
missing_in_database,match_games,"{""id"": 6119205}",,,,,,False,
missing_in_database,match_games,"{""id"": 6119206}",,,,,,False,
missing_in_database,match_games,"{""id"": 6119207}",,,,,,False,
missing_in_database,match_games,"{""id"": 6119208}",,,,,,False,
missing_in_database,match_games,"{""id"": 6119209}",,,,,,False,
missing_in_database,match_games,"{""id"": 6119210}",,,,,,False,
missing_in_database,match_games,"{""id"": 6119211}",,,,,,False,
missing_in_database,match_games,"{""id"": 6119212}",,,,,,False,
missing_in_database,match_games,"{""id"": 6119213}",,,,,,False,
missing_in_database,match_games,"{""id"": 6119214}",,,,,,False,
missing_in_database,match_games,"{""id"": 6119215}",,,,,,False,
missing_in_database,match_games,"{""id"": 6119216}",,,,,,False,
missing_in_database,match_games,"{""id"": 6119217}",,,,,,False,
missing_in_database,match_games,"{""id"": 6119218}",,,,,,False,
missing_in_database,match_games,"{""id"": 6119219}",,,,,,False,
missing_in_database,match_games,"{""id"": 6119220}",,,,,,False,
missing_in_database,match_games,"{""id"": 6119221}",,,,,,False,
missing_in_database,match_games,"{""id"": 6119222}",,,,,,False,
missing_in_database,match_games,"{""id"": 6119223}",,,,,,False,
missing_in_database,match_games,"{""id"": 6119224}",,,,,,False,
missing_in_database,match_games,"{""id"": 6119225}",,,,,,False,
missing_in_database,match_games,"{""id"": 6119226}",,,,,,False,
missing_in_database,match_games,"{""id"": 6119227}",,,,,,False,
missing_in_database,match_games,"{""id"": 6119228}",,,,,,False,
missing_in_database,match_games,"{""id"": 6119229}",,,,,,False,
missing_in_database,match_games,"{""id"": 6119230}",,,,,,False,
missing_in_database,match_games,"{""id"": 6119231}",,,,,,False,
missing_in_database,match_games,"{""id"": 6119232}",,,,,,False,
missing_in_database,match_games,"{""id"": 6119233}",,,,,,False,
missing_in_database,match_games,"{""id"": 6119234}",,,,,,False,
missing_in_database,match_games,"{""id"": 6119235}",,,,,,False,
missing_in_database,match_games,"{""id"": 6119236}",,,,,,False,
missing_in_database,match_games,"{""id"": 6119237}",,,,,,False,
missing_in_database,match_games,"{""id"": 6119238}",,,,,,False,
missing_in_database,match_games,"{""id"": 6119239}",,,,,,False,
missing_in_database,match_games,"{""id"": 6119240}",,,,,,False,
missing_in_database,match_games,"{""id"": 6119241}",,,,,,False,
missing_in_database,match_games,"{""id"": 6119242}",,,,,,False,
missing_in_database,match_games,"{""id"": 6119243}",,,,,,False,
missing_in_database,match_games,"{""id"": 6119244}",,,,,,False,
missing_in_database,match_games,"{""id"": 6119245}",,,,,,False,
missing_in_database,match_games,"{""id"": 6119246}",,,,,,False,
missing_in_database,match_games,"{""id"": 6119247}",,,,,,False,
missing_in_database,match_games,"{""id"": 6119248}",,,,,,False,
missing_in_database,match_games,"{""id"": 6119249}",,,,,,False,
missing_in_database,match_games,"{""id"": 6119250}",,,,,,False,
missing_in_database,match_games,"{""id"": 6119251}",,,,,,False,
missing_in_database,match_games,"{""id"": 6119252}",,,,,,False,
missing_in_database,match_games,"{""id"": 6119253}",,,,,,False,
missing_in_database,match_games,"{""id"": 6119254}",,,,,,False,
missing_in_database,match_games,"{""id"": 6119255}",,,,,,False,
missing_in_database,match_games,"{""id"": 6119256}",,,,,,False,
missing_in_database,match_games,"{""id"": 6119257}",,,,,,False,
missing_in_database,match_games,"{""id"": 6119258}",,,,,,False,
missing_in_database,match_games,"{""id"": 6119259}",,,,,,False,
missing_in_database,match_games,"{""id"": 6119260}",,,,,,False,
missing_in_database,match_games,"{""id"": 6119261}",,,,,,False,
missing_in_database,match_games,"{""id"": 6119262}",,,,,,False,
missing_in_database,match_games,"{""id"": 6119263}",,,,,,False,
missing_in_database,match_games,"{""id"": 6119264}",,,,,,False,
missing_in_database,match_games,"{""id"": 6119265}",,,,,,False,
missing_in_database,match_games,"{""id"": 6119266}",,,,,,False,
missing_in_database,match_games,"{""id"": 6119267}",,,,,,False,
missing_in_database,match_games,"{""id"": 6119268}",,,,,,False,
missing_in_database,match_games,"{""id"": 6119269}",,,,,,False,
missing_in_database,match_games,"{""id"": 6119270}",,,,,,False,
missing_in_database,match_games,"{""id"": 6119271}",,,,,,False,
missing_in_database,match_games,"{""id"": 6119272}",,,,,,False,
missing_in_database,match_games,"{""id"": 6119273}",,,,,,False,
missing_in_database,match_games,"{""id"": 6119274}",,,,,,False,
missing_in_database,match_games,"{""id"": 6119275}",,,,,,False,
missing_in_database,match_games,"{""id"": 6119276}",,,,,,False,
missing_in_database,match_games,"{""id"": 6119277}",,,,,,False,
missing_in_database,match_games,"{""id"": 6119278}",,,,,,False,
missing_in_database,match_games,"{""id"": 6119279}",,,,,,False,
missing_in_database,match_games,"{""id"": 6119280}",,,,,,False,
missing_in_database,match_games,"{""id"": 6119281}",,,,,,False,
missing_in_database,match_games,"{""id"": 6119282}",,,,,,False,
missing_in_database,match_games,"{""id"": 6119283}",,,,,,False,
missing_in_database,match_games,"{""id"": 6119284}",,,,,,False,
missing_in_database,match_games,"{""id"": 6119285}",,,,,,False,
missing_in_database,match_games,"{""id"": 6119286}",,,,,,False,
missing_in_database,match_games,"{""id"": 6119287}",,,,,,False,
missing_in_database,match_games,"{""id"": 6119288}",,,,,,False,
missing_in_database,match_games,"{""id"": 6119289}",,,,,,False,
missing_in_database,match_games,"{""id"": 6119290}",,,,,,False,
missing_in_database,match_games,"{""id"": 6119291}",,,,,,False,
missing_in_database,match_games,"{""id"": 6119292}",,,,,,False,
missing_in_database,match_games,"{""id"": 6119293}",,,,,,False,
missing_in_database,match_games,"{""id"": 6119294}",,,,,,False,
missing_in_database,match_games,"{""id"": 6119295}",,,,,,False,
missing_in_database,match_games,"{""id"": 6119296}",,,,,,False,
missing_in_database,match_games,"{""id"": 6119297}",,,,,,False,
missing_in_database,match_games,"{""id"": 6119298}",,,,,,False,
missing_in_database,match_games,"{""id"": 6119299}",,,,,,False,
missing_in_database,match_games,"{""id"": 6119300}",,,,,,False,
missing_in_database,match_games,"{""id"": 6119301}",,,,,,False,
missing_in_database,match_games,"{""id"": 6119302}",,,,,,False,
missing_in_database,match_games,"{""id"": 6119303}",,,,,,False,
missing_in_database,match_games,"{""id"": 6119304}",,,,,,False,
missing_in_database,match_games,"{""id"": 6119305}",,,,,,False,
missing_in_database,match_games,"{""id"": 6119306}",,,,,,False,
missing_in_database,match_games,"{""id"": 6119307}",,,,,,False,
missing_in_database,match_games,"{""id"": 6119308}",,,,,,False,
missing_in_database,match_games,"{""id"": 6119309}",,,,,,False,
missing_in_database,match_games,"{""id"": 6119310}",,,,,,False,
missing_in_database,match_games,"{""id"": 6119311}",,,,,,False,
missing_in_database,match_games,"{""id"": 6119312}",,,,,,False,
missing_in_database,match_games,"{""id"": 6119313}",,,,,,False,
missing_in_database,match_games,"{""id"": 6119314}",,,,,,False,
missing_in_database,match_games,"{""id"": 6119315}",,,,,,False,
missing_in_database,match_games,"{""id"": 6119316}",,,,,,False,
missing_in_database,match_games,"{""id"": 6119317}",,,,,,False,
missing_in_database,match_games,"{""id"": 6119318}",,,,,,False,
missing_in_database,match_games,"{""id"": 6119319}",,,,,,False,
missing_in_database,match_games,"{""id"": 6119320}",,,,,,False,
missing_in_database,match_games,"{""id"": 6119321}",,,,,,False,
missing_in_database,match_games,"{""id"": 6119322}",,,,,,False,
missing_in_database,match_games,"{""id"": 6119323}",,,,,,False,
missing_in_database,match_games,"{""id"": 6119324}",,,,,,False,
missing_in_database,match_games,"{""id"": 6119325}",,,,,,False,
missing_in_database,match_games,"{""id"": 6119326}",,,,,,False,
missing_in_database,match_games,"{""id"": 6119327}",,,,,,False,
missing_in_database,match_games,"{""id"": 6119328}",,,,,,False,
missing_in_database,match_games,"{""id"": 6119329}",,,,,,False,
missing_in_database,match_games,"{""id"": 6119330}",,,,,,False,
missing_in_database,match_games,"{""id"": 6119331}",,,,,,False,
missing_in_database,match_games,"{""id"": 6119332}",,,,,,False,
missing_in_database,match_games,"{""id"": 6119333}",,,,,,False,
missing_in_database,match_games,"{""id"": 6119334}",,,,,,False,
missing_in_database,match_games,"{""id"": 6119335}",,,,,,False,
missing_in_database,match_games,"{""id"": 6119336}",,,,,,False,
missing_in_database,match_games,"{""id"": 6119337}",,,,,,False,
missing_in_database,match_games,"{""id"": 6119338}",,,,,,False,
missing_in_database,match_games,"{""id"": 6119339}",,,,,,False,
missing_in_database,match_games,"{""id"": 6119340}",,,,,,False,
missing_in_database,match_games,"{""id"": 6119341}",,,,,,False,
missing_in_database,match_games,"{""id"": 6119342}",,,,,,False,
missing_in_database,match_games,"{""id"": 6119343}",,,,,,False,
missing_in_database,match_games,"{""id"": 6119344}",,,,,,False,
missing_in_database,match_games,"{""id"": 6119345}",,,,,,False,
missing_in_database,match_games,"{""id"": 6119346}",,,,,,False,
missing_in_database,match_games,"{""id"": 6119347}",,,,,,False,
missing_in_database,match_games,"{""id"": 6119348}",,,,,,False,
missing_in_database,match_games,"{""id"": 6119349}",,,,,,False,
missing_in_database,match_games,"{""id"": 6119350}",,,,,,False,
missing_in_database,match_games,"{""id"": 6119351}",,,,,,False,
missing_in_database,match_games,"{""id"": 6119352}",,,,,,False,
missing_in_database,match_games,"{""id"": 6119353}",,,,,,False,
missing_in_database,match_games,"{""id"": 6119354}",,,,,,False,
missing_in_database,match_games,"{""id"": 6119355}",,,,,,False,
missing_in_database,match_games,"{""id"": 6119356}",,,,,,False,
missing_in_database,match_games,"{""id"": 6119357}",,,,,,False,
missing_in_database,match_games,"{""id"": 6119358}",,,,,,False,
missing_in_database,match_games,"{""id"": 6119359}",,,,,,False,
missing_in_database,match_games,"{""id"": 6119360}",,,,,,False,
missing_in_database,match_games,"{""id"": 6119361}",,,,,,False,
missing_in_database,match_games,"{""id"": 6119362}",,,,,,False,
missing_in_database,match_games,"{""id"": 6119363}",,,,,,False,
missing_in_database,match_games,"{""id"": 6119364}",,,,,,False,
missing_in_database,match_games,"{""id"": 6119365}",,,,,,False,
missing_in_database,match_games,"{""id"": 6119366}",,,,,,False,
missing_in_database,match_games,"{""id"": 6119367}",,,,,,False,
missing_in_database,match_games,"{""id"": 6119368}",,,,,,False,
missing_in_database,match_games,"{""id"": 6119369}",,,,,,False,
missing_in_database,match_games,"{""id"": 6119370}",,,,,,False,
missing_in_database,match_games,"{""id"": 6119371}",,,,,,False,
missing_in_database,match_games,"{""id"": 6119372}",,,,,,False,
missing_in_database,match_games,"{""id"": 6119373}",,,,,,False,
missing_in_database,match_games,"{""id"": 6119374}",,,,,,False,
missing_in_database,match_games,"{""id"": 6119375}",,,,,,False,
missing_in_database,match_games,"{""id"": 6119376}",,,,,,False,
missing_in_database,match_games,"{""id"": 6119377}",,,,,,False,
missing_in_database,match_games,"{""id"": 6119378}",,,,,,False,
missing_in_database,match_games,"{""id"": 6119379}",,,,,,False,
missing_in_database,match_games,"{""id"": 6119380}",,,,,,False,
missing_in_database,match_games,"{""id"": 6119381}",,,,,,False,
missing_in_database,match_games,"{""id"": 6119382}",,,,,,False,
missing_in_database,match_games,"{""id"": 6119383}",,,,,,False,
missing_in_database,match_games,"{""id"": 6119384}",,,,,,False,
missing_in_database,match_games,"{""id"": 6119385}",,,,,,False,
missing_in_database,match_games,"{""id"": 6119386}",,,,,,False,
missing_in_database,match_games,"{""id"": 6119387}",,,,,,False,
missing_in_database,match_games,"{""id"": 6119388}",,,,,,False,
missing_in_database,match_games,"{""id"": 6119389}",,,,,,False,
missing_in_database,match_games,"{""id"": 6119390}",,,,,,False,
missing_in_database,match_games,"{""id"": 6119391}",,,,,,False,
missing_in_database,match_games,"{""id"": 6119392}",,,,,,False,
missing_in_database,match_games,"{""id"": 6119393}",,,,,,False,
missing_in_database,match_games,"{""id"": 6119394}",,,,,,False,
missing_in_database,match_games,"{""id"": 6119395}",,,,,,False,
missing_in_database,match_games,"{""id"": 6119396}",,,,,,False,
missing_in_database,match_games,"{""id"": 6119397}",,,,,,False,
missing_in_database,match_games,"{""id"": 6119398}",,,,,,False,
missing_in_database,match_games,"{""id"": 6119399}",,,,,,False,
missing_in_database,match_games,"{""id"": 6119400}",,,,,,False,
missing_in_database,match_games,"{""id"": 6119401}",,,,,,False,
missing_in_database,match_games,"{""id"": 6119402}",,,,,,False,
missing_in_database,match_games,"{""id"": 6119403}",,,,,,False,
missing_in_database,match_games,"{""id"": 6119404}",,,,,,False,
missing_in_database,match_games,"{""id"": 6119405}",,,,,,False,
missing_in_database,match_games,"{""id"": 6119406}",,,,,,False,
missing_in_database,match_games,"{""id"": 6119407}",,,,,,False,
missing_in_database,match_games,"{""id"": 6119408}",,,,,,False,
missing_in_database,match_games,"{""id"": 6119409}",,,,,,False,
missing_in_database,match_games,"{""id"": 6119410}",,,,,,False,
missing_in_database,match_games,"{""id"": 6119411}",,,,,,False,
missing_in_database,match_games,"{""id"": 6119412}",,,,,,False,
missing_in_database,match_games,"{""id"": 6119413}",,,,,,False,
missing_in_database,match_games,"{""id"": 6119414}",,,,,,False,
missing_in_database,match_games,"{""id"": 6119415}",,,,,,False,
missing_in_database,match_games,"{""id"": 6119416}",,,,,,False,
missing_in_database,match_games,"{""id"": 6119417}",,,,,,False,
missing_in_database,match_games,"{""id"": 6119418}",,,,,,False,
missing_in_database,match_games,"{""id"": 6119419}",,,,,,False,
missing_in_database,match_games,"{""id"": 6119420}",,,,,,False,
missing_in_database,match_games,"{""id"": 6119421}",,,,,,False,
missing_in_database,match_games,"{""id"": 6119422}",,,,,,False,
missing_in_database,match_games,"{""id"": 6119423}",,,,,,False,
missing_in_database,match_games,"{""id"": 6119424}",,,,,,False,
missing_in_database,match_games,"{""id"": 6119425}",,,,,,False,
missing_in_database,match_games,"{""id"": 6119426}",,,,,,False,
missing_in_database,match_games,"{""id"": 6119427}",,,,,,False,
missing_in_database,match_games,"{""id"": 6119428}",,,,,,False,
missing_in_database,match_games,"{""id"": 6119429}",,,,,,False,
missing_in_database,match_games,"{""id"": 6119430}",,,,,,False,
missing_in_database,match_games,"{""id"": 6119431}",,,,,,False,
missing_in_database,match_games,"{""id"": 6119432}",,,,,,False,
missing_in_database,match_games,"{""id"": 6119433}",,,,,,False,
missing_in_database,match_games,"{""id"": 6119434}",,,,,,False,
missing_in_database,match_games,"{""id"": 6119435}",,,,,,False,
missing_in_database,match_games,"{""id"": 6119436}",,,,,,False,
missing_in_database,match_games,"{""id"": 6119437}",,,,,,False,
missing_in_database,match_games,"{""id"": 6119438}",,,,,,False,
missing_in_database,match_games,"{""id"": 6119439}",,,,,,False,
missing_in_database,match_games,"{""id"": 6119440}",,,,,,False,
missing_in_database,match_games,"{""id"": 6119441}",,,,,,False,
missing_in_database,match_games,"{""id"": 6119442}",,,,,,False,
missing_in_database,match_games,"{""id"": 6119443}",,,,,,False,
missing_in_database,match_games,"{""id"": 6119444}",,,,,,False,
missing_in_database,match_games,"{""id"": 6119445}",,,,,,False,
missing_in_database,match_games,"{""id"": 6119446}",,,,,,False,
missing_in_database,match_games,"{""id"": 6119447}",,,,,,False,
missing_in_database,match_games,"{""id"": 6119448}",,,,,,False,
missing_in_database,match_games,"{""id"": 6119449}",,,,,,False,
missing_in_database,match_games,"{""id"": 6119450}",,,,,,False,
missing_in_database,match_games,"{""id"": 6119451}",,,,,,False,
missing_in_database,match_games,"{""id"": 6119452}",,,,,,False,
missing_in_database,match_games,"{""id"": 6119453}",,,,,,False,
missing_in_database,match_games,"{""id"": 6119454}",,,,,,False,
missing_in_database,match_games,"{""id"": 6119455}",,,,,,False,
missing_in_database,match_games,"{""id"": 6119456}",,,,,,False,
missing_in_database,match_games,"{""id"": 6119457}",,,,,,False,
missing_in_database,match_games,"{""id"": 6119458}",,,,,,False,
missing_in_database,match_games,"{""id"": 6119459}",,,,,,False,
missing_in_database,match_games,"{""id"": 6119460}",,,,,,False,
missing_in_database,match_games,"{""id"": 6119461}",,,,,,False,
missing_in_database,match_games,"{""id"": 6119462}",,,,,,False,
missing_in_database,match_games,"{""id"": 6119463}",,,,,,False,
missing_in_database,match_games,"{""id"": 6119464}",,,,,,False,
missing_in_database,match_games,"{""id"": 6119465}",,,,,,False,
missing_in_database,match_games,"{""id"": 6119466}",,,,,,False,
missing_in_database,match_games,"{""id"": 6119467}",,,,,,False,
missing_in_database,match_games,"{""id"": 6119468}",,,,,,False,
missing_in_database,match_games,"{""id"": 6119469}",,,,,,False,
missing_in_database,match_games,"{""id"": 6119470}",,,,,,False,
missing_in_database,match_games,"{""id"": 6119471}",,,,,,False,
missing_in_database,match_games,"{""id"": 6119472}",,,,,,False,
missing_in_database,match_games,"{""id"": 6119473}",,,,,,False,
missing_in_database,match_games,"{""id"": 6119474}",,,,,,False,
missing_in_database,match_games,"{""id"": 6119475}",,,,,,False,
missing_in_database,match_games,"{""id"": 6119476}",,,,,,False,
missing_in_database,match_games,"{""id"": 6119477}",,,,,,False,
missing_in_database,match_games,"{""id"": 6119478}",,,,,,False,
missing_in_database,match_games,"{""id"": 6119479}",,,,,,False,
missing_in_database,match_games,"{""id"": 6119480}",,,,,,False,
missing_in_database,match_games,"{""id"": 6119481}",,,,,,False,
missing_in_database,match_games,"{""id"": 6119482}",,,,,,False,
missing_in_database,match_games,"{""id"": 6119483}",,,,,,False,
missing_in_database,match_games,"{""id"": 6119484}",,,,,,False,
missing_in_database,match_games,"{""id"": 6119485}",,,,,,False,
missing_in_database,match_games,"{""id"": 6119486}",,,,,,False,
missing_in_database,match_games,"{""id"": 6119487}",,,,,,False,
missing_in_database,match_games,"{""id"": 6119488}",,,,,,False,
missing_in_database,match_games,"{""id"": 6119489}",,,,,,False,
missing_in_database,match_games,"{""id"": 6119490}",,,,,,False,
missing_in_database,match_games,"{""id"": 6119491}",,,,,,False,
missing_in_database,match_games,"{""id"": 6119492}",,,,,,False,
missing_in_database,match_games,"{""id"": 6119493}",,,,,,False,
missing_in_database,match_games,"{""id"": 6119494}",,,,,,False,
missing_in_database,match_games,"{""id"": 6119495}",,,,,,False,
missing_in_database,match_games,"{""id"": 6119496}",,,,,,False,
missing_in_database,match_games,"{""id"": 6119497}",,,,,,False,
missing_in_database,match_games,"{""id"": 6119498}",,,,,,False,
missing_in_database,match_games,"{""id"": 6119499}",,,,,,False,
missing_in_database,match_games,"{""id"": 6119500}",,,,,,False,
missing_in_database,match_games,"{""id"": 6119501}",,,,,,False,
missing_in_database,match_games,"{""id"": 6119502}",,,,,,False,
missing_in_database,match_games,"{""id"": 6119503}",,,,,,False,
missing_in_database,match_games,"{""id"": 6119504}",,,,,,False,
missing_in_database,match_games,"{""id"": 6119505}",,,,,,False,
missing_in_database,match_games,"{""id"": 6119506}",,,,,,False,
missing_in_database,match_games,"{""id"": 6119507}",,,,,,False,
missing_in_database,match_games,"{""id"": 6119508}",,,,,,False,
missing_in_database,match_games,"{""id"": 6119509}",,,,,,False,
missing_in_database,match_games,"{""id"": 6119510}",,,,,,False,
missing_in_database,match_games,"{""id"": 6119511}",,,,,,False,
missing_in_database,match_games,"{""id"": 6119512}",,,,,,False,
missing_in_database,match_games,"{""id"": 6119513}",,,,,,False,
missing_in_database,match_games,"{""id"": 6119514}",,,,,,False,
missing_in_database,match_games,"{""id"": 6119515}",,,,,,False,
missing_in_database,match_games,"{""id"": 6119516}",,,,,,False,
missing_in_database,match_games,"{""id"": 6119517}",,,,,,False,
missing_in_database,match_games,"{""id"": 6119518}",,,,,,False,
missing_in_database,match_games,"{""id"": 6119519}",,,,,,False,
missing_in_database,match_games,"{""id"": 6119520}",,,,,,False,
missing_in_database,match_games,"{""id"": 6119521}",,,,,,False,
missing_in_database,match_games,"{""id"": 6119522}",,,,,,False,
missing_in_database,match_games,"{""id"": 6119523}",,,,,,False,
missing_in_database,match_games,"{""id"": 6119524}",,,,,,False,
missing_in_database,match_games,"{""id"": 6119525}",,,,,,False,
missing_in_database,match_games,"{""id"": 6119526}",,,,,,False,
missing_in_database,match_games,"{""id"": 6119527}",,,,,,False,
missing_in_database,match_games,"{""id"": 6119528}",,,,,,False,
missing_in_database,match_games,"{""id"": 6119529}",,,,,,False,
missing_in_database,match_games,"{""id"": 6119530}",,,,,,False,
missing_in_database,match_games,"{""id"": 6119531}",,,,,,False,
missing_in_database,match_games,"{""id"": 6119532}",,,,,,False,
missing_in_database,match_games,"{""id"": 6119533}",,,,,,False,
missing_in_database,match_games,"{""id"": 6119534}",,,,,,False,
missing_in_database,match_games,"{""id"": 6119535}",,,,,,False,
missing_in_database,match_games,"{""id"": 6119536}",,,,,,False,
missing_in_database,match_games,"{""id"": 6119537}",,,,,,False,
missing_in_database,match_games,"{""id"": 6119538}",,,,,,False,
missing_in_database,match_games,"{""id"": 6119539}",,,,,,False,
missing_in_database,match_games,"{""id"": 6119540}",,,,,,False,
missing_in_database,match_games,"{""id"": 6119541}",,,,,,False,
missing_in_database,match_games,"{""id"": 6119542}",,,,,,False,
missing_in_database,match_games,"{""id"": 6119543}",,,,,,False,
missing_in_database,match_games,"{""id"": 6119544}",,,,,,False,
missing_in_database,match_games,"{""id"": 6119545}",,,,,,False,
missing_in_database,match_games,"{""id"": 6119546}",,,,,,False,
missing_in_database,match_games,"{""id"": 6119547}",,,,,,False,
missing_in_database,match_games,"{""id"": 6119548}",,,,,,False,
missing_in_database,match_games,"{""id"": 6119549}",,,,,,False,
missing_in_database,match_games,"{""id"": 6119550}",,,,,,False,
missing_in_database,match_games,"{""id"": 6119551}",,,,,,False,
missing_in_database,match_games,"{""id"": 6119552}",,,,,,False,
missing_in_database,match_games,"{""id"": 6119553}",,,,,,False,
missing_in_database,match_games,"{""id"": 6119554}",,,,,,False,
missing_in_database,match_games,"{""id"": 6119555}",,,,,,False,
missing_in_database,match_games,"{""id"": 6119556}",,,,,,False,
missing_in_database,match_games,"{""id"": 6119557}",,,,,,False,
missing_in_database,match_games,"{""id"": 6119558}",,,,,,False,
missing_in_database,match_games,"{""id"": 6119559}",,,,,,False,
missing_in_database,match_games,"{""id"": 6119560}",,,,,,False,
missing_in_database,match_games,"{""id"": 6119561}",,,,,,False,
missing_in_database,match_games,"{""id"": 6119562}",,,,,,False,
missing_in_database,match_games,"{""id"": 6119563}",,,,,,False,
missing_in_database,match_games,"{""id"": 6119564}",,,,,,False,
missing_in_database,match_games,"{""id"": 6119565}",,,,,,False,
missing_in_database,match_games,"{""id"": 6119566}",,,,,,False,
missing_in_database,match_games,"{""id"": 6119567}",,,,,,False,
missing_in_database,match_games,"{""id"": 6119568}",,,,,,False,
missing_in_database,match_games,"{""id"": 6119569}",,,,,,False,
missing_in_database,match_games,"{""id"": 6119570}",,,,,,False,
missing_in_database,match_games,"{""id"": 6119571}",,,,,,False,
missing_in_database,match_games,"{""id"": 6119572}",,,,,,False,
missing_in_database,match_games,"{""id"": 6119573}",,,,,,False,
missing_in_database,match_games,"{""id"": 6119574}",,,,,,False,
missing_in_database,match_games,"{""id"": 6119575}",,,,,,False,
missing_in_database,match_games,"{""id"": 6119576}",,,,,,False,
missing_in_database,match_games,"{""id"": 6119577}",,,,,,False,
missing_in_database,match_games,"{""id"": 6119578}",,,,,,False,
missing_in_database,match_games,"{""id"": 6119579}",,,,,,False,
missing_in_database,match_games,"{""id"": 6119580}",,,,,,False,
missing_in_database,match_games,"{""id"": 6119581}",,,,,,False,
missing_in_database,match_games,"{""id"": 6119582}",,,,,,False,
missing_in_database,match_games,"{""id"": 6119583}",,,,,,False,
missing_in_database,match_games,"{""id"": 6119584}",,,,,,False,
missing_in_database,match_games,"{""id"": 6119585}",,,,,,False,
missing_in_database,match_games,"{""id"": 6119586}",,,,,,False,
missing_in_database,match_games,"{""id"": 6119587}",,,,,,False,
missing_in_database,match_games,"{""id"": 6119588}",,,,,,False,
missing_in_database,match_games,"{""id"": 6119589}",,,,,,False,
missing_in_database,match_games,"{""id"": 6119590}",,,,,,False,
missing_in_database,match_games,"{""id"": 6119591}",,,,,,False,
missing_in_database,match_games,"{""id"": 6119592}",,,,,,False,
missing_in_database,match_games,"{""id"": 6119593}",,,,,,False,
missing_in_database,match_games,"{""id"": 6119594}",,,,,,False,
missing_in_database,match_games,"{""id"": 6119595}",,,,,,False,
missing_in_database,match_games,"{""id"": 6119596}",,,,,,False,
missing_in_database,match_games,"{""id"": 6119597}",,,,,,False,
missing_in_database,match_games,"{""id"": 6119598}",,,,,,False,
missing_in_database,match_games,"{""id"": 6119599}",,,,,,False,
missing_in_database,match_games,"{""id"": 6119600}",,,,,,False,
missing_in_database,match_games,"{""id"": 6119601}",,,,,,False,
missing_in_database,match_games,"{""id"": 6119602}",,,,,,False,
missing_in_database,match_games,"{""id"": 6119603}",,,,,,False,
missing_in_database,match_games,"{""id"": 6119604}",,,,,,False,
missing_in_database,match_games,"{""id"": 6119605}",,,,,,False,
missing_in_database,match_games,"{""id"": 6119606}",,,,,,False,
missing_in_database,match_games,"{""id"": 6119607}",,,,,,False,
missing_in_database,match_games,"{""id"": 6119608}",,,,,,False,
missing_in_database,match_games,"{""id"": 6119609}",,,,,,False,
missing_in_database,match_games,"{""id"": 6119610}",,,,,,False,
missing_in_database,match_games,"{""id"": 6119611}",,,,,,False,
missing_in_database,match_games,"{""id"": 6119612}",,,,,,False,
missing_in_database,match_games,"{""id"": 6119613}",,,,,,False,
missing_in_database,match_games,"{""id"": 6119614}",,,,,,False,
missing_in_database,match_games,"{""id"": 6119615}",,,,,,False,
missing_in_database,match_games,"{""id"": 6119616}",,,,,,False,
missing_in_database,match_games,"{""id"": 6119617}",,,,,,False,
missing_in_database,match_games,"{""id"": 6119618}",,,,,,False,
missing_in_database,match_games,"{""id"": 6119619}",,,,,,False,
missing_in_database,match_games,"{""id"": 6119620}",,,,,,False,
missing_in_database,match_games,"{""id"": 6119621}",,,,,,False,
missing_in_database,match_games,"{""id"": 6119622}",,,,,,False,
missing_in_database,match_games,"{""id"": 6119623}",,,,,,False,
missing_in_database,match_games,"{""id"": 6119624}",,,,,,False,
missing_in_database,match_games,"{""id"": 6119625}",,,,,,False,
missing_in_database,match_games,"{""id"": 6119626}",,,,,,False,
missing_in_database,match_games,"{""id"": 6119627}",,,,,,False,
missing_in_database,match_games,"{""id"": 6119628}",,,,,,False,
missing_in_database,match_games,"{""id"": 6119629}",,,,,,False,
missing_in_database,match_games,"{""id"": 6119630}",,,,,,False,
missing_in_database,match_games,"{""id"": 6119631}",,,,,,False,
missing_in_database,match_games,"{""id"": 6119632}",,,,,,False,
missing_in_database,match_games,"{""id"": 6119633}",,,,,,False,
missing_in_database,match_games,"{""id"": 6119634}",,,,,,False,
missing_in_database,match_games,"{""id"": 6119635}",,,,,,False,
missing_in_database,match_games,"{""id"": 6119636}",,,,,,False,
missing_in_database,match_games,"{""id"": 6119637}",,,,,,False,
missing_in_database,match_games,"{""id"": 6119638}",,,,,,False,
missing_in_database,match_games,"{""id"": 6119639}",,,,,,False,
missing_in_database,match_games,"{""id"": 6119640}",,,,,,False,
missing_in_database,match_games,"{""id"": 6119641}",,,,,,False,
missing_in_database,match_games,"{""id"": 6119642}",,,,,,False,
missing_in_database,match_games,"{""id"": 6119643}",,,,,,False,
missing_in_database,match_games,"{""id"": 6119644}",,,,,,False,
missing_in_database,match_games,"{""id"": 6119645}",,,,,,False,
missing_in_database,match_games,"{""id"": 6119646}",,,,,,False,
missing_in_database,match_games,"{""id"": 6119647}",,,,,,False,
missing_in_database,match_games,"{""id"": 6119648}",,,,,,False,
missing_in_database,match_games,"{""id"": 6119649}",,,,,,False,
missing_in_database,match_games,"{""id"": 6119650}",,,,,,False,
missing_in_database,match_games,"{""id"": 6119651}",,,,,,False,
missing_in_database,match_games,"{""id"": 6119652}",,,,,,False,
missing_in_database,match_games,"{""id"": 6119653}",,,,,,False,
missing_in_database,match_games,"{""id"": 6119654}",,,,,,False,
missing_in_database,match_games,"{""id"": 6119655}",,,,,,False,
missing_in_database,match_games,"{""id"": 6119656}",,,,,,False,
missing_in_database,match_games,"{""id"": 6119657}",,,,,,False,
missing_in_database,match_games,"{""id"": 6119658}",,,,,,False,
missing_in_database,match_games,"{""id"": 6119659}",,,,,,False,
missing_in_database,match_games,"{""id"": 6119660}",,,,,,False,
missing_in_database,match_games,"{""id"": 6119661}",,,,,,False,
missing_in_database,match_games,"{""id"": 6119662}",,,,,,False,
missing_in_database,match_games,"{""id"": 6119663}",,,,,,False,
missing_in_database,match_games,"{""id"": 6119664}",,,,,,False,
missing_in_database,match_games,"{""id"": 6119665}",,,,,,False,
missing_in_database,match_games,"{""id"": 6119666}",,,,,,False,
missing_in_database,match_games,"{""id"": 6119667}",,,,,,False,
missing_in_database,match_games,"{""id"": 6119668}",,,,,,False,
missing_in_database,match_games,"{""id"": 6119669}",,,,,,False,
missing_in_database,match_games,"{""id"": 6119670}",,,,,,False,
missing_in_database,match_games,"{""id"": 6119671}",,,,,,False,
missing_in_database,match_games,"{""id"": 6119672}",,,,,,False,
missing_in_database,match_games,"{""id"": 6119673}",,,,,,False,
missing_in_database,match_games,"{""id"": 6119674}",,,,,,False,
missing_in_database,match_games,"{""id"": 6119675}",,,,,,False,
missing_in_database,match_games,"{""id"": 6119676}",,,,,,False,
missing_in_database,match_games,"{""id"": 6119677}",,,,,,False,
missing_in_database,match_games,"{""id"": 6119678}",,,,,,False,
missing_in_database,match_games,"{""id"": 6119679}",,,,,,False,
missing_in_database,match_games,"{""id"": 6119680}",,,,,,False,
missing_in_database,match_games,"{""id"": 6119681}",,,,,,False,
missing_in_database,match_games,"{""id"": 6119682}",,,,,,False,
missing_in_database,match_games,"{""id"": 6119683}",,,,,,False,
missing_in_database,match_games,"{""id"": 6119684}",,,,,,False,
missing_in_database,match_games,"{""id"": 6119685}",,,,,,False,
missing_in_database,match_games,"{""id"": 6119686}",,,,,,False,
missing_in_database,match_games,"{""id"": 6119687}",,,,,,False,
missing_in_database,match_games,"{""id"": 6119688}",,,,,,False,
missing_in_database,match_games,"{""id"": 6119689}",,,,,,False,
missing_in_database,match_games,"{""id"": 6119690}",,,,,,False,
missing_in_database,match_games,"{""id"": 6119691}",,,,,,False,
missing_in_database,match_games,"{""id"": 6119692}",,,,,,False,
missing_in_database,match_games,"{""id"": 6119693}",,,,,,False,
missing_in_database,match_games,"{""id"": 6119694}",,,,,,False,
missing_in_database,match_games,"{""id"": 6119695}",,,,,,False,
missing_in_database,match_games,"{""id"": 6119696}",,,,,,False,
missing_in_database,match_games,"{""id"": 6119697}",,,,,,False,
missing_in_database,match_games,"{""id"": 6119698}",,,,,,False,
missing_in_database,match_games,"{""id"": 6119699}",,,,,,False,
missing_in_database,match_games,"{""id"": 6119700}",,,,,,False,
missing_in_database,match_games,"{""id"": 6119701}",,,,,,False,
missing_in_database,match_games,"{""id"": 6119702}",,,,,,False,
missing_in_database,match_games,"{""id"": 6119703}",,,,,,False,
missing_in_database,match_games,"{""id"": 6119704}",,,,,,False,
missing_in_database,match_games,"{""id"": 6119705}",,,,,,False,
missing_in_database,match_games,"{""id"": 6119706}",,,,,,False,
missing_in_database,match_games,"{""id"": 6119707}",,,,,,False,
missing_in_database,match_games,"{""id"": 6119708}",,,,,,False,
missing_in_database,match_games,"{""id"": 6119709}",,,,,,False,
missing_in_database,match_games,"{""id"": 6119710}",,,,,,False,
missing_in_database,match_games,"{""id"": 6119711}",,,,,,False,
missing_in_database,match_games,"{""id"": 6119712}",,,,,,False,
missing_in_database,match_games,"{""id"": 6119713}",,,,,,False,
missing_in_database,match_games,"{""id"": 6119714}",,,,,,False,
missing_in_database,match_games,"{""id"": 6119715}",,,,,,False,
missing_in_database,match_games,"{""id"": 6119716}",,,,,,False,
missing_in_database,match_games,"{""id"": 6119717}",,,,,,False,
missing_in_database,match_games,"{""id"": 6119718}",,,,,,False,
missing_in_database,match_games,"{""id"": 6119719}",,,,,,False,
missing_in_database,match_games,"{""id"": 6119720}",,,,,,False,
missing_in_database,match_games,"{""id"": 6119721}",,,,,,False,
missing_in_database,match_games,"{""id"": 6119722}",,,,,,False,
missing_in_database,match_games,"{""id"": 6119723}",,,,,,False,
missing_in_database,match_games,"{""id"": 6119724}",,,,,,False,
missing_in_database,match_games,"{""id"": 6119725}",,,,,,False,
missing_in_database,match_games,"{""id"": 6119726}",,,,,,False,
missing_in_database,match_games,"{""id"": 6119727}",,,,,,False,
missing_in_database,match_games,"{""id"": 6119728}",,,,,,False,
missing_in_database,match_games,"{""id"": 6119729}",,,,,,False,
missing_in_database,match_games,"{""id"": 6119730}",,,,,,False,
missing_in_database,match_games,"{""id"": 6119731}",,,,,,False,
missing_in_database,match_games,"{""id"": 6119732}",,,,,,False,
missing_in_database,match_games,"{""id"": 6119733}",,,,,,False,
missing_in_database,match_games,"{""id"": 6119734}",,,,,,False,
missing_in_database,match_games,"{""id"": 6119735}",,,,,,False,
missing_in_database,match_games,"{""id"": 6119736}",,,,,,False,
missing_in_database,match_games,"{""id"": 6119737}",,,,,,False,
missing_in_database,match_games,"{""id"": 6119738}",,,,,,False,
missing_in_database,match_games,"{""id"": 6119739}",,,,,,False,
missing_in_database,match_games,"{""id"": 6119740}",,,,,,False,
missing_in_database,match_games,"{""id"": 6119741}",,,,,,False,
missing_in_database,match_games,"{""id"": 6119742}",,,,,,False,
missing_in_database,match_games,"{""id"": 6119743}",,,,,,False,
missing_in_database,match_games,"{""id"": 6119744}",,,,,,False,
missing_in_database,match_games,"{""id"": 6119745}",,,,,,False,
missing_in_database,match_games,"{""id"": 6119746}",,,,,,False,
missing_in_database,match_games,"{""id"": 6119747}",,,,,,False,
missing_in_database,match_games,"{""id"": 6119748}",,,,,,False,
missing_in_database,match_games,"{""id"": 6119749}",,,,,,False,
missing_in_database,match_games,"{""id"": 6119750}",,,,,,False,
missing_in_database,match_games,"{""id"": 6119751}",,,,,,False,
missing_in_database,match_games,"{""id"": 6119752}",,,,,,False,
missing_in_database,match_games,"{""id"": 6119753}",,,,,,False,
missing_in_database,match_games,"{""id"": 6119754}",,,,,,False,
missing_in_database,match_games,"{""id"": 6119755}",,,,,,False,
missing_in_database,match_games,"{""id"": 6119756}",,,,,,False,
missing_in_database,match_games,"{""id"": 6119757}",,,,,,False,
missing_in_database,match_games,"{""id"": 6119758}",,,,,,False,
missing_in_database,match_games,"{""id"": 6119759}",,,,,,False,
missing_in_database,match_games,"{""id"": 6119760}",,,,,,False,
missing_in_database,match_games,"{""id"": 6119761}",,,,,,False,
missing_in_database,match_games,"{""id"": 6119762}",,,,,,False,
missing_in_database,match_games,"{""id"": 6119763}",,,,,,False,
missing_in_database,match_games,"{""id"": 6119764}",,,,,,False,
missing_in_database,match_games,"{""id"": 6119765}",,,,,,False,
missing_in_database,match_games,"{""id"": 6119766}",,,,,,False,
missing_in_database,match_games,"{""id"": 6119767}",,,,,,False,
missing_in_database,match_games,"{""id"": 6119768}",,,,,,False,
missing_in_database,match_games,"{""id"": 6119769}",,,,,,False,
missing_in_database,match_games,"{""id"": 6119770}",,,,,,False,
missing_in_database,match_games,"{""id"": 6119771}",,,,,,False,
missing_in_database,match_games,"{""id"": 6119772}",,,,,,False,
missing_in_database,match_games,"{""id"": 6119773}",,,,,,False,
missing_in_database,match_games,"{""id"": 6119774}",,,,,,False,
missing_in_database,match_games,"{""id"": 6119775}",,,,,,False,
missing_in_database,match_games,"{""id"": 6119776}",,,,,,False,
missing_in_database,match_games,"{""id"": 6119777}",,,,,,False,
missing_in_database,match_games,"{""id"": 6119778}",,,,,,False,
missing_in_database,match_games,"{""id"": 6119779}",,,,,,False,
missing_in_database,match_games,"{""id"": 6119780}",,,,,,False,
missing_in_database,match_games,"{""id"": 6119781}",,,,,,False,
missing_in_database,match_games,"{""id"": 6119782}",,,,,,False,
missing_in_database,match_games,"{""id"": 6119783}",,,,,,False,
missing_in_database,match_games,"{""id"": 6119784}",,,,,,False,
missing_in_database,match_games,"{""id"": 6119785}",,,,,,False,
missing_in_database,match_games,"{""id"": 6119786}",,,,,,False,
missing_in_database,match_games,"{""id"": 6119787}",,,,,,False,
missing_in_database,match_games,"{""id"": 6119788}",,,,,,False,
missing_in_database,match_games,"{""id"": 6119789}",,,,,,False,
missing_in_database,match_games,"{""id"": 6119790}",,,,,,False,
missing_in_database,match_games,"{""id"": 6119791}",,,,,,False,
missing_in_database,match_games,"{""id"": 6119792}",,,,,,False,
missing_in_database,match_games,"{""id"": 6119793}",,,,,,False,
missing_in_database,match_games,"{""id"": 6119794}",,,,,,False,
missing_in_database,match_games,"{""id"": 6119795}",,,,,,False,
missing_in_database,match_games,"{""id"": 6119796}",,,,,,False,
missing_in_database,match_games,"{""id"": 6119797}",,,,,,False,
missing_in_database,match_games,"{""id"": 6119798}",,,,,,False,
missing_in_database,match_games,"{""id"": 6119799}",,,,,,False,
missing_in_database,match_games,"{""id"": 6119800}",,,,,,False,
missing_in_database,match_games,"{""id"": 6119801}",,,,,,False,
missing_in_database,match_games,"{""id"": 6119802}",,,,,,False,
missing_in_database,match_games,"{""id"": 6119803}",,,,,,False,
missing_in_database,match_games,"{""id"": 6119804}",,,,,,False,
missing_in_database,match_games,"{""id"": 6119805}",,,,,,False,
missing_in_database,match_games,"{""id"": 6119806}",,,,,,False,
missing_in_database,match_games,"{""id"": 6119807}",,,,,,False,
missing_in_database,match_games,"{""id"": 6119808}",,,,,,False,
missing_in_database,match_games,"{""id"": 6119809}",,,,,,False,
missing_in_database,match_games,"{""id"": 6119810}",,,,,,False,
missing_in_database,match_games,"{""id"": 6119811}",,,,,,False,
missing_in_database,match_games,"{""id"": 6119812}",,,,,,False,
missing_in_database,match_games,"{""id"": 6119813}",,,,,,False,
missing_in_database,match_games,"{""id"": 6119814}",,,,,,False,
missing_in_database,match_games,"{""id"": 6119815}",,,,,,False,
missing_in_database,match_games,"{""id"": 6119816}",,,,,,False,
missing_in_database,match_games,"{""id"": 6119817}",,,,,,False,
missing_in_database,match_games,"{""id"": 6119818}",,,,,,False,
missing_in_database,match_games,"{""id"": 6119819}",,,,,,False,
missing_in_database,match_games,"{""id"": 6119820}",,,,,,False,
missing_in_database,match_games,"{""id"": 6119821}",,,,,,False,
missing_in_database,match_games,"{""id"": 6119822}",,,,,,False,
missing_in_database,match_games,"{""id"": 6119823}",,,,,,False,
missing_in_database,match_games,"{""id"": 6119824}",,,,,,False,
missing_in_database,match_games,"{""id"": 6119825}",,,,,,False,
missing_in_database,match_games,"{""id"": 6119826}",,,,,,False,
missing_in_database,match_games,"{""id"": 6119827}",,,,,,False,
missing_in_database,match_games,"{""id"": 6119828}",,,,,,False,
missing_in_database,match_games,"{""id"": 6119829}",,,,,,False,
missing_in_database,match_games,"{""id"": 6119830}",,,,,,False,
missing_in_database,match_games,"{""id"": 6119831}",,,,,,False,
missing_in_database,match_games,"{""id"": 6119832}",,,,,,False,
missing_in_database,match_games,"{""id"": 6119833}",,,,,,False,
missing_in_database,match_games,"{""id"": 6119834}",,,,,,False,
missing_in_database,match_games,"{""id"": 6119835}",,,,,,False,
missing_in_database,match_games,"{""id"": 6119836}",,,,,,False,
missing_in_database,match_games,"{""id"": 6119837}",,,,,,False,
missing_in_database,match_games,"{""id"": 6119838}",,,,,,False,
missing_in_database,match_games,"{""id"": 6119839}",,,,,,False,
missing_in_database,match_games,"{""id"": 6119840}",,,,,,False,
missing_in_database,match_games,"{""id"": 6119841}",,,,,,False,
missing_in_database,match_games,"{""id"": 6119842}",,,,,,False,
missing_in_database,match_games,"{""id"": 6119843}",,,,,,False,
missing_in_database,match_games,"{""id"": 6119844}",,,,,,False,
missing_in_database,match_games,"{""id"": 6119845}",,,,,,False,
missing_in_database,match_games,"{""id"": 6119846}",,,,,,False,
missing_in_database,match_games,"{""id"": 6119847}",,,,,,False,
missing_in_database,match_games,"{""id"": 6119848}",,,,,,False,
missing_in_database,match_games,"{""id"": 6119849}",,,,,,False,
missing_in_database,match_games,"{""id"": 6119850}",,,,,,False,
missing_in_database,match_games,"{""id"": 6119851}",,,,,,False,
missing_in_database,match_games,"{""id"": 6119852}",,,,,,False,
missing_in_database,match_games,"{""id"": 6119853}",,,,,,False,
missing_in_database,match_games,"{""id"": 6119854}",,,,,,False,
missing_in_database,match_games,"{""id"": 6119855}",,,,,,False,
missing_in_database,match_games,"{""id"": 6119856}",,,,,,False,
missing_in_database,match_games,"{""id"": 6119857}",,,,,,False,
missing_in_database,match_games,"{""id"": 6119858}",,,,,,False,
missing_in_database,match_games,"{""id"": 6119859}",,,,,,False,
missing_in_database,match_games,"{""id"": 6119860}",,,,,,False,
missing_in_database,match_games,"{""id"": 6119861}",,,,,,False,
missing_in_database,match_games,"{""id"": 6119862}",,,,,,False,
missing_in_database,match_games,"{""id"": 6119863}",,,,,,False,
missing_in_database,match_games,"{""id"": 6119864}",,,,,,False,
missing_in_database,match_games,"{""id"": 6119865}",,,,,,False,
missing_in_database,match_games,"{""id"": 6119866}",,,,,,False,
missing_in_database,match_games,"{""id"": 6119867}",,,,,,False,
missing_in_database,match_games,"{""id"": 6119868}",,,,,,False,
missing_in_database,match_games,"{""id"": 6119869}",,,,,,False,
missing_in_database,match_games,"{""id"": 6119870}",,,,,,False,
missing_in_database,match_games,"{""id"": 6119871}",,,,,,False,
missing_in_database,match_games,"{""id"": 6119872}",,,,,,False,
missing_in_database,match_games,"{""id"": 6119873}",,,,,,False,
missing_in_database,match_games,"{""id"": 6119874}",,,,,,False,
missing_in_database,match_games,"{""id"": 6119875}",,,,,,False,
missing_in_database,match_games,"{""id"": 6119876}",,,,,,False,
missing_in_database,match_games,"{""id"": 6119877}",,,,,,False,
missing_in_database,match_games,"{""id"": 6119878}",,,,,,False,
missing_in_database,match_games,"{""id"": 6119879}",,,,,,False,
missing_in_database,match_games,"{""id"": 6119880}",,,,,,False,
missing_in_database,match_games,"{""id"": 6119881}",,,,,,False,
missing_in_database,match_games,"{""id"": 6119882}",,,,,,False,
missing_in_database,match_games,"{""id"": 6119883}",,,,,,False,
missing_in_database,match_games,"{""id"": 6119884}",,,,,,False,
missing_in_database,match_games,"{""id"": 6119885}",,,,,,False,
missing_in_database,match_games,"{""id"": 6119886}",,,,,,False,
missing_in_database,match_games,"{""id"": 6119887}",,,,,,False,
missing_in_database,match_games,"{""id"": 6119888}",,,,,,False,
missing_in_database,match_games,"{""id"": 6119889}",,,,,,False,
missing_in_database,match_games,"{""id"": 6119890}",,,,,,False,
missing_in_database,match_games,"{""id"": 6119891}",,,,,,False,
missing_in_database,match_games,"{""id"": 6119892}",,,,,,False,
missing_in_database,match_games,"{""id"": 6119893}",,,,,,False,
missing_in_database,match_games,"{""id"": 6119894}",,,,,,False,
missing_in_database,match_games,"{""id"": 6119895}",,,,,,False,
missing_in_database,match_games,"{""id"": 6119896}",,,,,,False,
missing_in_database,match_games,"{""id"": 6119897}",,,,,,False,
missing_in_database,match_games,"{""id"": 6119898}",,,,,,False,
missing_in_database,match_games,"{""id"": 6119899}",,,,,,False,
missing_in_database,match_games,"{""id"": 6119900}",,,,,,False,
missing_in_database,match_games,"{""id"": 6119901}",,,,,,False,
missing_in_database,match_games,"{""id"": 6119902}",,,,,,False,
missing_in_database,match_games,"{""id"": 6119903}",,,,,,False,
missing_in_database,match_games,"{""id"": 6119904}",,,,,,False,
missing_in_database,match_games,"{""id"": 6119905}",,,,,,False,
missing_in_database,match_games,"{""id"": 6119906}",,,,,,False,
missing_in_database,match_games,"{""id"": 6119907}",,,,,,False,
missing_in_database,match_games,"{""id"": 6119908}",,,,,,False,
missing_in_database,match_games,"{""id"": 6119909}",,,,,,False,
missing_in_database,match_games,"{""id"": 6119910}",,,,,,False,
missing_in_database,match_games,"{""id"": 6119911}",,,,,,False,
missing_in_database,match_games,"{""id"": 6119912}",,,,,,False,
missing_in_database,match_games,"{""id"": 6119913}",,,,,,False,
missing_in_database,match_games,"{""id"": 6119914}",,,,,,False,
missing_in_database,match_games,"{""id"": 6119915}",,,,,,False,
missing_in_database,match_games,"{""id"": 6119916}",,,,,,False,
missing_in_database,match_games,"{""id"": 6119917}",,,,,,False,
missing_in_database,match_games,"{""id"": 6119918}",,,,,,False,
missing_in_database,match_games,"{""id"": 6119919}",,,,,,False,
missing_in_database,match_games,"{""id"": 6119920}",,,,,,False,
missing_in_database,match_games,"{""id"": 6119921}",,,,,,False,
missing_in_database,match_games,"{""id"": 6119922}",,,,,,False,
missing_in_database,match_games,"{""id"": 6119923}",,,,,,False,
missing_in_database,match_games,"{""id"": 6119924}",,,,,,False,
missing_in_database,match_games,"{""id"": 6119925}",,,,,,False,
missing_in_database,match_games,"{""id"": 6119926}",,,,,,False,
missing_in_database,match_games,"{""id"": 6119927}",,,,,,False,
missing_in_database,match_games,"{""id"": 6119928}",,,,,,False,
missing_in_database,match_games,"{""id"": 6119929}",,,,,,False,
missing_in_database,match_games,"{""id"": 6119930}",,,,,,False,
missing_in_database,match_games,"{""id"": 6119931}",,,,,,False,
missing_in_database,match_games,"{""id"": 6119932}",,,,,,False,
missing_in_database,match_games,"{""id"": 6119933}",,,,,,False,
missing_in_database,match_games,"{""id"": 6119934}",,,,,,False,
missing_in_database,match_games,"{""id"": 6119935}",,,,,,False,
missing_in_database,match_games,"{""id"": 6119936}",,,,,,False,
missing_in_database,match_games,"{""id"": 6119937}",,,,,,False,
missing_in_database,match_games,"{""id"": 6119938}",,,,,,False,
missing_in_database,match_games,"{""id"": 6119939}",,,,,,False,
missing_in_database,match_games,"{""id"": 6119940}",,,,,,False,
missing_in_database,match_games,"{""id"": 6119941}",,,,,,False,
missing_in_database,match_games,"{""id"": 6119942}",,,,,,False,
missing_in_database,match_games,"{""id"": 6119943}",,,,,,False,
missing_in_database,match_games,"{""id"": 6119944}",,,,,,False,
missing_in_database,match_games,"{""id"": 6119945}",,,,,,False,
missing_in_database,match_games,"{""id"": 6119946}",,,,,,False,
missing_in_database,match_games,"{""id"": 6119947}",,,,,,False,
missing_in_database,match_games,"{""id"": 6119948}",,,,,,False,
missing_in_database,match_games,"{""id"": 6119949}",,,,,,False,
missing_in_database,match_games,"{""id"": 6119950}",,,,,,False,
missing_in_database,match_games,"{""id"": 6119951}",,,,,,False,
missing_in_database,match_games,"{""id"": 6119952}",,,,,,False,
missing_in_database,match_games,"{""id"": 6119953}",,,,,,False,
missing_in_database,match_games,"{""id"": 6119954}",,,,,,False,
missing_in_database,match_games,"{""id"": 6119955}",,,,,,False,
missing_in_database,match_games,"{""id"": 6119956}",,,,,,False,
missing_in_database,match_games,"{""id"": 6119957}",,,,,,False,
missing_in_database,match_games,"{""id"": 6119958}",,,,,,False,
missing_in_database,match_games,"{""id"": 6119959}",,,,,,False,
missing_in_database,match_games,"{""id"": 6119960}",,,,,,False,
missing_in_database,match_games,"{""id"": 6119961}",,,,,,False,
missing_in_database,match_games,"{""id"": 6119962}",,,,,,False,
missing_in_database,match_games,"{""id"": 6119963}",,,,,,False,
missing_in_database,match_games,"{""id"": 6119964}",,,,,,False,
missing_in_database,match_games,"{""id"": 6119965}",,,,,,False,
missing_in_database,match_games,"{""id"": 6119966}",,,,,,False,
missing_in_database,match_games,"{""id"": 6119967}",,,,,,False,
missing_in_database,match_games,"{""id"": 6119968}",,,,,,False,
missing_in_database,match_games,"{""id"": 6119969}",,,,,,False,
missing_in_database,match_games,"{""id"": 6119970}",,,,,,False,
missing_in_database,match_games,"{""id"": 6119971}",,,,,,False,
missing_in_database,match_games,"{""id"": 6119972}",,,,,,False,
missing_in_database,match_games,"{""id"": 6119973}",,,,,,False,
missing_in_database,match_games,"{""id"": 6119974}",,,,,,False,
missing_in_database,match_games,"{""id"": 6119975}",,,,,,False,
missing_in_database,match_games,"{""id"": 6119976}",,,,,,False,
missing_in_database,match_games,"{""id"": 6119977}",,,,,,False,
missing_in_database,match_games,"{""id"": 6119978}",,,,,,False,
missing_in_database,match_games,"{""id"": 6119979}",,,,,,False,
missing_in_database,match_games,"{""id"": 6119980}",,,,,,False,
missing_in_database,match_games,"{""id"": 6119981}",,,,,,False,
missing_in_database,match_games,"{""id"": 6119982}",,,,,,False,
missing_in_database,match_games,"{""id"": 6119983}",,,,,,False,
missing_in_database,match_games,"{""id"": 6119984}",,,,,,False,
missing_in_database,match_games,"{""id"": 6119985}",,,,,,False,
missing_in_database,match_games,"{""id"": 6119986}",,,,,,False,
missing_in_database,match_games,"{""id"": 6119987}",,,,,,False,
missing_in_database,match_games,"{""id"": 6119988}",,,,,,False,
missing_in_database,match_games,"{""id"": 6119989}",,,,,,False,
missing_in_database,match_games,"{""id"": 6119990}",,,,,,False,
missing_in_database,match_games,"{""id"": 6119991}",,,,,,False,
missing_in_database,match_games,"{""id"": 6119992}",,,,,,False,
missing_in_database,match_games,"{""id"": 6119993}",,,,,,False,
missing_in_database,match_games,"{""id"": 6119994}",,,,,,False,
missing_in_database,match_games,"{""id"": 6119995}",,,,,,False,
missing_in_database,match_games,"{""id"": 6119996}",,,,,,False,
missing_in_database,match_games,"{""id"": 6119997}",,,,,,False,
missing_in_database,match_games,"{""id"": 6119998}",,,,,,False,
missing_in_database,match_games,"{""id"": 6119999}",,,,,,False,
missing_in_database,match_games,"{""id"": 6120000}",,,,,,False,
missing_in_database,match_games,"{""id"": 6120001}",,,,,,False,
missing_in_database,match_games,"{""id"": 6120002}",,,,,,False,
missing_in_database,match_games,"{""id"": 6120003}",,,,,,False,
missing_in_database,match_games,"{""id"": 6120004}",,,,,,False,
missing_in_database,match_games,"{""id"": 6120005}",,,,,,False,
missing_in_database,match_games,"{""id"": 6120006}",,,,,,False,
missing_in_database,match_games,"{""id"": 6120007}",,,,,,False,
missing_in_database,match_games,"{""id"": 6120008}",,,,,,False,
missing_in_database,match_games,"{""id"": 6120009}",,,,,,False,
missing_in_database,match_games,"{""id"": 6120010}",,,,,,False,
missing_in_database,match_games,"{""id"": 6120011}",,,,,,False,
missing_in_database,match_games,"{""id"": 6120012}",,,,,,False,
missing_in_database,match_games,"{""id"": 6120013}",,,,,,False,
missing_in_database,match_games,"{""id"": 6120014}",,,,,,False,
missing_in_database,match_games,"{""id"": 6120015}",,,,,,False,
missing_in_database,match_games,"{""id"": 6120016}",,,,,,False,
missing_in_database,match_games,"{""id"": 6120017}",,,,,,False,
missing_in_database,match_games,"{""id"": 6120018}",,,,,,False,
missing_in_database,match_games,"{""id"": 6120019}",,,,,,False,
missing_in_database,match_games,"{""id"": 6120020}",,,,,,False,
missing_in_database,match_games,"{""id"": 6120021}",,,,,,False,
missing_in_database,match_games,"{""id"": 6120022}",,,,,,False,
missing_in_database,match_games,"{""id"": 6120023}",,,,,,False,
missing_in_database,match_games,"{""id"": 6120024}",,,,,,False,
missing_in_database,match_games,"{""id"": 6120025}",,,,,,False,
missing_in_database,match_games,"{""id"": 6120026}",,,,,,False,
missing_in_database,match_games,"{""id"": 6120027}",,,,,,False,
missing_in_database,match_games,"{""id"": 6120028}",,,,,,False,
missing_in_database,match_games,"{""id"": 6120029}",,,,,,False,
missing_in_database,match_games,"{""id"": 6120030}",,,,,,False,
missing_in_database,match_games,"{""id"": 6120031}",,,,,,False,
missing_in_database,match_games,"{""id"": 6120032}",,,,,,False,
missing_in_database,match_games,"{""id"": 6120033}",,,,,,False,
missing_in_database,match_games,"{""id"": 6120034}",,,,,,False,
missing_in_database,match_games,"{""id"": 6120035}",,,,,,False,
missing_in_database,match_games,"{""id"": 6120036}",,,,,,False,
missing_in_database,match_games,"{""id"": 6120037}",,,,,,False,
missing_in_database,match_games,"{""id"": 6120038}",,,,,,False,
missing_in_database,match_games,"{""id"": 6120039}",,,,,,False,
missing_in_database,match_games,"{""id"": 6120040}",,,,,,False,
missing_in_database,match_games,"{""id"": 6120041}",,,,,,False,
missing_in_database,match_games,"{""id"": 6120042}",,,,,,False,
missing_in_database,match_games,"{""id"": 6120043}",,,,,,False,
missing_in_database,match_games,"{""id"": 6120044}",,,,,,False,
missing_in_database,match_games,"{""id"": 6120045}",,,,,,False,
missing_in_database,match_games,"{""id"": 6120046}",,,,,,False,
missing_in_database,match_games,"{""id"": 6120047}",,,,,,False,
missing_in_database,match_games,"{""id"": 6120048}",,,,,,False,
missing_in_database,match_games,"{""id"": 6120049}",,,,,,False,
missing_in_database,match_games,"{""id"": 6120050}",,,,,,False,
missing_in_database,match_games,"{""id"": 6120051}",,,,,,False,
missing_in_database,match_games,"{""id"": 6120052}",,,,,,False,
missing_in_database,match_games,"{""id"": 6120053}",,,,,,False,
missing_in_database,match_games,"{""id"": 6120054}",,,,,,False,
missing_in_database,match_games,"{""id"": 6120055}",,,,,,False,
missing_in_database,match_games,"{""id"": 6120056}",,,,,,False,
missing_in_database,match_games,"{""id"": 6120057}",,,,,,False,
missing_in_database,match_games,"{""id"": 6120058}",,,,,,False,
missing_in_database,match_games,"{""id"": 6120059}",,,,,,False,
missing_in_database,match_games,"{""id"": 6120060}",,,,,,False,
missing_in_database,match_games,"{""id"": 6120061}",,,,,,False,
missing_in_database,match_games,"{""id"": 6120062}",,,,,,False,
missing_in_database,match_games,"{""id"": 6120063}",,,,,,False,
missing_in_database,match_games,"{""id"": 6120064}",,,,,,False,
missing_in_database,match_games,"{""id"": 6120065}",,,,,,False,
missing_in_database,match_games,"{""id"": 6120066}",,,,,,False,
missing_in_database,match_games,"{""id"": 6120067}",,,,,,False,
missing_in_database,match_games,"{""id"": 6120068}",,,,,,False,
missing_in_database,match_games,"{""id"": 6120069}",,,,,,False,
missing_in_database,match_games,"{""id"": 6120070}",,,,,,False,
missing_in_database,match_games,"{""id"": 6120071}",,,,,,False,
missing_in_database,match_games,"{""id"": 6120072}",,,,,,False,
missing_in_database,match_games,"{""id"": 6120073}",,,,,,False,
missing_in_database,match_games,"{""id"": 6120074}",,,,,,False,
missing_in_database,match_games,"{""id"": 6120075}",,,,,,False,
missing_in_database,match_games,"{""id"": 6120076}",,,,,,False,
missing_in_database,match_games,"{""id"": 6120077}",,,,,,False,
missing_in_database,match_games,"{""id"": 6120078}",,,,,,False,
missing_in_database,match_games,"{""id"": 6120079}",,,,,,False,
missing_in_database,match_games,"{""id"": 6120080}",,,,,,False,
missing_in_database,match_games,"{""id"": 6120081}",,,,,,False,
missing_in_database,match_games,"{""id"": 6120082}",,,,,,False,
missing_in_database,match_games,"{""id"": 6120083}",,,,,,False,
missing_in_database,match_games,"{""id"": 6120084}",,,,,,False,
missing_in_database,match_games,"{""id"": 6120085}",,,,,,False,
missing_in_database,match_games,"{""id"": 6120086}",,,,,,False,
missing_in_database,match_games,"{""id"": 6120087}",,,,,,False,
missing_in_database,match_games,"{""id"": 6120088}",,,,,,False,
missing_in_database,match_games,"{""id"": 6120089}",,,,,,False,
missing_in_database,match_games,"{""id"": 6120090}",,,,,,False,
missing_in_database,match_games,"{""id"": 6120091}",,,,,,False,
missing_in_database,match_games,"{""id"": 6120092}",,,,,,False,
missing_in_database,match_games,"{""id"": 6120093}",,,,,,False,
missing_in_database,match_games,"{""id"": 6120094}",,,,,,False,
missing_in_database,match_games,"{""id"": 6120095}",,,,,,False,
missing_in_database,match_games,"{""id"": 6120096}",,,,,,False,
missing_in_database,match_games,"{""id"": 6120097}",,,,,,False,
missing_in_database,match_games,"{""id"": 6120098}",,,,,,False,
missing_in_database,match_games,"{""id"": 6120099}",,,,,,False,
missing_in_database,match_games,"{""id"": 6120100}",,,,,,False,
missing_in_database,match_games,"{""id"": 6120101}",,,,,,False,
missing_in_database,match_games,"{""id"": 6120102}",,,,,,False,
missing_in_database,match_games,"{""id"": 6120103}",,,,,,False,
missing_in_database,match_games,"{""id"": 6120104}",,,,,,False,
missing_in_database,match_games,"{""id"": 6120105}",,,,,,False,
missing_in_database,match_games,"{""id"": 6120106}",,,,,,False,
missing_in_database,match_games,"{""id"": 6120107}",,,,,,False,
missing_in_database,match_games,"{""id"": 6120108}",,,,,,False,
missing_in_database,match_games,"{""id"": 6120109}",,,,,,False,
missing_in_database,match_games,"{""id"": 6120110}",,,,,,False,
missing_in_database,match_games,"{""id"": 6120111}",,,,,,False,
missing_in_database,match_games,"{""id"": 6120112}",,,,,,False,
missing_in_database,match_games,"{""id"": 6120113}",,,,,,False,
missing_in_database,match_games,"{""id"": 6120114}",,,,,,False,
missing_in_database,match_games,"{""id"": 6120115}",,,,,,False,
missing_in_database,match_games,"{""id"": 6120116}",,,,,,False,
missing_in_database,match_games,"{""id"": 6120117}",,,,,,False,
missing_in_database,match_games,"{""id"": 6120118}",,,,,,False,
missing_in_database,match_games,"{""id"": 6120119}",,,,,,False,
missing_in_database,match_games,"{""id"": 6120120}",,,,,,False,
missing_in_database,match_games,"{""id"": 6120121}",,,,,,False,
missing_in_database,match_games,"{""id"": 6120122}",,,,,,False,
missing_in_database,match_games,"{""id"": 6120123}",,,,,,False,
missing_in_database,match_games,"{""id"": 6120124}",,,,,,False,
missing_in_database,match_games,"{""id"": 6120125}",,,,,,False,
missing_in_database,match_games,"{""id"": 6120126}",,,,,,False,
missing_in_database,match_games,"{""id"": 6120127}",,,,,,False,
missing_in_database,match_games,"{""id"": 6120128}",,,,,,False,
missing_in_database,match_games,"{""id"": 6120129}",,,,,,False,
missing_in_database,match_games,"{""id"": 6120130}",,,,,,False,
missing_in_database,match_games,"{""id"": 6120131}",,,,,,False,
missing_in_database,match_games,"{""id"": 6120132}",,,,,,False,
missing_in_database,match_games,"{""id"": 6120133}",,,,,,False,
missing_in_database,match_games,"{""id"": 6120134}",,,,,,False,
missing_in_database,match_games,"{""id"": 6120135}",,,,,,False,
missing_in_database,match_games,"{""id"": 6120136}",,,,,,False,
missing_in_database,match_games,"{""id"": 6120137}",,,,,,False,
missing_in_database,match_games,"{""id"": 6120138}",,,,,,False,
missing_in_database,match_games,"{""id"": 6120139}",,,,,,False,
missing_in_database,match_games,"{""id"": 6120140}",,,,,,False,
missing_in_database,match_games,"{""id"": 6120141}",,,,,,False,
missing_in_database,match_games,"{""id"": 6120142}",,,,,,False,
missing_in_database,match_games,"{""id"": 6120143}",,,,,,False,
missing_in_database,match_games,"{""id"": 6120144}",,,,,,False,
missing_in_database,match_games,"{""id"": 6120145}",,,,,,False,
missing_in_database,match_games,"{""id"": 6120146}",,,,,,False,
missing_in_database,match_games,"{""id"": 6120147}",,,,,,False,
missing_in_database,match_games,"{""id"": 6120148}",,,,,,False,
missing_in_database,match_games,"{""id"": 6120149}",,,,,,False,
missing_in_database,match_games,"{""id"": 6120150}",,,,,,False,
missing_in_database,match_games,"{""id"": 6120151}",,,,,,False,
missing_in_database,match_games,"{""id"": 6120152}",,,,,,False,
missing_in_database,match_games,"{""id"": 6120153}",,,,,,False,
missing_in_database,match_games,"{""id"": 6120154}",,,,,,False,
missing_in_database,match_games,"{""id"": 6120155}",,,,,,False,
missing_in_database,match_games,"{""id"": 6120156}",,,,,,False,
missing_in_database,match_games,"{""id"": 6120157}",,,,,,False,
missing_in_database,match_games,"{""id"": 6120158}",,,,,,False,
missing_in_database,match_games,"{""id"": 6120159}",,,,,,False,
missing_in_database,match_games,"{""id"": 6120160}",,,,,,False,
missing_in_database,match_games,"{""id"": 6120161}",,,,,,False,
missing_in_database,match_games,"{""id"": 6120162}",,,,,,False,
missing_in_database,match_games,"{""id"": 6120163}",,,,,,False,
missing_in_database,match_games,"{""id"": 6120164}",,,,,,False,
missing_in_database,match_games,"{""id"": 6120165}",,,,,,False,
missing_in_database,match_games,"{""id"": 6120166}",,,,,,False,
missing_in_database,match_games,"{""id"": 6120167}",,,,,,False,
missing_in_database,match_games,"{""id"": 6120168}",,,,,,False,
missing_in_database,match_games,"{""id"": 6120169}",,,,,,False,
missing_in_database,match_games,"{""id"": 6120170}",,,,,,False,
missing_in_database,match_games,"{""id"": 6120171}",,,,,,False,
missing_in_database,match_games,"{""id"": 6120172}",,,,,,False,
missing_in_database,match_games,"{""id"": 6120173}",,,,,,False,
missing_in_database,match_games,"{""id"": 6120174}",,,,,,False,
missing_in_database,match_games,"{""id"": 6120175}",,,,,,False,
missing_in_database,match_games,"{""id"": 6120176}",,,,,,False,
missing_in_database,match_games,"{""id"": 6120177}",,,,,,False,
missing_in_database,match_games,"{""id"": 6120178}",,,,,,False,
missing_in_database,match_games,"{""id"": 6120179}",,,,,,False,
missing_in_database,match_games,"{""id"": 6120180}",,,,,,False,
missing_in_database,match_games,"{""id"": 6120181}",,,,,,False,
missing_in_database,match_games,"{""id"": 6120182}",,,,,,False,
missing_in_database,match_games,"{""id"": 6120183}",,,,,,False,
missing_in_database,match_games,"{""id"": 6120184}",,,,,,False,
missing_in_database,match_games,"{""id"": 6120185}",,,,,,False,
missing_in_database,match_games,"{""id"": 6120186}",,,,,,False,
missing_in_database,match_games,"{""id"": 6120187}",,,,,,False,
missing_in_database,match_games,"{""id"": 6120188}",,,,,,False,
missing_in_database,match_games,"{""id"": 6120189}",,,,,,False,
missing_in_database,match_games,"{""id"": 6120190}",,,,,,False,
missing_in_database,match_games,"{""id"": 6120191}",,,,,,False,
missing_in_database,match_games,"{""id"": 6120192}",,,,,,False,
missing_in_database,match_games,"{""id"": 6120193}",,,,,,False,
missing_in_database,match_games,"{""id"": 6120194}",,,,,,False,
missing_in_database,match_games,"{""id"": 6120195}",,,,,,False,
missing_in_database,match_games,"{""id"": 6120196}",,,,,,False,
missing_in_database,match_games,"{""id"": 6120197}",,,,,,False,
missing_in_database,match_games,"{""id"": 6120198}",,,,,,False,
missing_in_database,match_games,"{""id"": 6120199}",,,,,,False,
missing_in_database,match_games,"{""id"": 6120200}",,,,,,False,
missing_in_database,match_games,"{""id"": 6120201}",,,,,,False,
missing_in_database,match_games,"{""id"": 6120202}",,,,,,False,
missing_in_database,match_games,"{""id"": 6120203}",,,,,,False,
missing_in_database,match_games,"{""id"": 6120204}",,,,,,False,
missing_in_database,match_games,"{""id"": 6120205}",,,,,,False,
missing_in_database,match_games,"{""id"": 6120206}",,,,,,False,
missing_in_database,match_games,"{""id"": 6120207}",,,,,,False,
missing_in_database,match_games,"{""id"": 6120208}",,,,,,False,
missing_in_database,match_games,"{""id"": 6120209}",,,,,,False,
missing_in_database,match_games,"{""id"": 6120210}",,,,,,False,
missing_in_database,match_games,"{""id"": 6120211}",,,,,,False,
missing_in_database,match_games,"{""id"": 6120212}",,,,,,False,
missing_in_database,match_games,"{""id"": 6120213}",,,,,,False,
missing_in_database,match_games,"{""id"": 6120214}",,,,,,False,
missing_in_database,match_games,"{""id"": 6120215}",,,,,,False,
missing_in_database,match_games,"{""id"": 6120216}",,,,,,False,
missing_in_database,match_games,"{""id"": 6120217}",,,,,,False,
missing_in_database,match_games,"{""id"": 6120218}",,,,,,False,
missing_in_database,match_games,"{""id"": 6120219}",,,,,,False,
missing_in_database,match_games,"{""id"": 6120220}",,,,,,False,
missing_in_database,match_games,"{""id"": 6120221}",,,,,,False,
missing_in_database,match_games,"{""id"": 6120222}",,,,,,False,
missing_in_database,match_games,"{""id"": 6120223}",,,,,,False,
missing_in_database,match_games,"{""id"": 6120224}",,,,,,False,
missing_in_database,match_games,"{""id"": 6120225}",,,,,,False,
missing_in_database,match_games,"{""id"": 6120226}",,,,,,False,
missing_in_database,match_games,"{""id"": 6120227}",,,,,,False,
missing_in_database,match_games,"{""id"": 6120228}",,,,,,False,
missing_in_database,match_games,"{""id"": 6120229}",,,,,,False,
missing_in_database,match_games,"{""id"": 6120230}",,,,,,False,
missing_in_database,match_games,"{""id"": 6120231}",,,,,,False,
missing_in_database,match_games,"{""id"": 6120232}",,,,,,False,
missing_in_database,match_games,"{""id"": 6120233}",,,,,,False,
missing_in_database,match_games,"{""id"": 6120234}",,,,,,False,
missing_in_database,match_games,"{""id"": 6120235}",,,,,,False,
missing_in_database,match_games,"{""id"": 6120236}",,,,,,False,
missing_in_database,match_games,"{""id"": 6120237}",,,,,,False,
missing_in_database,match_games,"{""id"": 6120238}",,,,,,False,
missing_in_database,match_games,"{""id"": 6120239}",,,,,,False,
missing_in_database,match_games,"{""id"": 6120240}",,,,,,False,
missing_in_database,match_games,"{""id"": 6120241}",,,,,,False,
missing_in_database,match_games,"{""id"": 6120242}",,,,,,False,
missing_in_database,match_games,"{""id"": 6120243}",,,,,,False,
missing_in_database,match_games,"{""id"": 6120244}",,,,,,False,
missing_in_database,match_games,"{""id"": 6120245}",,,,,,False,
missing_in_database,match_games,"{""id"": 6120246}",,,,,,False,
missing_in_database,match_games,"{""id"": 6120247}",,,,,,False,
missing_in_database,match_games,"{""id"": 6120248}",,,,,,False,
missing_in_database,match_games,"{""id"": 6120249}",,,,,,False,
missing_in_database,match_games,"{""id"": 6120250}",,,,,,False,
missing_in_database,match_games,"{""id"": 6120251}",,,,,,False,
missing_in_database,match_games,"{""id"": 6120252}",,,,,,False,
missing_in_database,match_games,"{""id"": 6120253}",,,,,,False,
missing_in_database,match_games,"{""id"": 6120254}",,,,,,False,
missing_in_database,match_games,"{""id"": 6120255}",,,,,,False,
missing_in_database,match_games,"{""id"": 6120256}",,,,,,False,
missing_in_database,match_games,"{""id"": 6120257}",,,,,,False,
missing_in_database,match_games,"{""id"": 6120258}",,,,,,False,
missing_in_database,match_games,"{""id"": 6120259}",,,,,,False,
missing_in_database,match_games,"{""id"": 6120260}",,,,,,False,
missing_in_database,match_games,"{""id"": 6120261}",,,,,,False,
missing_in_database,match_games,"{""id"": 6120262}",,,,,,False,
missing_in_database,match_games,"{""id"": 6120263}",,,,,,False,
missing_in_database,match_games,"{""id"": 6120264}",,,,,,False,
missing_in_database,match_games,"{""id"": 6120265}",,,,,,False,
missing_in_database,match_games,"{""id"": 6120266}",,,,,,False,
missing_in_database,match_games,"{""id"": 6120267}",,,,,,False,
missing_in_database,match_games,"{""id"": 6120268}",,,,,,False,
missing_in_database,match_games,"{""id"": 6120269}",,,,,,False,
missing_in_database,match_games,"{""id"": 6120270}",,,,,,False,
missing_in_database,match_games,"{""id"": 6120271}",,,,,,False,
missing_in_database,match_games,"{""id"": 6120272}",,,,,,False,
missing_in_database,match_games,"{""id"": 6120273}",,,,,,False,
missing_in_database,match_games,"{""id"": 6120274}",,,,,,False,
missing_in_database,match_games,"{""id"": 6120275}",,,,,,False,
missing_in_database,match_games,"{""id"": 6120276}",,,,,,False,
missing_in_database,match_games,"{""id"": 6120277}",,,,,,False,
missing_in_database,match_games,"{""id"": 6120278}",,,,,,False,
missing_in_database,match_games,"{""id"": 6120279}",,,,,,False,
missing_in_database,match_games,"{""id"": 6120280}",,,,,,False,
missing_in_database,match_games,"{""id"": 6120281}",,,,,,False,
missing_in_database,match_games,"{""id"": 6120282}",,,,,,False,
missing_in_database,match_games,"{""id"": 6120283}",,,,,,False,
missing_in_database,match_games,"{""id"": 6120284}",,,,,,False,
missing_in_database,match_games,"{""id"": 6120285}",,,,,,False,
missing_in_database,match_games,"{""id"": 6120286}",,,,,,False,
missing_in_database,match_games,"{""id"": 6120287}",,,,,,False,
missing_in_database,match_games,"{""id"": 6120288}",,,,,,False,
missing_in_database,match_games,"{""id"": 6120289}",,,,,,False,
missing_in_database,match_games,"{""id"": 6120290}",,,,,,False,
missing_in_database,match_games,"{""id"": 6120291}",,,,,,False,
missing_in_database,match_games,"{""id"": 6120292}",,,,,,False,
missing_in_database,match_games,"{""id"": 6120293}",,,,,,False,
missing_in_database,match_games,"{""id"": 6120294}",,,,,,False,
missing_in_database,match_games,"{""id"": 6120295}",,,,,,False,
missing_in_database,match_games,"{""id"": 6120296}",,,,,,False,
missing_in_database,match_games,"{""id"": 6120297}",,,,,,False,
missing_in_database,match_games,"{""id"": 6120298}",,,,,,False,
missing_in_database,match_games,"{""id"": 6120299}",,,,,,False,
missing_in_database,match_games,"{""id"": 6120300}",,,,,,False,
missing_in_database,match_games,"{""id"": 6120301}",,,,,,False,
missing_in_database,match_games,"{""id"": 6120302}",,,,,,False,
missing_in_database,match_games,"{""id"": 6120303}",,,,,,False,
missing_in_database,match_games,"{""id"": 6120304}",,,,,,False,
missing_in_database,match_games,"{""id"": 6120305}",,,,,,False,
missing_in_database,match_games,"{""id"": 6120306}",,,,,,False,
missing_in_database,match_games,"{""id"": 6120307}",,,,,,False,
missing_in_database,match_games,"{""id"": 6120308}",,,,,,False,
missing_in_database,match_games,"{""id"": 6120309}",,,,,,False,
missing_in_database,match_games,"{""id"": 6120310}",,,,,,False,
missing_in_database,match_games,"{""id"": 6120311}",,,,,,False,
missing_in_database,match_games,"{""id"": 6120312}",,,,,,False,
missing_in_database,match_games,"{""id"": 6120313}",,,,,,False,
missing_in_database,match_games,"{""id"": 6120314}",,,,,,False,
missing_in_database,match_games,"{""id"": 6120315}",,,,,,False,
missing_in_database,match_games,"{""id"": 6120316}",,,,,,False,
missing_in_database,match_games,"{""id"": 6120317}",,,,,,False,
missing_in_database,match_games,"{""id"": 6120318}",,,,,,False,
missing_in_database,match_games,"{""id"": 6120319}",,,,,,False,
missing_in_database,match_games,"{""id"": 6120320}",,,,,,False,
missing_in_database,match_games,"{""id"": 6120321}",,,,,,False,
missing_in_database,match_games,"{""id"": 6120322}",,,,,,False,
missing_in_database,match_games,"{""id"": 6120323}",,,,,,False,
missing_in_database,match_games,"{""id"": 6120324}",,,,,,False,
missing_in_database,match_games,"{""id"": 6120325}",,,,,,False,
missing_in_database,match_games,"{""id"": 6120326}",,,,,,False,
missing_in_database,match_games,"{""id"": 6120327}",,,,,,False,
missing_in_database,match_games,"{""id"": 6120328}",,,,,,False,
missing_in_database,match_games,"{""id"": 6120329}",,,,,,False,
missing_in_database,match_games,"{""id"": 6120330}",,,,,,False,
missing_in_database,match_games,"{""id"": 6120331}",,,,,,False,
missing_in_database,match_games,"{""id"": 6120332}",,,,,,False,
missing_in_database,match_games,"{""id"": 6120333}",,,,,,False,
missing_in_database,match_games,"{""id"": 6120334}",,,,,,False,
missing_in_database,match_games,"{""id"": 6120335}",,,,,,False,
missing_in_database,match_games,"{""id"": 6120336}",,,,,,False,
missing_in_database,match_games,"{""id"": 6120337}",,,,,,False,
missing_in_database,match_games,"{""id"": 6120338}",,,,,,False,
missing_in_database,match_games,"{""id"": 6120339}",,,,,,False,
missing_in_database,match_games,"{""id"": 6120340}",,,,,,False,
missing_in_database,match_games,"{""id"": 6120341}",,,,,,False,
missing_in_database,match_games,"{""id"": 6120342}",,,,,,False,
missing_in_database,match_games,"{""id"": 6120343}",,,,,,False,
missing_in_database,match_games,"{""id"": 6120344}",,,,,,False,
missing_in_database,match_games,"{""id"": 6120345}",,,,,,False,
missing_in_database,match_games,"{""id"": 6120346}",,,,,,False,
missing_in_database,match_games,"{""id"": 6120347}",,,,,,False,
missing_in_database,match_games,"{""id"": 6120348}",,,,,,False,
missing_in_database,match_games,"{""id"": 6120349}",,,,,,False,
missing_in_database,match_games,"{""id"": 6120350}",,,,,,False,
missing_in_database,match_games,"{""id"": 6120351}",,,,,,False,
missing_in_database,match_games,"{""id"": 6120352}",,,,,,False,
missing_in_database,match_games,"{""id"": 6120353}",,,,,,False,
missing_in_database,match_games,"{""id"": 6120354}",,,,,,False,
missing_in_database,match_games,"{""id"": 6120355}",,,,,,False,
missing_in_database,match_games,"{""id"": 6120356}",,,,,,False,
missing_in_database,match_games,"{""id"": 6120357}",,,,,,False,
missing_in_database,match_games,"{""id"": 6120358}",,,,,,False,
missing_in_database,match_games,"{""id"": 6120359}",,,,,,False,
missing_in_database,match_games,"{""id"": 6120360}",,,,,,False,
missing_in_database,match_games,"{""id"": 6120361}",,,,,,False,
missing_in_database,match_games,"{""id"": 6120362}",,,,,,False,
missing_in_database,match_games,"{""id"": 6120363}",,,,,,False,
missing_in_database,match_games,"{""id"": 6120364}",,,,,,False,
missing_in_database,match_games,"{""id"": 6120365}",,,,,,False,
missing_in_database,match_games,"{""id"": 6120366}",,,,,,False,
missing_in_database,match_games,"{""id"": 6120367}",,,,,,False,
missing_in_database,match_games,"{""id"": 6120368}",,,,,,False,
missing_in_database,match_games,"{""id"": 6120369}",,,,,,False,
missing_in_database,match_games,"{""id"": 6120370}",,,,,,False,
missing_in_database,match_games,"{""id"": 6120371}",,,,,,False,
missing_in_database,match_games,"{""id"": 6120372}",,,,,,False,
missing_in_database,match_games,"{""id"": 6120373}",,,,,,False,
missing_in_database,match_games,"{""id"": 6120374}",,,,,,False,
missing_in_database,match_games,"{""id"": 6120375}",,,,,,False,
missing_in_database,match_games,"{""id"": 6120376}",,,,,,False,
missing_in_database,match_games,"{""id"": 6120377}",,,,,,False,
missing_in_database,match_games,"{""id"": 6120378}",,,,,,False,
missing_in_database,match_games,"{""id"": 6120379}",,,,,,False,
missing_in_database,match_games,"{""id"": 6120380}",,,,,,False,
missing_in_database,match_games,"{""id"": 6120381}",,,,,,False,
missing_in_database,match_games,"{""id"": 6120382}",,,,,,False,
missing_in_database,match_games,"{""id"": 6120383}",,,,,,False,
missing_in_database,match_games,"{""id"": 6120384}",,,,,,False,
missing_in_database,match_games,"{""id"": 6120385}",,,,,,False,
missing_in_database,match_games,"{""id"": 6120386}",,,,,,False,
missing_in_database,match_games,"{""id"": 6120387}",,,,,,False,
missing_in_database,match_games,"{""id"": 6120388}",,,,,,False,
missing_in_database,match_games,"{""id"": 6120389}",,,,,,False,
missing_in_database,match_games,"{""id"": 6120390}",,,,,,False,
missing_in_database,match_games,"{""id"": 6120391}",,,,,,False,
missing_in_database,match_games,"{""id"": 6120392}",,,,,,False,
missing_in_database,match_games,"{""id"": 6120393}",,,,,,False,
missing_in_database,match_games,"{""id"": 6120394}",,,,,,False,
missing_in_database,match_games,"{""id"": 6120395}",,,,,,False,
missing_in_database,match_games,"{""id"": 6120396}",,,,,,False,
missing_in_database,match_games,"{""id"": 6120397}",,,,,,False,
missing_in_database,match_games,"{""id"": 6120398}",,,,,,False,
missing_in_database,match_games,"{""id"": 6120399}",,,,,,False,
missing_in_database,match_games,"{""id"": 6120400}",,,,,,False,
missing_in_database,match_games,"{""id"": 6120401}",,,,,,False,
missing_in_database,match_games,"{""id"": 6120402}",,,,,,False,
missing_in_database,match_games,"{""id"": 6120403}",,,,,,False,
missing_in_database,match_games,"{""id"": 6120404}",,,,,,False,
missing_in_database,match_games,"{""id"": 6120405}",,,,,,False,
missing_in_database,match_games,"{""id"": 6120406}",,,,,,False,
missing_in_database,match_games,"{""id"": 6120407}",,,,,,False,
missing_in_database,match_games,"{""id"": 6120408}",,,,,,False,
missing_in_database,match_games,"{""id"": 6120409}",,,,,,False,
missing_in_database,match_games,"{""id"": 6120410}",,,,,,False,
missing_in_database,match_games,"{""id"": 6120411}",,,,,,False,
missing_in_database,match_games,"{""id"": 6120412}",,,,,,False,
missing_in_database,match_games,"{""id"": 6120413}",,,,,,False,
missing_in_database,match_games,"{""id"": 6120414}",,,,,,False,
missing_in_database,match_games,"{""id"": 6120415}",,,,,,False,
missing_in_database,match_games,"{""id"": 6120416}",,,,,,False,
missing_in_database,match_games,"{""id"": 6120417}",,,,,,False,
missing_in_database,match_games,"{""id"": 6120418}",,,,,,False,
missing_in_database,match_games,"{""id"": 6120419}",,,,,,False,
missing_in_database,match_games,"{""id"": 6120420}",,,,,,False,
missing_in_database,match_games,"{""id"": 6120421}",,,,,,False,
missing_in_database,match_games,"{""id"": 6120422}",,,,,,False,
missing_in_database,match_games,"{""id"": 6120423}",,,,,,False,
missing_in_database,match_games,"{""id"": 6120424}",,,,,,False,
missing_in_database,match_games,"{""id"": 6120425}",,,,,,False,
missing_in_database,match_games,"{""id"": 6120426}",,,,,,False,
missing_in_database,match_games,"{""id"": 6120427}",,,,,,False,
missing_in_database,match_games,"{""id"": 6120428}",,,,,,False,
missing_in_database,match_games,"{""id"": 6120429}",,,,,,False,
missing_in_database,match_games,"{""id"": 6120430}",,,,,,False,
missing_in_database,match_games,"{""id"": 6120431}",,,,,,False,
missing_in_database,match_games,"{""id"": 6120432}",,,,,,False,
missing_in_database,match_games,"{""id"": 6120433}",,,,,,False,
missing_in_database,match_games,"{""id"": 6120434}",,,,,,False,
missing_in_database,match_games,"{""id"": 6120435}",,,,,,False,
missing_in_database,match_games,"{""id"": 6120436}",,,,,,False,
missing_in_database,match_games,"{""id"": 6120437}",,,,,,False,
missing_in_database,match_games,"{""id"": 6120438}",,,,,,False,
missing_in_database,match_games,"{""id"": 6120439}",,,,,,False,
missing_in_database,match_games,"{""id"": 6120440}",,,,,,False,
missing_in_database,match_games,"{""id"": 6120441}",,,,,,False,
missing_in_database,match_games,"{""id"": 6120442}",,,,,,False,
missing_in_database,match_games,"{""id"": 6120443}",,,,,,False,
missing_in_database,match_games,"{""id"": 6120444}",,,,,,False,
missing_in_database,match_games,"{""id"": 6120445}",,,,,,False,
missing_in_database,match_games,"{""id"": 6120446}",,,,,,False,
missing_in_database,match_games,"{""id"": 6120447}",,,,,,False,
missing_in_database,match_games,"{""id"": 6120448}",,,,,,False,
missing_in_database,match_games,"{""id"": 6120449}",,,,,,False,
missing_in_database,match_games,"{""id"": 6120450}",,,,,,False,
missing_in_database,match_games,"{""id"": 6120451}",,,,,,False,
missing_in_database,match_games,"{""id"": 6120452}",,,,,,False,
missing_in_database,match_games,"{""id"": 6120453}",,,,,,False,
missing_in_database,match_games,"{""id"": 6120454}",,,,,,False,
missing_in_database,match_games,"{""id"": 6120455}",,,,,,False,
missing_in_database,match_games,"{""id"": 6120456}",,,,,,False,
missing_in_database,match_games,"{""id"": 6120457}",,,,,,False,
missing_in_database,match_games,"{""id"": 6120458}",,,,,,False,
missing_in_database,match_games,"{""id"": 6120459}",,,,,,False,
missing_in_database,match_games,"{""id"": 6120460}",,,,,,False,
missing_in_database,match_games,"{""id"": 6120461}",,,,,,False,
missing_in_database,match_games,"{""id"": 6120462}",,,,,,False,
missing_in_database,match_games,"{""id"": 6120463}",,,,,,False,
missing_in_database,match_games,"{""id"": 6120464}",,,,,,False,
missing_in_database,match_games,"{""id"": 6120465}",,,,,,False,
missing_in_database,match_games,"{""id"": 6120466}",,,,,,False,
missing_in_database,match_games,"{""id"": 6120467}",,,,,,False,
missing_in_database,match_games,"{""id"": 6120468}",,,,,,False,
missing_in_database,match_games,"{""id"": 6120469}",,,,,,False,
missing_in_database,match_games,"{""id"": 6120470}",,,,,,False,
missing_in_database,match_games,"{""id"": 6120471}",,,,,,False,
missing_in_database,match_games,"{""id"": 6120472}",,,,,,False,
missing_in_database,match_games,"{""id"": 6120473}",,,,,,False,
missing_in_database,match_games,"{""id"": 6120474}",,,,,,False,
missing_in_database,match_games,"{""id"": 6120475}",,,,,,False,
missing_in_database,match_games,"{""id"": 6120476}",,,,,,False,
missing_in_database,match_games,"{""id"": 6120477}",,,,,,False,
missing_in_database,match_games,"{""id"": 6120478}",,,,,,False,
missing_in_database,match_games,"{""id"": 6120479}",,,,,,False,
missing_in_database,match_games,"{""id"": 6120480}",,,,,,False,
missing_in_database,match_games,"{""id"": 6120481}",,,,,,False,
missing_in_database,match_games,"{""id"": 6120482}",,,,,,False,
missing_in_database,match_games,"{""id"": 6120483}",,,,,,False,
missing_in_database,match_games,"{""id"": 6120484}",,,,,,False,
missing_in_database,match_games,"{""id"": 6120485}",,,,,,False,
missing_in_database,match_games,"{""id"": 6120486}",,,,,,False,
missing_in_database,match_games,"{""id"": 6120487}",,,,,,False,
missing_in_database,match_games,"{""id"": 6120488}",,,,,,False,
missing_in_database,match_games,"{""id"": 6120489}",,,,,,False,
missing_in_database,match_games,"{""id"": 6120490}",,,,,,False,
missing_in_database,match_games,"{""id"": 6120491}",,,,,,False,
missing_in_database,match_games,"{""id"": 6120492}",,,,,,False,
missing_in_database,match_games,"{""id"": 6120493}",,,,,,False,
missing_in_database,match_games,"{""id"": 6120494}",,,,,,False,
missing_in_database,match_games,"{""id"": 6120495}",,,,,,False,
missing_in_database,match_games,"{""id"": 6120496}",,,,,,False,
missing_in_database,match_games,"{""id"": 6120497}",,,,,,False,
missing_in_database,match_games,"{""id"": 6120498}",,,,,,False,
missing_in_database,match_games,"{""id"": 6120499}",,,,,,False,
missing_in_database,match_games,"{""id"": 6120500}",,,,,,False,
missing_in_database,match_games,"{""id"": 6120501}",,,,,,False,
missing_in_database,match_games,"{""id"": 6120502}",,,,,,False,
missing_in_database,match_games,"{""id"": 6120503}",,,,,,False,
missing_in_database,match_games,"{""id"": 6120504}",,,,,,False,
missing_in_database,match_games,"{""id"": 6120505}",,,,,,False,
missing_in_database,match_games,"{""id"": 6120506}",,,,,,False,
missing_in_database,match_games,"{""id"": 6120507}",,,,,,False,
missing_in_database,match_games,"{""id"": 6120508}",,,,,,False,
missing_in_database,match_games,"{""id"": 6120509}",,,,,,False,
missing_in_database,match_games,"{""id"": 6120510}",,,,,,False,
missing_in_database,match_games,"{""id"": 6120511}",,,,,,False,
missing_in_database,match_games,"{""id"": 6120512}",,,,,,False,
missing_in_database,match_games,"{""id"": 6120513}",,,,,,False,
missing_in_database,match_games,"{""id"": 6120514}",,,,,,False,
missing_in_database,match_games,"{""id"": 6120515}",,,,,,False,
missing_in_database,match_games,"{""id"": 6120516}",,,,,,False,
missing_in_database,match_games,"{""id"": 6120517}",,,,,,False,
missing_in_database,match_games,"{""id"": 6120518}",,,,,,False,
missing_in_database,match_games,"{""id"": 6120519}",,,,,,False,
missing_in_database,match_games,"{""id"": 6120520}",,,,,,False,
missing_in_database,match_games,"{""id"": 6120521}",,,,,,False,
missing_in_database,match_games,"{""id"": 6120522}",,,,,,False,
missing_in_database,match_games,"{""id"": 6120523}",,,,,,False,
missing_in_database,match_games,"{""id"": 6120524}",,,,,,False,
missing_in_database,match_games,"{""id"": 6120525}",,,,,,False,
missing_in_database,match_games,"{""id"": 6120526}",,,,,,False,
missing_in_database,match_games,"{""id"": 6120527}",,,,,,False,
missing_in_database,match_games,"{""id"": 6120528}",,,,,,False,
missing_in_database,match_games,"{""id"": 6120529}",,,,,,False,
missing_in_database,match_games,"{""id"": 6120530}",,,,,,False,
missing_in_database,match_games,"{""id"": 6120531}",,,,,,False,
missing_in_database,match_games,"{""id"": 6120532}",,,,,,False,
missing_in_database,match_games,"{""id"": 6120533}",,,,,,False,
missing_in_database,match_games,"{""id"": 6120534}",,,,,,False,
missing_in_database,match_games,"{""id"": 6120535}",,,,,,False,
missing_in_database,match_games,"{""id"": 6120536}",,,,,,False,
missing_in_database,match_games,"{""id"": 6120537}",,,,,,False,
missing_in_database,match_games,"{""id"": 6120538}",,,,,,False,
missing_in_database,match_games,"{""id"": 6120539}",,,,,,False,
missing_in_database,match_games,"{""id"": 6120540}",,,,,,False,
missing_in_database,match_games,"{""id"": 6120541}",,,,,,False,
missing_in_database,match_games,"{""id"": 6120542}",,,,,,False,
missing_in_database,match_games,"{""id"": 6120543}",,,,,,False,
missing_in_database,match_games,"{""id"": 6120544}",,,,,,False,
missing_in_database,match_games,"{""id"": 6120545}",,,,,,False,
missing_in_database,match_games,"{""id"": 6120546}",,,,,,False,
missing_in_database,match_games,"{""id"": 6120547}",,,,,,False,
missing_in_database,match_games,"{""id"": 6120548}",,,,,,False,
missing_in_database,match_games,"{""id"": 6120549}",,,,,,False,
missing_in_database,match_games,"{""id"": 6120550}",,,,,,False,
missing_in_database,match_games,"{""id"": 6120551}",,,,,,False,
missing_in_database,match_games,"{""id"": 6120552}",,,,,,False,
missing_in_database,match_games,"{""id"": 6120553}",,,,,,False,
missing_in_database,match_games,"{""id"": 6120554}",,,,,,False,
missing_in_database,match_games,"{""id"": 6120555}",,,,,,False,
missing_in_database,match_games,"{""id"": 6120556}",,,,,,False,
missing_in_database,match_games,"{""id"": 6120557}",,,,,,False,
missing_in_database,match_games,"{""id"": 6120558}",,,,,,False,
missing_in_database,match_games,"{""id"": 6120559}",,,,,,False,
missing_in_database,match_games,"{""id"": 6120560}",,,,,,False,
missing_in_database,match_games,"{""id"": 6120561}",,,,,,False,
missing_in_database,match_games,"{""id"": 6120562}",,,,,,False,
missing_in_database,match_games,"{""id"": 6120563}",,,,,,False,
missing_in_database,match_games,"{""id"": 6120564}",,,,,,False,
missing_in_database,match_games,"{""id"": 6120565}",,,,,,False,
missing_in_database,match_games,"{""id"": 6120566}",,,,,,False,
missing_in_database,match_games,"{""id"": 6120567}",,,,,,False,
missing_in_database,match_games,"{""id"": 6120568}",,,,,,False,
missing_in_database,match_games,"{""id"": 6120569}",,,,,,False,
missing_in_database,match_games,"{""id"": 6120570}",,,,,,False,
missing_in_database,match_games,"{""id"": 6120571}",,,,,,False,
missing_in_database,match_games,"{""id"": 6120572}",,,,,,False,
missing_in_database,match_games,"{""id"": 6120573}",,,,,,False,
missing_in_database,match_games,"{""id"": 6120574}",,,,,,False,
missing_in_database,match_games,"{""id"": 6120575}",,,,,,False,
missing_in_database,match_games,"{""id"": 6120576}",,,,,,False,
missing_in_database,match_games,"{""id"": 6120577}",,,,,,False,
missing_in_database,match_games,"{""id"": 6120578}",,,,,,False,
missing_in_database,match_games,"{""id"": 6120579}",,,,,,False,
missing_in_database,match_games,"{""id"": 6120580}",,,,,,False,
missing_in_database,match_games,"{""id"": 6120581}",,,,,,False,
missing_in_database,match_games,"{""id"": 6120582}",,,,,,False,
missing_in_database,match_games,"{""id"": 6120583}",,,,,,False,
missing_in_database,match_games,"{""id"": 6120584}",,,,,,False,
missing_in_database,match_games,"{""id"": 6120585}",,,,,,False,
missing_in_database,match_games,"{""id"": 6120586}",,,,,,False,
missing_in_database,match_games,"{""id"": 6120587}",,,,,,False,
missing_in_database,match_games,"{""id"": 6120588}",,,,,,False,
missing_in_database,match_games,"{""id"": 6120589}",,,,,,False,
missing_in_database,match_games,"{""id"": 6120590}",,,,,,False,
missing_in_database,match_games,"{""id"": 6120591}",,,,,,False,
missing_in_database,match_games,"{""id"": 6120592}",,,,,,False,
missing_in_database,match_games,"{""id"": 6120593}",,,,,,False,
missing_in_database,match_games,"{""id"": 6120594}",,,,,,False,
missing_in_database,match_games,"{""id"": 6120595}",,,,,,False,
missing_in_database,match_games,"{""id"": 6120596}",,,,,,False,
missing_in_database,match_games,"{""id"": 6120597}",,,,,,False,
missing_in_database,match_games,"{""id"": 6120598}",,,,,,False,
missing_in_database,match_games,"{""id"": 6120599}",,,,,,False,
missing_in_database,match_games,"{""id"": 6120600}",,,,,,False,
missing_in_database,match_games,"{""id"": 6120601}",,,,,,False,
missing_in_database,match_games,"{""id"": 6120602}",,,,,,False,
missing_in_database,match_games,"{""id"": 6120603}",,,,,,False,
missing_in_database,match_games,"{""id"": 6120604}",,,,,,False,
missing_in_database,match_games,"{""id"": 6120605}",,,,,,False,
missing_in_database,match_games,"{""id"": 6120606}",,,,,,False,
missing_in_database,match_games,"{""id"": 6120607}",,,,,,False,
missing_in_database,match_games,"{""id"": 6120608}",,,,,,False,
missing_in_database,match_games,"{""id"": 6120609}",,,,,,False,
missing_in_database,match_games,"{""id"": 6120610}",,,,,,False,
missing_in_database,match_games,"{""id"": 6120611}",,,,,,False,
missing_in_database,match_games,"{""id"": 6120612}",,,,,,False,
missing_in_database,match_games,"{""id"": 6120613}",,,,,,False,
missing_in_database,match_games,"{""id"": 6120614}",,,,,,False,
missing_in_database,match_games,"{""id"": 6120615}",,,,,,False,
missing_in_database,match_games,"{""id"": 6120616}",,,,,,False,
missing_in_database,match_games,"{""id"": 6120617}",,,,,,False,
missing_in_database,match_games,"{""id"": 6120618}",,,,,,False,
missing_in_database,match_games,"{""id"": 6120619}",,,,,,False,
missing_in_database,match_games,"{""id"": 6120620}",,,,,,False,
missing_in_database,match_games,"{""id"": 6120621}",,,,,,False,
missing_in_database,match_games,"{""id"": 6120622}",,,,,,False,
missing_in_database,match_games,"{""id"": 6120623}",,,,,,False,
missing_in_database,match_games,"{""id"": 6120624}",,,,,,False,
missing_in_database,match_games,"{""id"": 6120625}",,,,,,False,
missing_in_database,match_games,"{""id"": 6120626}",,,,,,False,
missing_in_database,match_games,"{""id"": 6120627}",,,,,,False,
missing_in_database,match_games,"{""id"": 6120628}",,,,,,False,
missing_in_database,match_games,"{""id"": 6120629}",,,,,,False,
missing_in_database,match_games,"{""id"": 6120630}",,,,,,False,
missing_in_database,match_games,"{""id"": 6120631}",,,,,,False,
missing_in_database,match_games,"{""id"": 6120632}",,,,,,False,
missing_in_database,match_games,"{""id"": 6120633}",,,,,,False,
missing_in_database,match_games,"{""id"": 6120634}",,,,,,False,
missing_in_database,match_games,"{""id"": 6120635}",,,,,,False,
missing_in_database,match_games,"{""id"": 6120636}",,,,,,False,
missing_in_database,match_games,"{""id"": 6120637}",,,,,,False,
missing_in_database,match_games,"{""id"": 6120638}",,,,,,False,
missing_in_database,match_games,"{""id"": 6120639}",,,,,,False,
missing_in_database,match_games,"{""id"": 6120640}",,,,,,False,
missing_in_database,match_games,"{""id"": 6120641}",,,,,,False,
missing_in_database,match_games,"{""id"": 6120642}",,,,,,False,
missing_in_database,match_games,"{""id"": 6120643}",,,,,,False,
missing_in_database,match_games,"{""id"": 6120644}",,,,,,False,
missing_in_database,match_games,"{""id"": 6120645}",,,,,,False,
missing_in_database,match_games,"{""id"": 6120646}",,,,,,False,
missing_in_database,match_games,"{""id"": 6120647}",,,,,,False,
missing_in_database,match_games,"{""id"": 6120648}",,,,,,False,
missing_in_database,match_games,"{""id"": 6120649}",,,,,,False,
missing_in_database,match_games,"{""id"": 6120650}",,,,,,False,
missing_in_database,match_games,"{""id"": 6120651}",,,,,,False,
missing_in_database,match_games,"{""id"": 6120652}",,,,,,False,
missing_in_database,match_games,"{""id"": 6120653}",,,,,,False,
missing_in_database,match_games,"{""id"": 6120654}",,,,,,False,
missing_in_database,match_games,"{""id"": 6120655}",,,,,,False,
missing_in_database,match_games,"{""id"": 6120656}",,,,,,False,
missing_in_database,match_games,"{""id"": 6120657}",,,,,,False,
missing_in_database,match_games,"{""id"": 6120658}",,,,,,False,
missing_in_database,match_games,"{""id"": 6120659}",,,,,,False,
missing_in_database,match_games,"{""id"": 6120660}",,,,,,False,
missing_in_database,match_games,"{""id"": 6120661}",,,,,,False,
missing_in_database,match_games,"{""id"": 6120662}",,,,,,False,
missing_in_database,match_games,"{""id"": 6120663}",,,,,,False,
missing_in_database,match_games,"{""id"": 6120664}",,,,,,False,
missing_in_database,match_games,"{""id"": 6120665}",,,,,,False,
missing_in_database,match_games,"{""id"": 6120666}",,,,,,False,
missing_in_database,match_games,"{""id"": 6120667}",,,,,,False,
missing_in_database,match_games,"{""id"": 6120668}",,,,,,False,
missing_in_database,match_games,"{""id"": 6120669}",,,,,,False,
missing_in_database,match_games,"{""id"": 6120670}",,,,,,False,
missing_in_database,match_games,"{""id"": 6120671}",,,,,,False,
missing_in_database,match_games,"{""id"": 6120672}",,,,,,False,
missing_in_database,match_games,"{""id"": 6120673}",,,,,,False,
missing_in_database,match_games,"{""id"": 6120674}",,,,,,False,
missing_in_database,match_games,"{""id"": 6120675}",,,,,,False,
missing_in_database,match_games,"{""id"": 6120676}",,,,,,False,
missing_in_database,match_games,"{""id"": 6120677}",,,,,,False,
missing_in_database,match_games,"{""id"": 6120678}",,,,,,False,
missing_in_database,match_games,"{""id"": 6120679}",,,,,,False,
missing_in_database,match_games,"{""id"": 6120680}",,,,,,False,
missing_in_database,match_games,"{""id"": 6120681}",,,,,,False,
missing_in_database,match_games,"{""id"": 6120682}",,,,,,False,
missing_in_database,match_games,"{""id"": 6120683}",,,,,,False,
missing_in_database,match_games,"{""id"": 6120684}",,,,,,False,
missing_in_database,match_games,"{""id"": 6120685}",,,,,,False,
missing_in_database,match_games,"{""id"": 6120686}",,,,,,False,
missing_in_database,match_games,"{""id"": 6120687}",,,,,,False,
missing_in_database,match_games,"{""id"": 6120688}",,,,,,False,
missing_in_database,match_games,"{""id"": 6120689}",,,,,,False,
missing_in_database,match_games,"{""id"": 6120690}",,,,,,False,
missing_in_database,match_games,"{""id"": 6120691}",,,,,,False,
missing_in_database,match_games,"{""id"": 6120692}",,,,,,False,
missing_in_database,match_games,"{""id"": 6120693}",,,,,,False,
missing_in_database,match_games,"{""id"": 6120694}",,,,,,False,
missing_in_database,match_games,"{""id"": 6120695}",,,,,,False,
missing_in_database,match_games,"{""id"": 6120696}",,,,,,False,
missing_in_database,match_games,"{""id"": 6120697}",,,,,,False,
missing_in_database,match_games,"{""id"": 6120698}",,,,,,False,
missing_in_database,match_games,"{""id"": 6120699}",,,,,,False,
missing_in_database,match_games,"{""id"": 6120700}",,,,,,False,
missing_in_database,match_games,"{""id"": 6120701}",,,,,,False,
missing_in_database,match_games,"{""id"": 6120702}",,,,,,False,
missing_in_database,match_games,"{""id"": 6120703}",,,,,,False,
missing_in_database,match_games,"{""id"": 6120704}",,,,,,False,
missing_in_database,match_games,"{""id"": 6120705}",,,,,,False,
missing_in_database,match_games,"{""id"": 6120706}",,,,,,False,
missing_in_database,match_games,"{""id"": 6120707}",,,,,,False,
missing_in_database,match_games,"{""id"": 6120708}",,,,,,False,
missing_in_database,match_games,"{""id"": 6120709}",,,,,,False,
missing_in_database,match_games,"{""id"": 6120710}",,,,,,False,
missing_in_database,match_games,"{""id"": 6120711}",,,,,,False,
missing_in_database,match_games,"{""id"": 6120712}",,,,,,False,
missing_in_database,match_games,"{""id"": 6120713}",,,,,,False,
missing_in_database,match_games,"{""id"": 6120714}",,,,,,False,
missing_in_database,match_games,"{""id"": 6120715}",,,,,,False,
missing_in_database,match_games,"{""id"": 6120716}",,,,,,False,
missing_in_database,match_games,"{""id"": 6120717}",,,,,,False,
missing_in_database,match_games,"{""id"": 6120718}",,,,,,False,
missing_in_database,match_games,"{""id"": 6120719}",,,,,,False,
missing_in_database,match_games,"{""id"": 6120720}",,,,,,False,
missing_in_database,match_games,"{""id"": 6120721}",,,,,,False,
missing_in_database,match_games,"{""id"": 6120722}",,,,,,False,
missing_in_database,match_games,"{""id"": 6120723}",,,,,,False,
missing_in_database,match_games,"{""id"": 6120724}",,,,,,False,
missing_in_database,match_games,"{""id"": 6120725}",,,,,,False,
missing_in_database,match_games,"{""id"": 6120726}",,,,,,False,
missing_in_database,match_games,"{""id"": 6120727}",,,,,,False,
missing_in_database,match_games,"{""id"": 6120728}",,,,,,False,
missing_in_database,match_games,"{""id"": 6120729}",,,,,,False,
missing_in_database,match_games,"{""id"": 6120730}",,,,,,False,
missing_in_database,match_games,"{""id"": 6120731}",,,,,,False,
missing_in_database,match_games,"{""id"": 6120732}",,,,,,False,
missing_in_database,match_games,"{""id"": 6120733}",,,,,,False,
missing_in_database,match_games,"{""id"": 6120734}",,,,,,False,
missing_in_database,match_games,"{""id"": 6120735}",,,,,,False,
missing_in_database,match_games,"{""id"": 6120736}",,,,,,False,
missing_in_database,match_games,"{""id"": 6120737}",,,,,,False,
missing_in_database,match_games,"{""id"": 6120738}",,,,,,False,
missing_in_database,match_games,"{""id"": 6120739}",,,,,,False,
missing_in_database,match_games,"{""id"": 6120740}",,,,,,False,
missing_in_database,match_games,"{""id"": 6120741}",,,,,,False,
missing_in_database,match_games,"{""id"": 6120742}",,,,,,False,
missing_in_database,match_games,"{""id"": 6120743}",,,,,,False,
missing_in_database,match_games,"{""id"": 6120744}",,,,,,False,
missing_in_database,match_games,"{""id"": 6120745}",,,,,,False,
missing_in_database,match_games,"{""id"": 6120746}",,,,,,False,
missing_in_database,match_games,"{""id"": 6120747}",,,,,,False,
missing_in_database,match_games,"{""id"": 6120748}",,,,,,False,
missing_in_database,match_games,"{""id"": 6120749}",,,,,,False,
missing_in_database,match_games,"{""id"": 6120750}",,,,,,False,
missing_in_database,match_games,"{""id"": 6120751}",,,,,,False,
missing_in_database,match_games,"{""id"": 6120752}",,,,,,False,
missing_in_database,match_games,"{""id"": 6120753}",,,,,,False,
missing_in_database,match_games,"{""id"": 6120754}",,,,,,False,
missing_in_database,match_games,"{""id"": 6120755}",,,,,,False,
missing_in_database,match_games,"{""id"": 6120756}",,,,,,False,
missing_in_database,match_games,"{""id"": 6120757}",,,,,,False,
missing_in_database,match_games,"{""id"": 6120758}",,,,,,False,
missing_in_database,match_games,"{""id"": 6120759}",,,,,,False,
missing_in_database,match_games,"{""id"": 6120760}",,,,,,False,
missing_in_database,match_games,"{""id"": 6120761}",,,,,,False,
missing_in_database,match_games,"{""id"": 6120762}",,,,,,False,
missing_in_database,match_games,"{""id"": 6120763}",,,,,,False,
missing_in_database,match_games,"{""id"": 6120764}",,,,,,False,
missing_in_database,match_games,"{""id"": 6120765}",,,,,,False,
missing_in_database,match_games,"{""id"": 6120766}",,,,,,False,
missing_in_database,match_games,"{""id"": 6120767}",,,,,,False,
missing_in_database,match_games,"{""id"": 6120768}",,,,,,False,
missing_in_database,match_games,"{""id"": 6120769}",,,,,,False,
missing_in_database,match_games,"{""id"": 6120770}",,,,,,False,
missing_in_database,match_games,"{""id"": 6120771}",,,,,,False,
missing_in_database,match_games,"{""id"": 6120772}",,,,,,False,
missing_in_database,match_games,"{""id"": 6120773}",,,,,,False,
missing_in_database,match_games,"{""id"": 6120774}",,,,,,False,
missing_in_database,match_games,"{""id"": 6120775}",,,,,,False,
missing_in_database,match_games,"{""id"": 6120776}",,,,,,False,
missing_in_database,match_games,"{""id"": 6120777}",,,,,,False,
missing_in_database,match_games,"{""id"": 6120778}",,,,,,False,
missing_in_database,match_games,"{""id"": 6120779}",,,,,,False,
missing_in_database,match_games,"{""id"": 6120780}",,,,,,False,
missing_in_database,match_games,"{""id"": 6120781}",,,,,,False,
missing_in_database,match_games,"{""id"": 6120782}",,,,,,False,
missing_in_database,match_games,"{""id"": 6120783}",,,,,,False,
missing_in_database,match_games,"{""id"": 6120784}",,,,,,False,
missing_in_database,match_games,"{""id"": 6120785}",,,,,,False,
missing_in_database,match_games,"{""id"": 6120786}",,,,,,False,
missing_in_database,match_games,"{""id"": 6120787}",,,,,,False,
missing_in_database,match_games,"{""id"": 6120788}",,,,,,False,
missing_in_database,match_games,"{""id"": 6120789}",,,,,,False,
missing_in_database,match_games,"{""id"": 6120790}",,,,,,False,
missing_in_database,match_games,"{""id"": 6120791}",,,,,,False,
missing_in_database,match_games,"{""id"": 6120792}",,,,,,False,
missing_in_database,match_games,"{""id"": 6120793}",,,,,,False,
missing_in_database,match_games,"{""id"": 6120794}",,,,,,False,
missing_in_database,match_games,"{""id"": 6120795}",,,,,,False,
missing_in_database,match_games,"{""id"": 6120796}",,,,,,False,
missing_in_database,match_games,"{""id"": 6120797}",,,,,,False,
missing_in_database,match_games,"{""id"": 6120798}",,,,,,False,
missing_in_database,match_games,"{""id"": 6120799}",,,,,,False,
missing_in_database,match_games,"{""id"": 6120800}",,,,,,False,
missing_in_database,match_games,"{""id"": 6120801}",,,,,,False,
missing_in_database,match_games,"{""id"": 6120802}",,,,,,False,
missing_in_database,match_games,"{""id"": 6120803}",,,,,,False,
missing_in_database,match_games,"{""id"": 6120804}",,,,,,False,
missing_in_database,match_games,"{""id"": 6120805}",,,,,,False,
missing_in_database,match_games,"{""id"": 6120806}",,,,,,False,
missing_in_database,match_games,"{""id"": 6120807}",,,,,,False,
missing_in_database,match_games,"{""id"": 6120808}",,,,,,False,
missing_in_database,match_games,"{""id"": 6120809}",,,,,,False,
missing_in_database,match_games,"{""id"": 6120810}",,,,,,False,
missing_in_database,match_games,"{""id"": 6120811}",,,,,,False,
missing_in_database,match_games,"{""id"": 6120812}",,,,,,False,
missing_in_database,match_games,"{""id"": 6120813}",,,,,,False,
missing_in_database,match_games,"{""id"": 6120814}",,,,,,False,
missing_in_database,match_games,"{""id"": 6120815}",,,,,,False,
missing_in_database,match_games,"{""id"": 6120816}",,,,,,False,
missing_in_database,match_games,"{""id"": 6120817}",,,,,,False,
missing_in_database,match_games,"{""id"": 6120818}",,,,,,False,
missing_in_database,match_games,"{""id"": 6120819}",,,,,,False,
missing_in_database,match_games,"{""id"": 6120820}",,,,,,False,
missing_in_database,match_games,"{""id"": 6120821}",,,,,,False,
missing_in_database,match_games,"{""id"": 6120822}",,,,,,False,
missing_in_database,match_games,"{""id"": 6120823}",,,,,,False,
missing_in_database,match_games,"{""id"": 6120824}",,,,,,False,
missing_in_database,match_games,"{""id"": 6120825}",,,,,,False,
missing_in_database,match_games,"{""id"": 6120826}",,,,,,False,
missing_in_database,match_games,"{""id"": 6120827}",,,,,,False,
missing_in_database,match_games,"{""id"": 6120828}",,,,,,False,
missing_in_database,match_games,"{""id"": 6120829}",,,,,,False,
missing_in_database,match_games,"{""id"": 6120830}",,,,,,False,
missing_in_database,match_games,"{""id"": 6120831}",,,,,,False,
missing_in_database,match_games,"{""id"": 6120832}",,,,,,False,
missing_in_database,match_games,"{""id"": 6120833}",,,,,,False,
missing_in_database,match_games,"{""id"": 6120834}",,,,,,False,
missing_in_database,match_games,"{""id"": 6120835}",,,,,,False,
missing_in_database,match_games,"{""id"": 6120836}",,,,,,False,
missing_in_database,match_games,"{""id"": 6120837}",,,,,,False,
missing_in_database,match_games,"{""id"": 6120838}",,,,,,False,
missing_in_database,match_games,"{""id"": 6120839}",,,,,,False,
missing_in_database,match_games,"{""id"": 6120840}",,,,,,False,
missing_in_database,match_games,"{""id"": 6120841}",,,,,,False,
missing_in_database,match_games,"{""id"": 6120842}",,,,,,False,
missing_in_database,match_games,"{""id"": 6120843}",,,,,,False,
missing_in_database,match_games,"{""id"": 6120844}",,,,,,False,
missing_in_database,match_games,"{""id"": 6120845}",,,,,,False,
missing_in_database,match_games,"{""id"": 6120846}",,,,,,False,
missing_in_database,match_games,"{""id"": 6120847}",,,,,,False,
missing_in_database,match_games,"{""id"": 6120848}",,,,,,False,
missing_in_database,match_games,"{""id"": 6120849}",,,,,,False,
missing_in_database,match_games,"{""id"": 6120850}",,,,,,False,
missing_in_database,match_games,"{""id"": 6120851}",,,,,,False,
missing_in_database,match_games,"{""id"": 6120852}",,,,,,False,
missing_in_database,match_games,"{""id"": 6120853}",,,,,,False,
missing_in_database,match_games,"{""id"": 6120854}",,,,,,False,
missing_in_database,match_games,"{""id"": 6120855}",,,,,,False,
missing_in_database,match_games,"{""id"": 6120856}",,,,,,False,
missing_in_database,match_games,"{""id"": 6120857}",,,,,,False,
missing_in_database,match_games,"{""id"": 6120858}",,,,,,False,
missing_in_database,match_games,"{""id"": 6120859}",,,,,,False,
missing_in_database,match_games,"{""id"": 6120860}",,,,,,False,
missing_in_database,match_games,"{""id"": 6120861}",,,,,,False,
missing_in_database,match_games,"{""id"": 6120862}",,,,,,False,
missing_in_database,match_games,"{""id"": 6120863}",,,,,,False,
missing_in_database,match_games,"{""id"": 6120864}",,,,,,False,
missing_in_database,match_games,"{""id"": 6120865}",,,,,,False,
missing_in_database,match_games,"{""id"": 6120866}",,,,,,False,
missing_in_database,match_games,"{""id"": 6120867}",,,,,,False,
missing_in_database,match_games,"{""id"": 6120868}",,,,,,False,
missing_in_database,match_games,"{""id"": 6120869}",,,,,,False,
missing_in_database,match_games,"{""id"": 6120870}",,,,,,False,
missing_in_database,match_games,"{""id"": 6120871}",,,,,,False,
missing_in_database,match_games,"{""id"": 6120872}",,,,,,False,
missing_in_database,match_games,"{""id"": 6120873}",,,,,,False,
missing_in_database,match_games,"{""id"": 6120874}",,,,,,False,
missing_in_database,match_games,"{""id"": 6120875}",,,,,,False,
missing_in_database,match_games,"{""id"": 6120876}",,,,,,False,
missing_in_database,match_games,"{""id"": 6120877}",,,,,,False,
missing_in_database,match_games,"{""id"": 6120878}",,,,,,False,
missing_in_database,match_games,"{""id"": 6120879}",,,,,,False,
missing_in_database,match_games,"{""id"": 6120880}",,,,,,False,
missing_in_database,match_games,"{""id"": 6120881}",,,,,,False,
missing_in_database,match_games,"{""id"": 6120882}",,,,,,False,
missing_in_database,match_games,"{""id"": 6120883}",,,,,,False,
missing_in_database,match_games,"{""id"": 6120884}",,,,,,False,
missing_in_database,match_games,"{""id"": 6120885}",,,,,,False,
missing_in_database,match_games,"{""id"": 6120886}",,,,,,False,
missing_in_database,match_games,"{""id"": 6120887}",,,,,,False,
missing_in_database,match_games,"{""id"": 6120888}",,,,,,False,
missing_in_database,match_games,"{""id"": 6120889}",,,,,,False,
missing_in_database,match_games,"{""id"": 6120890}",,,,,,False,
missing_in_database,match_games,"{""id"": 6120891}",,,,,,False,
missing_in_database,match_games,"{""id"": 6120892}",,,,,,False,
missing_in_database,match_games,"{""id"": 6120893}",,,,,,False,
missing_in_database,match_games,"{""id"": 6120894}",,,,,,False,
missing_in_database,match_games,"{""id"": 6120895}",,,,,,False,
missing_in_database,match_games,"{""id"": 6120896}",,,,,,False,
missing_in_database,match_games,"{""id"": 6120897}",,,,,,False,
missing_in_database,match_games,"{""id"": 6120898}",,,,,,False,
missing_in_database,match_games,"{""id"": 6120899}",,,,,,False,
missing_in_database,match_games,"{""id"": 6120900}",,,,,,False,
missing_in_database,match_games,"{""id"": 6120901}",,,,,,False,
missing_in_database,match_games,"{""id"": 6120902}",,,,,,False,
missing_in_database,match_games,"{""id"": 6120903}",,,,,,False,
missing_in_database,match_games,"{""id"": 6120904}",,,,,,False,
missing_in_database,match_games,"{""id"": 6120905}",,,,,,False,
missing_in_database,match_games,"{""id"": 6120906}",,,,,,False,
missing_in_database,match_games,"{""id"": 6120907}",,,,,,False,
missing_in_database,match_games,"{""id"": 6120908}",,,,,,False,
missing_in_database,match_games,"{""id"": 6120909}",,,,,,False,
missing_in_database,match_games,"{""id"": 6120910}",,,,,,False,
missing_in_database,match_games,"{""id"": 6120911}",,,,,,False,
missing_in_database,match_games,"{""id"": 6120912}",,,,,,False,
missing_in_database,match_games,"{""id"": 6120913}",,,,,,False,
missing_in_database,match_games,"{""id"": 6120914}",,,,,,False,
missing_in_database,match_games,"{""id"": 6120915}",,,,,,False,
missing_in_database,match_games,"{""id"": 6120916}",,,,,,False,
missing_in_database,match_games,"{""id"": 6120917}",,,,,,False,
missing_in_database,match_games,"{""id"": 6120918}",,,,,,False,
missing_in_database,match_games,"{""id"": 6120919}",,,,,,False,
missing_in_database,match_games,"{""id"": 6120920}",,,,,,False,
missing_in_database,match_games,"{""id"": 6120921}",,,,,,False,
missing_in_database,match_games,"{""id"": 6120922}",,,,,,False,
missing_in_database,match_games,"{""id"": 6120923}",,,,,,False,
missing_in_database,match_games,"{""id"": 6120924}",,,,,,False,
missing_in_database,match_games,"{""id"": 6120925}",,,,,,False,
missing_in_database,match_games,"{""id"": 6120926}",,,,,,False,
missing_in_database,match_games,"{""id"": 6120927}",,,,,,False,
missing_in_database,match_games,"{""id"": 6120928}",,,,,,False,
missing_in_database,match_games,"{""id"": 6120929}",,,,,,False,
missing_in_database,match_games,"{""id"": 6120930}",,,,,,False,
missing_in_database,match_games,"{""id"": 6120931}",,,,,,False,
missing_in_database,match_games,"{""id"": 6120932}",,,,,,False,
missing_in_database,match_games,"{""id"": 6120933}",,,,,,False,
missing_in_database,match_games,"{""id"": 6120934}",,,,,,False,
missing_in_database,match_games,"{""id"": 6120935}",,,,,,False,
missing_in_database,match_games,"{""id"": 6120936}",,,,,,False,
missing_in_database,match_games,"{""id"": 6120937}",,,,,,False,
missing_in_database,match_games,"{""id"": 6120938}",,,,,,False,
missing_in_database,match_games,"{""id"": 6120939}",,,,,,False,
missing_in_database,match_games,"{""id"": 6120940}",,,,,,False,
missing_in_database,match_games,"{""id"": 6120941}",,,,,,False,
missing_in_database,match_games,"{""id"": 6120942}",,,,,,False,
missing_in_database,match_games,"{""id"": 6120943}",,,,,,False,
missing_in_database,match_games,"{""id"": 6120944}",,,,,,False,
missing_in_database,match_games,"{""id"": 6120945}",,,,,,False,
missing_in_database,match_games,"{""id"": 6120946}",,,,,,False,
missing_in_database,match_games,"{""id"": 6120947}",,,,,,False,
missing_in_database,match_games,"{""id"": 6120948}",,,,,,False,
missing_in_database,match_games,"{""id"": 6120949}",,,,,,False,
missing_in_database,match_games,"{""id"": 6120950}",,,,,,False,
missing_in_database,match_games,"{""id"": 6120951}",,,,,,False,
missing_in_database,match_games,"{""id"": 6120952}",,,,,,False,
missing_in_database,match_games,"{""id"": 6120953}",,,,,,False,
missing_in_database,match_games,"{""id"": 6120954}",,,,,,False,
missing_in_database,match_games,"{""id"": 6120955}",,,,,,False,
missing_in_database,match_games,"{""id"": 6120956}",,,,,,False,
missing_in_database,match_games,"{""id"": 6120957}",,,,,,False,
missing_in_database,match_games,"{""id"": 6120958}",,,,,,False,
missing_in_database,match_games,"{""id"": 6120959}",,,,,,False,
missing_in_database,match_games,"{""id"": 6120960}",,,,,,False,
missing_in_database,match_games,"{""id"": 6120961}",,,,,,False,
missing_in_database,match_games,"{""id"": 6120962}",,,,,,False,
missing_in_database,match_games,"{""id"": 6120963}",,,,,,False,
missing_in_database,match_games,"{""id"": 6120964}",,,,,,False,
missing_in_database,match_games,"{""id"": 6120965}",,,,,,False,
missing_in_database,match_games,"{""id"": 6120966}",,,,,,False,
missing_in_database,match_games,"{""id"": 6120967}",,,,,,False,
missing_in_database,match_games,"{""id"": 6120968}",,,,,,False,
missing_in_database,match_games,"{""id"": 6120969}",,,,,,False,
missing_in_database,match_games,"{""id"": 6120970}",,,,,,False,
missing_in_database,match_games,"{""id"": 6120971}",,,,,,False,
missing_in_database,match_games,"{""id"": 6120972}",,,,,,False,
missing_in_database,match_games,"{""id"": 6120973}",,,,,,False,
missing_in_database,match_games,"{""id"": 6120974}",,,,,,False,
missing_in_database,match_games,"{""id"": 6120975}",,,,,,False,
missing_in_database,match_games,"{""id"": 6120976}",,,,,,False,
missing_in_database,match_games,"{""id"": 6120977}",,,,,,False,
missing_in_database,match_games,"{""id"": 6120978}",,,,,,False,
missing_in_database,match_games,"{""id"": 6120979}",,,,,,False,
missing_in_database,match_games,"{""id"": 6120980}",,,,,,False,
missing_in_database,match_games,"{""id"": 6120981}",,,,,,False,
missing_in_database,match_games,"{""id"": 6120982}",,,,,,False,
missing_in_database,match_games,"{""id"": 6120983}",,,,,,False,
missing_in_database,match_games,"{""id"": 6120984}",,,,,,False,
missing_in_database,match_games,"{""id"": 6120985}",,,,,,False,
missing_in_database,match_games,"{""id"": 6120986}",,,,,,False,
missing_in_database,match_games,"{""id"": 6120987}",,,,,,False,
missing_in_database,match_games,"{""id"": 6120988}",,,,,,False,
missing_in_database,match_games,"{""id"": 6120989}",,,,,,False,
missing_in_database,match_games,"{""id"": 6120990}",,,,,,False,
missing_in_database,match_games,"{""id"": 6120991}",,,,,,False,
missing_in_database,match_games,"{""id"": 6120992}",,,,,,False,
missing_in_database,match_games,"{""id"": 6120993}",,,,,,False,
missing_in_database,match_games,"{""id"": 6120994}",,,,,,False,
missing_in_database,match_games,"{""id"": 6120995}",,,,,,False,
missing_in_database,match_games,"{""id"": 6120996}",,,,,,False,
missing_in_database,match_games,"{""id"": 6120997}",,,,,,False,
missing_in_database,match_games,"{""id"": 6120998}",,,,,,False,
missing_in_database,match_games,"{""id"": 6120999}",,,,,,False,
missing_in_database,match_games,"{""id"": 6121000}",,,,,,False,
missing_in_database,match_games,"{""id"": 6121001}",,,,,,False,
missing_in_database,match_games,"{""id"": 6121002}",,,,,,False,
missing_in_database,match_games,"{""id"": 6121003}",,,,,,False,
missing_in_database,match_games,"{""id"": 6121004}",,,,,,False,
missing_in_database,match_games,"{""id"": 6121005}",,,,,,False,
missing_in_database,match_games,"{""id"": 6121006}",,,,,,False,
missing_in_database,match_games,"{""id"": 6121007}",,,,,,False,
missing_in_database,match_games,"{""id"": 6121008}",,,,,,False,
missing_in_database,match_games,"{""id"": 6121009}",,,,,,False,
missing_in_database,match_games,"{""id"": 6121010}",,,,,,False,
missing_in_database,match_games,"{""id"": 6121011}",,,,,,False,
missing_in_database,match_games,"{""id"": 6121012}",,,,,,False,
missing_in_database,match_games,"{""id"": 6121013}",,,,,,False,
missing_in_database,match_games,"{""id"": 6121014}",,,,,,False,
missing_in_database,match_games,"{""id"": 6121015}",,,,,,False,
missing_in_database,match_games,"{""id"": 6121016}",,,,,,False,
missing_in_database,match_games,"{""id"": 6121017}",,,,,,False,
missing_in_database,match_games,"{""id"": 6121018}",,,,,,False,
missing_in_database,match_games,"{""id"": 6121019}",,,,,,False,
missing_in_database,match_games,"{""id"": 6121020}",,,,,,False,
missing_in_database,match_games,"{""id"": 6121021}",,,,,,False,
missing_in_database,match_games,"{""id"": 6121022}",,,,,,False,
missing_in_database,match_games,"{""id"": 6121023}",,,,,,False,
missing_in_database,match_games,"{""id"": 6121024}",,,,,,False,
missing_in_database,match_games,"{""id"": 6121025}",,,,,,False,
missing_in_database,match_games,"{""id"": 6121026}",,,,,,False,
missing_in_database,match_games,"{""id"": 6121027}",,,,,,False,
missing_in_database,match_games,"{""id"": 6121028}",,,,,,False,
missing_in_database,match_games,"{""id"": 6121029}",,,,,,False,
missing_in_database,match_games,"{""id"": 6121030}",,,,,,False,
missing_in_database,match_games,"{""id"": 6121031}",,,,,,False,
missing_in_database,match_games,"{""id"": 6121032}",,,,,,False,
missing_in_database,match_games,"{""id"": 6121033}",,,,,,False,
missing_in_database,match_games,"{""id"": 6121034}",,,,,,False,
missing_in_database,match_games,"{""id"": 6121035}",,,,,,False,
missing_in_database,match_games,"{""id"": 6121036}",,,,,,False,
missing_in_database,match_games,"{""id"": 6121037}",,,,,,False,
missing_in_database,match_games,"{""id"": 6121038}",,,,,,False,
missing_in_database,match_games,"{""id"": 6121039}",,,,,,False,
missing_in_database,match_games,"{""id"": 6121040}",,,,,,False,
missing_in_database,match_games,"{""id"": 6121041}",,,,,,False,
missing_in_database,match_games,"{""id"": 6121042}",,,,,,False,
missing_in_database,match_games,"{""id"": 6121043}",,,,,,False,
missing_in_database,match_games,"{""id"": 6121044}",,,,,,False,
missing_in_database,match_games,"{""id"": 6121045}",,,,,,False,
missing_in_database,match_games,"{""id"": 6121046}",,,,,,False,
missing_in_database,match_games,"{""id"": 6121047}",,,,,,False,
missing_in_database,match_games,"{""id"": 6121048}",,,,,,False,
missing_in_database,match_games,"{""id"": 6121049}",,,,,,False,
missing_in_database,match_games,"{""id"": 6121050}",,,,,,False,
missing_in_database,match_games,"{""id"": 6121051}",,,,,,False,
missing_in_database,match_games,"{""id"": 6121052}",,,,,,False,
missing_in_database,match_games,"{""id"": 6121053}",,,,,,False,
missing_in_database,match_games,"{""id"": 6121054}",,,,,,False,
missing_in_database,match_games,"{""id"": 6121055}",,,,,,False,
missing_in_database,match_games,"{""id"": 6121056}",,,,,,False,
missing_in_database,match_games,"{""id"": 6121057}",,,,,,False,
missing_in_database,match_games,"{""id"": 6121058}",,,,,,False,
missing_in_database,match_games,"{""id"": 6121059}",,,,,,False,
missing_in_database,match_games,"{""id"": 6121060}",,,,,,False,
missing_in_database,match_games,"{""id"": 6121061}",,,,,,False,
missing_in_database,match_games,"{""id"": 6121062}",,,,,,False,
missing_in_database,match_games,"{""id"": 6121063}",,,,,,False,
missing_in_database,match_games,"{""id"": 6121064}",,,,,,False,
missing_in_database,match_games,"{""id"": 6121065}",,,,,,False,
missing_in_database,match_games,"{""id"": 6121066}",,,,,,False,
missing_in_database,match_games,"{""id"": 6121067}",,,,,,False,
missing_in_database,match_games,"{""id"": 6121068}",,,,,,False,
missing_in_database,match_games,"{""id"": 6121069}",,,,,,False,
missing_in_database,match_games,"{""id"": 6121070}",,,,,,False,
missing_in_database,match_games,"{""id"": 6121071}",,,,,,False,
missing_in_database,match_games,"{""id"": 6121072}",,,,,,False,
missing_in_database,match_games,"{""id"": 6121073}",,,,,,False,
missing_in_database,match_games,"{""id"": 6121074}",,,,,,False,
missing_in_database,match_games,"{""id"": 6121075}",,,,,,False,
missing_in_database,match_games,"{""id"": 6121076}",,,,,,False,
missing_in_database,match_games,"{""id"": 6121077}",,,,,,False,
missing_in_database,match_games,"{""id"": 6121078}",,,,,,False,
missing_in_database,match_games,"{""id"": 6121079}",,,,,,False,
missing_in_database,match_games,"{""id"": 6121080}",,,,,,False,
missing_in_database,match_games,"{""id"": 6121081}",,,,,,False,
missing_in_database,match_games,"{""id"": 6121082}",,,,,,False,
missing_in_database,match_games,"{""id"": 6121083}",,,,,,False,
missing_in_database,match_games,"{""id"": 6121084}",,,,,,False,
missing_in_database,match_games,"{""id"": 6121085}",,,,,,False,
missing_in_database,match_games,"{""id"": 6121086}",,,,,,False,
missing_in_database,match_games,"{""id"": 6121087}",,,,,,False,
missing_in_database,match_games,"{""id"": 6121088}",,,,,,False,
missing_in_database,match_games,"{""id"": 6121089}",,,,,,False,
missing_in_database,match_games,"{""id"": 6121090}",,,,,,False,
missing_in_database,match_games,"{""id"": 6121091}",,,,,,False,
missing_in_database,match_games,"{""id"": 6121092}",,,,,,False,
missing_in_database,match_games,"{""id"": 6121093}",,,,,,False,
missing_in_database,match_games,"{""id"": 6121094}",,,,,,False,
missing_in_database,match_games,"{""id"": 6121095}",,,,,,False,
missing_in_database,match_games,"{""id"": 6121096}",,,,,,False,
missing_in_database,match_games,"{""id"": 6121097}",,,,,,False,
missing_in_database,match_games,"{""id"": 6121098}",,,,,,False,
missing_in_database,match_games,"{""id"": 6121099}",,,,,,False,
missing_in_database,match_games,"{""id"": 6121100}",,,,,,False,
missing_in_database,match_games,"{""id"": 6121101}",,,,,,False,
missing_in_database,match_games,"{""id"": 6121102}",,,,,,False,
missing_in_database,match_games,"{""id"": 6121103}",,,,,,False,
missing_in_database,match_games,"{""id"": 6121104}",,,,,,False,
missing_in_database,match_games,"{""id"": 6121105}",,,,,,False,
missing_in_database,match_games,"{""id"": 6121106}",,,,,,False,
missing_in_database,match_games,"{""id"": 6121107}",,,,,,False,
missing_in_database,match_games,"{""id"": 6121108}",,,,,,False,
missing_in_database,match_games,"{""id"": 6121109}",,,,,,False,
missing_in_database,match_games,"{""id"": 6121110}",,,,,,False,
missing_in_database,match_games,"{""id"": 6121111}",,,,,,False,
missing_in_database,match_games,"{""id"": 6121112}",,,,,,False,
missing_in_database,match_games,"{""id"": 6121113}",,,,,,False,
missing_in_database,match_games,"{""id"": 6121114}",,,,,,False,
missing_in_database,match_games,"{""id"": 6121115}",,,,,,False,
missing_in_database,match_games,"{""id"": 6121116}",,,,,,False,
missing_in_database,match_games,"{""id"": 6121117}",,,,,,False,
missing_in_database,match_games,"{""id"": 6121118}",,,,,,False,
missing_in_database,match_games,"{""id"": 6121119}",,,,,,False,
missing_in_database,match_games,"{""id"": 6121120}",,,,,,False,
missing_in_database,match_games,"{""id"": 6121121}",,,,,,False,
missing_in_database,match_games,"{""id"": 6121122}",,,,,,False,
missing_in_database,match_games,"{""id"": 6121123}",,,,,,False,
missing_in_database,match_games,"{""id"": 6121124}",,,,,,False,
missing_in_database,match_games,"{""id"": 6121125}",,,,,,False,
missing_in_database,match_games,"{""id"": 6121126}",,,,,,False,
missing_in_database,match_games,"{""id"": 6121127}",,,,,,False,
missing_in_database,match_games,"{""id"": 6121128}",,,,,,False,
missing_in_database,match_games,"{""id"": 6121129}",,,,,,False,
missing_in_database,match_games,"{""id"": 6121130}",,,,,,False,
missing_in_database,match_games,"{""id"": 6121131}",,,,,,False,
missing_in_database,match_games,"{""id"": 6121132}",,,,,,False,
missing_in_database,match_games,"{""id"": 6121133}",,,,,,False,
missing_in_database,match_games,"{""id"": 6121134}",,,,,,False,
missing_in_database,match_games,"{""id"": 6121135}",,,,,,False,
missing_in_database,match_games,"{""id"": 6121136}",,,,,,False,
missing_in_database,match_games,"{""id"": 6121137}",,,,,,False,
missing_in_database,match_games,"{""id"": 6121138}",,,,,,False,
missing_in_database,match_games,"{""id"": 6121139}",,,,,,False,
missing_in_database,match_games,"{""id"": 6121140}",,,,,,False,
missing_in_database,match_games,"{""id"": 6121141}",,,,,,False,
missing_in_database,match_games,"{""id"": 6121142}",,,,,,False,
missing_in_database,match_games,"{""id"": 6121143}",,,,,,False,
missing_in_database,match_games,"{""id"": 6121144}",,,,,,False,
missing_in_database,match_games,"{""id"": 6121145}",,,,,,False,
missing_in_database,match_games,"{""id"": 6121146}",,,,,,False,
missing_in_database,match_games,"{""id"": 6121147}",,,,,,False,
missing_in_database,match_games,"{""id"": 6121148}",,,,,,False,
missing_in_database,match_games,"{""id"": 6121149}",,,,,,False,
missing_in_database,match_games,"{""id"": 6121150}",,,,,,False,
missing_in_database,match_games,"{""id"": 6121151}",,,,,,False,
missing_in_database,match_games,"{""id"": 6121152}",,,,,,False,
missing_in_database,match_games,"{""id"": 6121153}",,,,,,False,
missing_in_database,match_games,"{""id"": 6121154}",,,,,,False,
missing_in_database,match_games,"{""id"": 6121155}",,,,,,False,
missing_in_database,match_games,"{""id"": 6121156}",,,,,,False,
missing_in_database,match_games,"{""id"": 6121157}",,,,,,False,
missing_in_database,match_games,"{""id"": 6121158}",,,,,,False,
missing_in_database,match_games,"{""id"": 6121159}",,,,,,False,
missing_in_database,match_games,"{""id"": 6121160}",,,,,,False,
missing_in_database,match_games,"{""id"": 6121161}",,,,,,False,
missing_in_database,match_games,"{""id"": 6121162}",,,,,,False,
missing_in_database,match_games,"{""id"": 6121163}",,,,,,False,
missing_in_database,match_games,"{""id"": 6121164}",,,,,,False,
missing_in_database,match_games,"{""id"": 6121165}",,,,,,False,
missing_in_database,match_games,"{""id"": 6121166}",,,,,,False,
missing_in_database,match_games,"{""id"": 6121167}",,,,,,False,
missing_in_database,match_games,"{""id"": 6121168}",,,,,,False,
missing_in_database,match_games,"{""id"": 6121169}",,,,,,False,
missing_in_database,match_games,"{""id"": 6121170}",,,,,,False,
missing_in_database,match_games,"{""id"": 6121171}",,,,,,False,
missing_in_database,match_games,"{""id"": 6121172}",,,,,,False,
missing_in_database,match_games,"{""id"": 6121173}",,,,,,False,
missing_in_database,match_games,"{""id"": 6121174}",,,,,,False,
missing_in_database,match_games,"{""id"": 6121175}",,,,,,False,
missing_in_database,match_games,"{""id"": 6121176}",,,,,,False,
missing_in_database,match_games,"{""id"": 6121177}",,,,,,False,
missing_in_database,match_games,"{""id"": 6121178}",,,,,,False,
missing_in_database,match_games,"{""id"": 6121179}",,,,,,False,
missing_in_database,match_games,"{""id"": 6121180}",,,,,,False,
missing_in_database,match_games,"{""id"": 6121181}",,,,,,False,
missing_in_database,match_games,"{""id"": 6121182}",,,,,,False,
missing_in_database,match_games,"{""id"": 6121183}",,,,,,False,
missing_in_database,match_games,"{""id"": 6121184}",,,,,,False,
missing_in_database,match_games,"{""id"": 6121185}",,,,,,False,
missing_in_database,match_games,"{""id"": 6121186}",,,,,,False,
missing_in_database,match_games,"{""id"": 6121187}",,,,,,False,
missing_in_database,match_games,"{""id"": 6121188}",,,,,,False,
missing_in_database,match_games,"{""id"": 6121189}",,,,,,False,
missing_in_database,match_games,"{""id"": 6121190}",,,,,,False,
missing_in_database,match_games,"{""id"": 6121191}",,,,,,False,
missing_in_database,match_games,"{""id"": 6121192}",,,,,,False,
missing_in_database,match_games,"{""id"": 6121193}",,,,,,False,
missing_in_database,match_games,"{""id"": 6121194}",,,,,,False,
missing_in_database,match_games,"{""id"": 6121195}",,,,,,False,
missing_in_database,match_games,"{""id"": 6121196}",,,,,,False,
missing_in_database,match_games,"{""id"": 6121197}",,,,,,False,
missing_in_database,match_games,"{""id"": 6121198}",,,,,,False,
missing_in_database,match_games,"{""id"": 6121199}",,,,,,False,
missing_in_database,match_games,"{""id"": 6121200}",,,,,,False,
missing_in_database,match_games,"{""id"": 6121201}",,,,,,False,
missing_in_database,match_games,"{""id"": 6121202}",,,,,,False,
missing_in_database,match_games,"{""id"": 6121203}",,,,,,False,
missing_in_database,match_games,"{""id"": 6121204}",,,,,,False,
missing_in_database,match_games,"{""id"": 6121205}",,,,,,False,
missing_in_database,match_games,"{""id"": 6121206}",,,,,,False,
missing_in_database,match_games,"{""id"": 6121207}",,,,,,False,
missing_in_database,match_games,"{""id"": 6121208}",,,,,,False,
missing_in_database,match_games,"{""id"": 6121209}",,,,,,False,
missing_in_database,match_games,"{""id"": 6121210}",,,,,,False,
missing_in_database,match_games,"{""id"": 6121211}",,,,,,False,
missing_in_database,match_games,"{""id"": 6121212}",,,,,,False,
missing_in_database,match_games,"{""id"": 6121213}",,,,,,False,
missing_in_database,match_games,"{""id"": 6121214}",,,,,,False,
missing_in_database,match_games,"{""id"": 6121215}",,,,,,False,
missing_in_database,match_games,"{""id"": 6121216}",,,,,,False,
missing_in_database,match_games,"{""id"": 6121217}",,,,,,False,
missing_in_database,match_games,"{""id"": 6121218}",,,,,,False,
missing_in_database,match_games,"{""id"": 6121219}",,,,,,False,
missing_in_database,match_games,"{""id"": 6121220}",,,,,,False,
missing_in_database,match_games,"{""id"": 6121221}",,,,,,False,
missing_in_database,match_games,"{""id"": 6121222}",,,,,,False,
missing_in_database,match_games,"{""id"": 6121223}",,,,,,False,
missing_in_database,match_games,"{""id"": 6121224}",,,,,,False,
missing_in_database,match_games,"{""id"": 6121225}",,,,,,False,
missing_in_database,match_games,"{""id"": 6121226}",,,,,,False,
missing_in_database,match_games,"{""id"": 6121227}",,,,,,False,
missing_in_database,match_games,"{""id"": 6121228}",,,,,,False,
missing_in_database,match_games,"{""id"": 6121229}",,,,,,False,
missing_in_database,match_games,"{""id"": 6121230}",,,,,,False,
missing_in_database,match_games,"{""id"": 6121231}",,,,,,False,
missing_in_database,match_games,"{""id"": 6121232}",,,,,,False,
missing_in_database,match_games,"{""id"": 6121233}",,,,,,False,
missing_in_database,match_games,"{""id"": 6121234}",,,,,,False,
missing_in_database,match_games,"{""id"": 6121235}",,,,,,False,
missing_in_database,match_games,"{""id"": 6121236}",,,,,,False,
missing_in_database,match_games,"{""id"": 6121237}",,,,,,False,
missing_in_database,match_games,"{""id"": 6121238}",,,,,,False,
missing_in_database,match_games,"{""id"": 6121239}",,,,,,False,
missing_in_database,match_games,"{""id"": 6121240}",,,,,,False,
missing_in_database,match_games,"{""id"": 6121241}",,,,,,False,
missing_in_database,match_games,"{""id"": 6121242}",,,,,,False,
missing_in_database,match_games,"{""id"": 6121243}",,,,,,False,
missing_in_database,match_games,"{""id"": 6121244}",,,,,,False,
missing_in_database,match_games,"{""id"": 6121245}",,,,,,False,
missing_in_database,match_games,"{""id"": 6121246}",,,,,,False,
missing_in_database,match_games,"{""id"": 6121247}",,,,,,False,
missing_in_database,match_games,"{""id"": 6121248}",,,,,,False,
missing_in_database,match_games,"{""id"": 6121249}",,,,,,False,
missing_in_database,match_games,"{""id"": 6121250}",,,,,,False,
missing_in_database,match_games,"{""id"": 6121251}",,,,,,False,
missing_in_database,match_games,"{""id"": 6121252}",,,,,,False,
missing_in_database,match_games,"{""id"": 6121253}",,,,,,False,
missing_in_database,match_games,"{""id"": 6121254}",,,,,,False,
missing_in_database,match_games,"{""id"": 6121255}",,,,,,False,
missing_in_database,match_games,"{""id"": 6121256}",,,,,,False,
missing_in_database,match_games,"{""id"": 6121257}",,,,,,False,
missing_in_database,match_games,"{""id"": 6121258}",,,,,,False,
missing_in_database,match_games,"{""id"": 6121259}",,,,,,False,
missing_in_database,match_games,"{""id"": 6121260}",,,,,,False,
missing_in_database,match_games,"{""id"": 6121261}",,,,,,False,
missing_in_database,match_games,"{""id"": 6121262}",,,,,,False,
missing_in_database,match_games,"{""id"": 6121263}",,,,,,False,
missing_in_database,match_games,"{""id"": 6121264}",,,,,,False,
missing_in_database,match_games,"{""id"": 6121265}",,,,,,False,
missing_in_database,match_games,"{""id"": 6121266}",,,,,,False,
missing_in_database,match_games,"{""id"": 6121267}",,,,,,False,
missing_in_database,match_games,"{""id"": 6121268}",,,,,,False,
missing_in_database,match_games,"{""id"": 6121269}",,,,,,False,
missing_in_database,match_games,"{""id"": 6121270}",,,,,,False,
missing_in_database,match_games,"{""id"": 6121271}",,,,,,False,
missing_in_database,match_games,"{""id"": 6121272}",,,,,,False,
missing_in_database,match_games,"{""id"": 6121273}",,,,,,False,
missing_in_database,match_games,"{""id"": 6121274}",,,,,,False,
missing_in_database,match_games,"{""id"": 6121275}",,,,,,False,
missing_in_database,match_games,"{""id"": 6121276}",,,,,,False,
missing_in_database,match_games,"{""id"": 6121277}",,,,,,False,
missing_in_database,match_games,"{""id"": 6121278}",,,,,,False,
missing_in_database,match_games,"{""id"": 6121279}",,,,,,False,
missing_in_database,match_games,"{""id"": 6121280}",,,,,,False,
missing_in_database,match_games,"{""id"": 6121281}",,,,,,False,
missing_in_database,match_games,"{""id"": 6121282}",,,,,,False,
missing_in_database,match_games,"{""id"": 6121283}",,,,,,False,
missing_in_database,match_games,"{""id"": 6121284}",,,,,,False,
missing_in_database,match_games,"{""id"": 6121285}",,,,,,False,
missing_in_database,match_games,"{""id"": 6121286}",,,,,,False,
missing_in_database,match_games,"{""id"": 6121287}",,,,,,False,
missing_in_database,match_games,"{""id"": 6121288}",,,,,,False,
missing_in_database,match_games,"{""id"": 6121289}",,,,,,False,
missing_in_database,match_games,"{""id"": 6121290}",,,,,,False,
missing_in_database,match_games,"{""id"": 6121291}",,,,,,False,
missing_in_database,match_games,"{""id"": 6121292}",,,,,,False,
missing_in_database,match_games,"{""id"": 6121293}",,,,,,False,
missing_in_database,match_games,"{""id"": 6121294}",,,,,,False,
missing_in_database,match_games,"{""id"": 6121295}",,,,,,False,
missing_in_database,match_games,"{""id"": 6121296}",,,,,,False,
missing_in_database,match_games,"{""id"": 6121297}",,,,,,False,
missing_in_database,match_games,"{""id"": 6121298}",,,,,,False,
missing_in_database,match_games,"{""id"": 6121299}",,,,,,False,
missing_in_database,match_games,"{""id"": 6121300}",,,,,,False,
missing_in_database,match_games,"{""id"": 6121301}",,,,,,False,
missing_in_database,match_games,"{""id"": 6121302}",,,,,,False,
missing_in_database,match_games,"{""id"": 6121303}",,,,,,False,
missing_in_database,match_games,"{""id"": 6121304}",,,,,,False,
missing_in_database,match_games,"{""id"": 6121305}",,,,,,False,
missing_in_database,match_games,"{""id"": 6121306}",,,,,,False,
missing_in_database,match_games,"{""id"": 6121307}",,,,,,False,
missing_in_database,match_games,"{""id"": 6121308}",,,,,,False,
missing_in_database,match_games,"{""id"": 6121309}",,,,,,False,
missing_in_database,match_games,"{""id"": 6121310}",,,,,,False,
missing_in_database,match_games,"{""id"": 6121311}",,,,,,False,
missing_in_database,match_games,"{""id"": 6121312}",,,,,,False,
missing_in_database,match_games,"{""id"": 6121313}",,,,,,False,
missing_in_database,match_games,"{""id"": 6121314}",,,,,,False,
missing_in_database,match_games,"{""id"": 6121315}",,,,,,False,
missing_in_database,match_games,"{""id"": 6121316}",,,,,,False,
missing_in_database,match_games,"{""id"": 6121317}",,,,,,False,
missing_in_database,match_games,"{""id"": 6121318}",,,,,,False,
missing_in_database,match_games,"{""id"": 6121319}",,,,,,False,
missing_in_database,match_games,"{""id"": 6121320}",,,,,,False,
missing_in_database,match_games,"{""id"": 6121321}",,,,,,False,
missing_in_database,match_games,"{""id"": 6121322}",,,,,,False,
missing_in_database,match_games,"{""id"": 6121323}",,,,,,False,
missing_in_database,match_games,"{""id"": 6121324}",,,,,,False,
missing_in_database,match_games,"{""id"": 6121325}",,,,,,False,
missing_in_database,match_games,"{""id"": 6121326}",,,,,,False,
missing_in_database,match_games,"{""id"": 6121327}",,,,,,False,
missing_in_database,match_games,"{""id"": 6121328}",,,,,,False,
missing_in_database,match_games,"{""id"": 6121329}",,,,,,False,
missing_in_database,match_games,"{""id"": 6121330}",,,,,,False,
missing_in_database,match_games,"{""id"": 6121331}",,,,,,False,
missing_in_database,match_games,"{""id"": 6121332}",,,,,,False,
missing_in_database,match_games,"{""id"": 6121333}",,,,,,False,
missing_in_database,match_games,"{""id"": 6121334}",,,,,,False,
missing_in_database,match_games,"{""id"": 6121335}",,,,,,False,
missing_in_database,match_games,"{""id"": 6121336}",,,,,,False,
missing_in_database,match_games,"{""id"": 6121337}",,,,,,False,
missing_in_database,match_games,"{""id"": 6121338}",,,,,,False,
missing_in_database,match_games,"{""id"": 6121339}",,,,,,False,
missing_in_database,match_games,"{""id"": 6121340}",,,,,,False,
missing_in_database,match_games,"{""id"": 6121341}",,,,,,False,
missing_in_database,match_games,"{""id"": 6121342}",,,,,,False,
missing_in_database,match_games,"{""id"": 6121343}",,,,,,False,
missing_in_database,match_games,"{""id"": 6121344}",,,,,,False,
missing_in_database,match_games,"{""id"": 6121345}",,,,,,False,
missing_in_database,match_games,"{""id"": 6121346}",,,,,,False,
missing_in_database,match_games,"{""id"": 6121347}",,,,,,False,
missing_in_database,match_games,"{""id"": 6121348}",,,,,,False,
missing_in_database,match_games,"{""id"": 6121349}",,,,,,False,
missing_in_database,match_games,"{""id"": 6121350}",,,,,,False,
missing_in_database,match_games,"{""id"": 6121351}",,,,,,False,
missing_in_database,match_games,"{""id"": 6121352}",,,,,,False,
missing_in_database,match_games,"{""id"": 6121353}",,,,,,False,
missing_in_database,match_games,"{""id"": 6121354}",,,,,,False,
missing_in_database,match_games,"{""id"": 6121355}",,,,,,False,
missing_in_database,match_games,"{""id"": 6121356}",,,,,,False,
missing_in_database,match_games,"{""id"": 6121357}",,,,,,False,
missing_in_database,match_games,"{""id"": 6121358}",,,,,,False,
missing_in_database,match_games,"{""id"": 6121359}",,,,,,False,
missing_in_database,match_games,"{""id"": 6121360}",,,,,,False,
missing_in_database,match_games,"{""id"": 6121361}",,,,,,False,
missing_in_database,match_games,"{""id"": 6121362}",,,,,,False,
missing_in_database,match_games,"{""id"": 6121363}",,,,,,False,
missing_in_database,match_games,"{""id"": 6121364}",,,,,,False,
missing_in_database,match_games,"{""id"": 6121365}",,,,,,False,
missing_in_database,match_games,"{""id"": 6121366}",,,,,,False,
missing_in_database,match_games,"{""id"": 6121367}",,,,,,False,
missing_in_database,match_games,"{""id"": 6121368}",,,,,,False,
missing_in_database,match_games,"{""id"": 6121369}",,,,,,False,
missing_in_database,match_games,"{""id"": 6121370}",,,,,,False,
missing_in_database,match_games,"{""id"": 6121371}",,,,,,False,
missing_in_database,match_games,"{""id"": 6121372}",,,,,,False,
missing_in_database,match_games,"{""id"": 6121373}",,,,,,False,
missing_in_database,match_games,"{""id"": 6121374}",,,,,,False,
missing_in_database,match_games,"{""id"": 6121375}",,,,,,False,
missing_in_database,match_games,"{""id"": 6121376}",,,,,,False,
missing_in_database,match_games,"{""id"": 6121377}",,,,,,False,
missing_in_database,match_games,"{""id"": 6121378}",,,,,,False,
missing_in_database,match_games,"{""id"": 6121379}",,,,,,False,
missing_in_database,match_games,"{""id"": 6121380}",,,,,,False,
missing_in_database,match_games,"{""id"": 6121381}",,,,,,False,
missing_in_database,match_games,"{""id"": 6121382}",,,,,,False,
missing_in_database,match_games,"{""id"": 6121383}",,,,,,False,
missing_in_database,match_games,"{""id"": 6121384}",,,,,,False,
missing_in_database,match_games,"{""id"": 6121385}",,,,,,False,
missing_in_database,match_games,"{""id"": 6121386}",,,,,,False,
missing_in_database,match_games,"{""id"": 6121387}",,,,,,False,
missing_in_database,match_games,"{""id"": 6121388}",,,,,,False,
missing_in_database,match_games,"{""id"": 6121389}",,,,,,False,
missing_in_database,match_games,"{""id"": 6121390}",,,,,,False,
missing_in_database,match_games,"{""id"": 6121391}",,,,,,False,
missing_in_database,match_games,"{""id"": 6121392}",,,,,,False,
missing_in_database,match_games,"{""id"": 6121393}",,,,,,False,
missing_in_database,match_games,"{""id"": 6121394}",,,,,,False,
missing_in_database,match_games,"{""id"": 6121395}",,,,,,False,
missing_in_database,match_games,"{""id"": 6121396}",,,,,,False,
missing_in_database,match_games,"{""id"": 6121397}",,,,,,False,
missing_in_database,match_games,"{""id"": 6121398}",,,,,,False,
missing_in_database,match_games,"{""id"": 6121399}",,,,,,False,
missing_in_database,match_games,"{""id"": 6121400}",,,,,,False,
missing_in_database,match_games,"{""id"": 6121401}",,,,,,False,
missing_in_database,match_games,"{""id"": 6121402}",,,,,,False,
missing_in_database,match_games,"{""id"": 6121403}",,,,,,False,
missing_in_database,match_games,"{""id"": 6121404}",,,,,,False,
missing_in_database,match_games,"{""id"": 6121405}",,,,,,False,
missing_in_database,match_games,"{""id"": 6121406}",,,,,,False,
missing_in_database,match_games,"{""id"": 6121407}",,,,,,False,
missing_in_database,match_games,"{""id"": 6121408}",,,,,,False,
missing_in_database,match_games,"{""id"": 6121409}",,,,,,False,
missing_in_database,match_games,"{""id"": 6121410}",,,,,,False,
missing_in_database,match_games,"{""id"": 6121411}",,,,,,False,
missing_in_database,match_games,"{""id"": 6121412}",,,,,,False,
missing_in_database,match_games,"{""id"": 6121413}",,,,,,False,
missing_in_database,match_games,"{""id"": 6121414}",,,,,,False,
missing_in_database,match_games,"{""id"": 6121415}",,,,,,False,
missing_in_database,match_games,"{""id"": 6121416}",,,,,,False,
missing_in_database,match_games,"{""id"": 6121417}",,,,,,False,
missing_in_database,match_games,"{""id"": 6121418}",,,,,,False,
missing_in_database,match_games,"{""id"": 6121419}",,,,,,False,
missing_in_database,match_games,"{""id"": 6121420}",,,,,,False,
missing_in_database,match_games,"{""id"": 6121421}",,,,,,False,
missing_in_database,match_games,"{""id"": 6121422}",,,,,,False,
missing_in_database,match_games,"{""id"": 6121423}",,,,,,False,
missing_in_database,match_games,"{""id"": 6121424}",,,,,,False,
missing_in_database,match_games,"{""id"": 6121425}",,,,,,False,
missing_in_database,match_games,"{""id"": 6121426}",,,,,,False,
missing_in_database,match_games,"{""id"": 6121427}",,,,,,False,
missing_in_database,match_games,"{""id"": 6121428}",,,,,,False,
missing_in_database,match_games,"{""id"": 6121429}",,,,,,False,
missing_in_database,match_games,"{""id"": 6121430}",,,,,,False,
missing_in_database,match_games,"{""id"": 6121431}",,,,,,False,
missing_in_database,match_games,"{""id"": 6121432}",,,,,,False,
missing_in_database,match_games,"{""id"": 6121433}",,,,,,False,
missing_in_database,match_games,"{""id"": 6121434}",,,,,,False,
missing_in_database,match_games,"{""id"": 6121435}",,,,,,False,
missing_in_database,match_games,"{""id"": 6121436}",,,,,,False,
missing_in_database,match_games,"{""id"": 6121437}",,,,,,False,
missing_in_database,match_games,"{""id"": 6121438}",,,,,,False,
missing_in_database,match_games,"{""id"": 6121439}",,,,,,False,
missing_in_database,match_games,"{""id"": 6121440}",,,,,,False,
missing_in_database,match_games,"{""id"": 6121441}",,,,,,False,
missing_in_database,match_games,"{""id"": 6121442}",,,,,,False,
missing_in_database,match_games,"{""id"": 6121443}",,,,,,False,
missing_in_database,match_games,"{""id"": 6121444}",,,,,,False,
missing_in_database,match_games,"{""id"": 6121445}",,,,,,False,
missing_in_database,match_games,"{""id"": 6121446}",,,,,,False,
missing_in_database,match_games,"{""id"": 6121447}",,,,,,False,
missing_in_database,match_games,"{""id"": 6121448}",,,,,,False,
missing_in_database,match_games,"{""id"": 6121449}",,,,,,False,
missing_in_database,match_games,"{""id"": 6121450}",,,,,,False,
missing_in_database,match_games,"{""id"": 6121451}",,,,,,False,
missing_in_database,match_games,"{""id"": 6121452}",,,,,,False,
missing_in_database,match_games,"{""id"": 6121453}",,,,,,False,
missing_in_database,match_games,"{""id"": 6121454}",,,,,,False,
missing_in_database,match_games,"{""id"": 6121455}",,,,,,False,
missing_in_database,match_games,"{""id"": 6121456}",,,,,,False,
missing_in_database,match_games,"{""id"": 6121457}",,,,,,False,
missing_in_database,match_games,"{""id"": 6121458}",,,,,,False,
missing_in_database,match_games,"{""id"": 6121459}",,,,,,False,
missing_in_database,match_games,"{""id"": 6121460}",,,,,,False,
missing_in_database,match_games,"{""id"": 6121461}",,,,,,False,
missing_in_database,match_games,"{""id"": 6121462}",,,,,,False,
missing_in_database,match_games,"{""id"": 6121463}",,,,,,False,
missing_in_database,match_games,"{""id"": 6121464}",,,,,,False,
missing_in_database,match_games,"{""id"": 6121465}",,,,,,False,
missing_in_database,match_games,"{""id"": 6121466}",,,,,,False,
missing_in_database,match_games,"{""id"": 6121467}",,,,,,False,
missing_in_database,match_games,"{""id"": 6121468}",,,,,,False,
missing_in_database,match_games,"{""id"": 6121469}",,,,,,False,
missing_in_database,match_games,"{""id"": 6121470}",,,,,,False,
missing_in_database,match_games,"{""id"": 6121471}",,,,,,False,
missing_in_database,match_games,"{""id"": 6121472}",,,,,,False,
missing_in_database,match_games,"{""id"": 6121473}",,,,,,False,
missing_in_database,match_games,"{""id"": 6121474}",,,,,,False,
missing_in_database,match_games,"{""id"": 6121475}",,,,,,False,
missing_in_database,match_games,"{""id"": 6121476}",,,,,,False,
missing_in_database,match_games,"{""id"": 6121477}",,,,,,False,
missing_in_database,match_games,"{""id"": 6121478}",,,,,,False,
missing_in_database,match_games,"{""id"": 6121479}",,,,,,False,
missing_in_database,match_games,"{""id"": 6121480}",,,,,,False,
missing_in_database,match_games,"{""id"": 6121481}",,,,,,False,
missing_in_database,match_games,"{""id"": 6121482}",,,,,,False,
missing_in_database,match_games,"{""id"": 6121483}",,,,,,False,
missing_in_database,match_games,"{""id"": 6121484}",,,,,,False,
missing_in_database,match_games,"{""id"": 6121485}",,,,,,False,
missing_in_database,match_games,"{""id"": 6121486}",,,,,,False,
missing_in_database,match_games,"{""id"": 6121487}",,,,,,False,
missing_in_database,match_games,"{""id"": 6121488}",,,,,,False,
missing_in_database,match_games,"{""id"": 6121489}",,,,,,False,
missing_in_database,match_games,"{""id"": 6121490}",,,,,,False,
missing_in_database,match_games,"{""id"": 6121491}",,,,,,False,
missing_in_database,match_games,"{""id"": 6121492}",,,,,,False,
missing_in_database,match_games,"{""id"": 6121493}",,,,,,False,
missing_in_database,match_games,"{""id"": 6121494}",,,,,,False,
missing_in_database,match_games,"{""id"": 6121495}",,,,,,False,
missing_in_database,match_games,"{""id"": 6121496}",,,,,,False,
missing_in_database,match_games,"{""id"": 6121497}",,,,,,False,
missing_in_database,match_games,"{""id"": 6121498}",,,,,,False,
missing_in_database,match_games,"{""id"": 6121499}",,,,,,False,
missing_in_database,match_games,"{""id"": 6121500}",,,,,,False,
missing_in_database,match_games,"{""id"": 6121501}",,,,,,False,
missing_in_database,match_games,"{""id"": 6121502}",,,,,,False,
missing_in_database,match_games,"{""id"": 6121503}",,,,,,False,
missing_in_database,match_games,"{""id"": 6121504}",,,,,,False,
missing_in_database,match_games,"{""id"": 6121505}",,,,,,False,
missing_in_database,match_games,"{""id"": 6121506}",,,,,,False,
missing_in_database,match_games,"{""id"": 6121507}",,,,,,False,
missing_in_database,match_games,"{""id"": 6121508}",,,,,,False,
missing_in_database,match_games,"{""id"": 6121509}",,,,,,False,
missing_in_database,match_games,"{""id"": 6121510}",,,,,,False,
missing_in_database,match_games,"{""id"": 6121511}",,,,,,False,
missing_in_database,match_games,"{""id"": 6121512}",,,,,,False,
missing_in_database,match_games,"{""id"": 6121513}",,,,,,False,
missing_in_database,match_games,"{""id"": 6121514}",,,,,,False,
missing_in_database,match_games,"{""id"": 6121515}",,,,,,False,
missing_in_database,match_games,"{""id"": 6121516}",,,,,,False,
missing_in_database,match_games,"{""id"": 6121517}",,,,,,False,
missing_in_database,match_games,"{""id"": 6121518}",,,,,,False,
missing_in_database,match_games,"{""id"": 6121519}",,,,,,False,
missing_in_database,match_games,"{""id"": 6121520}",,,,,,False,
missing_in_database,match_games,"{""id"": 6121521}",,,,,,False,
missing_in_database,match_games,"{""id"": 6121522}",,,,,,False,
missing_in_database,match_games,"{""id"": 6121523}",,,,,,False,
missing_in_database,match_games,"{""id"": 6121524}",,,,,,False,
missing_in_database,match_games,"{""id"": 6121525}",,,,,,False,
missing_in_database,match_games,"{""id"": 6121526}",,,,,,False,
missing_in_database,match_games,"{""id"": 6121527}",,,,,,False,
missing_in_database,match_games,"{""id"": 6121528}",,,,,,False,
missing_in_database,match_games,"{""id"": 6121529}",,,,,,False,
missing_in_database,match_games,"{""id"": 6121530}",,,,,,False,
missing_in_database,match_games,"{""id"": 6121531}",,,,,,False,
missing_in_database,match_games,"{""id"": 6121532}",,,,,,False,
missing_in_database,match_games,"{""id"": 6121533}",,,,,,False,
missing_in_database,match_games,"{""id"": 6121534}",,,,,,False,
missing_in_database,match_games,"{""id"": 6121535}",,,,,,False,
missing_in_database,match_games,"{""id"": 6121536}",,,,,,False,
missing_in_database,match_games,"{""id"": 6121537}",,,,,,False,
missing_in_database,match_games,"{""id"": 6121538}",,,,,,False,
missing_in_database,match_games,"{""id"": 6121539}",,,,,,False,
missing_in_database,match_games,"{""id"": 6121540}",,,,,,False,
missing_in_database,match_games,"{""id"": 6121541}",,,,,,False,
missing_in_database,match_games,"{""id"": 6121542}",,,,,,False,
missing_in_database,match_games,"{""id"": 6121543}",,,,,,False,
missing_in_database,match_games,"{""id"": 6121544}",,,,,,False,
missing_in_database,match_games,"{""id"": 6121545}",,,,,,False,
missing_in_database,match_games,"{""id"": 6121546}",,,,,,False,
missing_in_database,match_games,"{""id"": 6121547}",,,,,,False,
missing_in_database,match_games,"{""id"": 6121548}",,,,,,False,
missing_in_database,match_games,"{""id"": 6121549}",,,,,,False,
missing_in_database,match_games,"{""id"": 6121550}",,,,,,False,
missing_in_database,match_games,"{""id"": 6121551}",,,,,,False,
missing_in_database,match_games,"{""id"": 6121552}",,,,,,False,
missing_in_database,match_games,"{""id"": 6121553}",,,,,,False,
missing_in_database,match_games,"{""id"": 6121554}",,,,,,False,
missing_in_database,match_games,"{""id"": 6121555}",,,,,,False,
missing_in_database,match_games,"{""id"": 6121556}",,,,,,False,
missing_in_database,match_games,"{""id"": 6121557}",,,,,,False,
missing_in_database,match_games,"{""id"": 6121558}",,,,,,False,
missing_in_database,match_games,"{""id"": 6121559}",,,,,,False,
missing_in_database,match_games,"{""id"": 6121560}",,,,,,False,
missing_in_database,match_games,"{""id"": 6121561}",,,,,,False,
missing_in_database,match_games,"{""id"": 6121562}",,,,,,False,
missing_in_database,match_games,"{""id"": 6121563}",,,,,,False,
missing_in_database,match_games,"{""id"": 6121564}",,,,,,False,
missing_in_database,match_games,"{""id"": 6121565}",,,,,,False,
missing_in_database,match_games,"{""id"": 6121566}",,,,,,False,
missing_in_database,match_games,"{""id"": 6121567}",,,,,,False,
missing_in_database,match_games,"{""id"": 6121568}",,,,,,False,
missing_in_database,match_games,"{""id"": 6121569}",,,,,,False,
missing_in_database,match_games,"{""id"": 6121570}",,,,,,False,
missing_in_database,match_games,"{""id"": 6121571}",,,,,,False,
missing_in_database,match_games,"{""id"": 6121572}",,,,,,False,
missing_in_database,match_games,"{""id"": 6121573}",,,,,,False,
missing_in_database,match_games,"{""id"": 6121574}",,,,,,False,
missing_in_database,match_games,"{""id"": 6121575}",,,,,,False,
missing_in_database,match_games,"{""id"": 6121576}",,,,,,False,
missing_in_database,match_games,"{""id"": 6121577}",,,,,,False,
missing_in_database,match_games,"{""id"": 6121578}",,,,,,False,
missing_in_database,match_games,"{""id"": 6121579}",,,,,,False,
missing_in_database,match_games,"{""id"": 6121580}",,,,,,False,
missing_in_database,match_games,"{""id"": 6121581}",,,,,,False,
missing_in_database,match_games,"{""id"": 6121582}",,,,,,False,
missing_in_database,match_games,"{""id"": 6121583}",,,,,,False,
missing_in_database,match_games,"{""id"": 6121584}",,,,,,False,
missing_in_database,match_games,"{""id"": 6121585}",,,,,,False,
missing_in_database,match_games,"{""id"": 6121586}",,,,,,False,
missing_in_database,match_games,"{""id"": 6121587}",,,,,,False,
missing_in_database,match_games,"{""id"": 6121588}",,,,,,False,
missing_in_database,match_games,"{""id"": 6121589}",,,,,,False,
missing_in_database,match_games,"{""id"": 6121590}",,,,,,False,
missing_in_database,match_games,"{""id"": 6121591}",,,,,,False,
missing_in_database,match_games,"{""id"": 6121592}",,,,,,False,
missing_in_database,match_games,"{""id"": 6121593}",,,,,,False,
missing_in_database,match_games,"{""id"": 6121594}",,,,,,False,
missing_in_database,match_games,"{""id"": 6121595}",,,,,,False,
missing_in_database,match_games,"{""id"": 6121596}",,,,,,False,
missing_in_database,match_games,"{""id"": 6121597}",,,,,,False,
missing_in_database,match_games,"{""id"": 6121598}",,,,,,False,
missing_in_database,match_games,"{""id"": 6121599}",,,,,,False,
missing_in_database,match_games,"{""id"": 6121600}",,,,,,False,
missing_in_database,match_games,"{""id"": 6121601}",,,,,,False,
missing_in_database,match_games,"{""id"": 6121602}",,,,,,False,
missing_in_database,match_games,"{""id"": 6121603}",,,,,,False,
missing_in_database,match_games,"{""id"": 6121604}",,,,,,False,
missing_in_database,match_games,"{""id"": 6121605}",,,,,,False,
missing_in_database,match_games,"{""id"": 6121606}",,,,,,False,
missing_in_database,match_games,"{""id"": 6121607}",,,,,,False,
missing_in_database,match_games,"{""id"": 6121608}",,,,,,False,
missing_in_database,match_games,"{""id"": 6121609}",,,,,,False,
missing_in_database,match_games,"{""id"": 6121610}",,,,,,False,
missing_in_database,match_games,"{""id"": 6121611}",,,,,,False,
missing_in_database,match_games,"{""id"": 6121612}",,,,,,False,
missing_in_database,match_games,"{""id"": 6121613}",,,,,,False,
missing_in_database,match_games,"{""id"": 6121614}",,,,,,False,
missing_in_database,match_games,"{""id"": 6121615}",,,,,,False,
missing_in_database,match_games,"{""id"": 6121616}",,,,,,False,
missing_in_database,match_games,"{""id"": 6121617}",,,,,,False,
missing_in_database,match_games,"{""id"": 6121618}",,,,,,False,
missing_in_database,match_games,"{""id"": 6121619}",,,,,,False,
missing_in_database,match_games,"{""id"": 6121620}",,,,,,False,
missing_in_database,match_games,"{""id"": 6121621}",,,,,,False,
missing_in_database,match_games,"{""id"": 6121622}",,,,,,False,
missing_in_database,match_games,"{""id"": 6121623}",,,,,,False,
missing_in_database,match_games,"{""id"": 6121624}",,,,,,False,
missing_in_database,match_games,"{""id"": 6121625}",,,,,,False,
missing_in_database,match_games,"{""id"": 6121626}",,,,,,False,
missing_in_database,match_games,"{""id"": 6121627}",,,,,,False,
missing_in_database,match_games,"{""id"": 6121628}",,,,,,False,
missing_in_database,match_games,"{""id"": 6121629}",,,,,,False,
missing_in_database,match_games,"{""id"": 6121630}",,,,,,False,
missing_in_database,match_games,"{""id"": 6121631}",,,,,,False,
missing_in_database,match_games,"{""id"": 6121632}",,,,,,False,
missing_in_database,match_games,"{""id"": 6121633}",,,,,,False,
missing_in_database,match_games,"{""id"": 6121634}",,,,,,False,
missing_in_database,match_games,"{""id"": 6121635}",,,,,,False,
missing_in_database,match_games,"{""id"": 6121636}",,,,,,False,
missing_in_database,match_games,"{""id"": 6121637}",,,,,,False,
missing_in_database,match_games,"{""id"": 6121638}",,,,,,False,
missing_in_database,match_games,"{""id"": 6121639}",,,,,,False,
missing_in_database,match_games,"{""id"": 6121640}",,,,,,False,
missing_in_database,match_games,"{""id"": 6121641}",,,,,,False,
missing_in_database,match_games,"{""id"": 6121642}",,,,,,False,
missing_in_database,match_games,"{""id"": 6121643}",,,,,,False,
missing_in_database,match_games,"{""id"": 6121644}",,,,,,False,
missing_in_database,match_games,"{""id"": 6121645}",,,,,,False,
missing_in_database,match_games,"{""id"": 6121646}",,,,,,False,
missing_in_database,match_games,"{""id"": 6121647}",,,,,,False,
missing_in_database,match_games,"{""id"": 6121648}",,,,,,False,
missing_in_database,match_games,"{""id"": 6121649}",,,,,,False,
missing_in_database,match_games,"{""id"": 6121650}",,,,,,False,
missing_in_database,match_games,"{""id"": 6121651}",,,,,,False,
missing_in_database,match_games,"{""id"": 6121652}",,,,,,False,
missing_in_database,match_games,"{""id"": 6121653}",,,,,,False,
missing_in_database,match_games,"{""id"": 6121654}",,,,,,False,
missing_in_database,match_games,"{""id"": 6121655}",,,,,,False,
missing_in_database,match_games,"{""id"": 6121656}",,,,,,False,
missing_in_database,match_games,"{""id"": 6121657}",,,,,,False,
missing_in_database,match_games,"{""id"": 6121658}",,,,,,False,
missing_in_database,match_games,"{""id"": 6121659}",,,,,,False,
missing_in_database,match_games,"{""id"": 6121660}",,,,,,False,
missing_in_database,match_games,"{""id"": 6121661}",,,,,,False,
missing_in_database,match_games,"{""id"": 6121662}",,,,,,False,
missing_in_database,match_games,"{""id"": 6121663}",,,,,,False,
missing_in_database,match_games,"{""id"": 6121664}",,,,,,False,
missing_in_database,match_games,"{""id"": 6121665}",,,,,,False,
missing_in_database,match_games,"{""id"": 6121666}",,,,,,False,
missing_in_database,match_games,"{""id"": 6121667}",,,,,,False,
missing_in_database,match_games,"{""id"": 6121668}",,,,,,False,
missing_in_database,match_games,"{""id"": 6121669}",,,,,,False,
missing_in_database,match_games,"{""id"": 6121670}",,,,,,False,
missing_in_database,match_games,"{""id"": 6121671}",,,,,,False,
missing_in_database,match_games,"{""id"": 6121672}",,,,,,False,
missing_in_database,match_games,"{""id"": 6121673}",,,,,,False,
missing_in_database,match_games,"{""id"": 6121674}",,,,,,False,
missing_in_database,match_games,"{""id"": 6121675}",,,,,,False,
missing_in_database,match_games,"{""id"": 6121676}",,,,,,False,
missing_in_database,match_games,"{""id"": 6121677}",,,,,,False,
missing_in_database,match_games,"{""id"": 6121678}",,,,,,False,
missing_in_database,match_games,"{""id"": 6121679}",,,,,,False,
missing_in_database,match_games,"{""id"": 6121680}",,,,,,False,
missing_in_database,match_games,"{""id"": 6121681}",,,,,,False,
missing_in_database,match_games,"{""id"": 6121682}",,,,,,False,
missing_in_database,match_games,"{""id"": 6121683}",,,,,,False,
missing_in_database,match_games,"{""id"": 6121684}",,,,,,False,
missing_in_database,match_games,"{""id"": 6121685}",,,,,,False,
missing_in_database,match_games,"{""id"": 6121686}",,,,,,False,
missing_in_database,match_games,"{""id"": 6121687}",,,,,,False,
missing_in_database,match_games,"{""id"": 6121688}",,,,,,False,
missing_in_database,match_games,"{""id"": 6121689}",,,,,,False,
missing_in_database,match_games,"{""id"": 6121690}",,,,,,False,
missing_in_database,match_games,"{""id"": 6121691}",,,,,,False,
missing_in_database,match_games,"{""id"": 6121692}",,,,,,False,
missing_in_database,match_games,"{""id"": 6121693}",,,,,,False,
missing_in_database,match_games,"{""id"": 6121694}",,,,,,False,
missing_in_database,match_games,"{""id"": 6121695}",,,,,,False,
missing_in_database,match_games,"{""id"": 6121696}",,,,,,False,
missing_in_database,match_games,"{""id"": 6121697}",,,,,,False,
missing_in_database,match_games,"{""id"": 6121698}",,,,,,False,
missing_in_database,match_games,"{""id"": 6121699}",,,,,,False,
missing_in_database,match_games,"{""id"": 6121700}",,,,,,False,
missing_in_database,match_games,"{""id"": 6121701}",,,,,,False,
missing_in_database,match_games,"{""id"": 6121702}",,,,,,False,
missing_in_database,match_games,"{""id"": 6121703}",,,,,,False,
missing_in_database,match_games,"{""id"": 6121704}",,,,,,False,
missing_in_database,match_games,"{""id"": 6121705}",,,,,,False,
missing_in_database,match_games,"{""id"": 6121706}",,,,,,False,
missing_in_database,match_games,"{""id"": 6121707}",,,,,,False,
missing_in_database,match_games,"{""id"": 6121708}",,,,,,False,
missing_in_database,match_games,"{""id"": 6121709}",,,,,,False,
missing_in_database,match_games,"{""id"": 6121710}",,,,,,False,
missing_in_database,match_games,"{""id"": 6121711}",,,,,,False,
missing_in_database,match_games,"{""id"": 6121712}",,,,,,False,
missing_in_database,match_games,"{""id"": 6121713}",,,,,,False,
missing_in_database,match_games,"{""id"": 6121714}",,,,,,False,
missing_in_database,match_games,"{""id"": 6121715}",,,,,,False,
missing_in_database,match_games,"{""id"": 6121716}",,,,,,False,
missing_in_database,match_games,"{""id"": 6121717}",,,,,,False,
missing_in_database,match_games,"{""id"": 6121718}",,,,,,False,
missing_in_database,match_games,"{""id"": 6121719}",,,,,,False,
missing_in_database,match_games,"{""id"": 6121720}",,,,,,False,
missing_in_database,match_games,"{""id"": 6121721}",,,,,,False,
missing_in_database,match_games,"{""id"": 6121722}",,,,,,False,
missing_in_database,match_games,"{""id"": 6121723}",,,,,,False,
missing_in_database,match_games,"{""id"": 6121724}",,,,,,False,
missing_in_database,match_games,"{""id"": 6121725}",,,,,,False,
missing_in_database,match_games,"{""id"": 6121726}",,,,,,False,
missing_in_database,match_games,"{""id"": 6121727}",,,,,,False,
missing_in_database,match_games,"{""id"": 6121728}",,,,,,False,
missing_in_database,match_games,"{""id"": 6121729}",,,,,,False,
missing_in_database,match_games,"{""id"": 6121730}",,,,,,False,
missing_in_database,match_games,"{""id"": 6121731}",,,,,,False,
missing_in_database,match_games,"{""id"": 6121732}",,,,,,False,
missing_in_database,match_games,"{""id"": 6121733}",,,,,,False,
missing_in_database,match_games,"{""id"": 6121734}",,,,,,False,
missing_in_database,match_games,"{""id"": 6121735}",,,,,,False,
missing_in_database,match_games,"{""id"": 6121736}",,,,,,False,
missing_in_database,match_games,"{""id"": 6121737}",,,,,,False,
missing_in_database,match_games,"{""id"": 6121738}",,,,,,False,
missing_in_database,match_games,"{""id"": 6121739}",,,,,,False,
missing_in_database,match_games,"{""id"": 6121740}",,,,,,False,
missing_in_database,match_games,"{""id"": 6121741}",,,,,,False,
missing_in_database,match_games,"{""id"": 6121742}",,,,,,False,
missing_in_database,match_games,"{""id"": 6121743}",,,,,,False,
missing_in_database,match_games,"{""id"": 6121744}",,,,,,False,
missing_in_database,match_games,"{""id"": 6121745}",,,,,,False,
missing_in_database,match_games,"{""id"": 6121746}",,,,,,False,
missing_in_database,match_games,"{""id"": 6121747}",,,,,,False,
missing_in_database,match_games,"{""id"": 6121748}",,,,,,False,
missing_in_database,match_games,"{""id"": 6121749}",,,,,,False,
missing_in_database,match_games,"{""id"": 6121750}",,,,,,False,
missing_in_database,match_games,"{""id"": 6121751}",,,,,,False,
missing_in_database,match_games,"{""id"": 6121752}",,,,,,False,
missing_in_database,match_games,"{""id"": 6121753}",,,,,,False,
missing_in_database,match_games,"{""id"": 6121754}",,,,,,False,
missing_in_database,match_games,"{""id"": 6121755}",,,,,,False,
missing_in_database,match_games,"{""id"": 6121756}",,,,,,False,
missing_in_database,match_games,"{""id"": 6121757}",,,,,,False,
missing_in_database,match_games,"{""id"": 6121758}",,,,,,False,
missing_in_database,match_games,"{""id"": 6121759}",,,,,,False,
missing_in_database,match_games,"{""id"": 6121760}",,,,,,False,
missing_in_database,match_games,"{""id"": 6121761}",,,,,,False,
missing_in_database,match_games,"{""id"": 6121762}",,,,,,False,
missing_in_database,match_games,"{""id"": 6121763}",,,,,,False,
missing_in_database,match_games,"{""id"": 6121764}",,,,,,False,
missing_in_database,match_games,"{""id"": 6121765}",,,,,,False,
missing_in_database,match_games,"{""id"": 6121766}",,,,,,False,
missing_in_database,match_games,"{""id"": 6121767}",,,,,,False,
missing_in_database,match_games,"{""id"": 6121768}",,,,,,False,
missing_in_database,match_games,"{""id"": 6121769}",,,,,,False,
missing_in_database,match_games,"{""id"": 6121770}",,,,,,False,
missing_in_database,match_games,"{""id"": 6121771}",,,,,,False,
missing_in_database,match_games,"{""id"": 6121772}",,,,,,False,
missing_in_database,match_games,"{""id"": 6121773}",,,,,,False,
missing_in_database,match_games,"{""id"": 6121774}",,,,,,False,
missing_in_database,match_games,"{""id"": 6121775}",,,,,,False,
missing_in_database,match_games,"{""id"": 6121776}",,,,,,False,
missing_in_database,match_games,"{""id"": 6121777}",,,,,,False,
missing_in_database,match_games,"{""id"": 6121778}",,,,,,False,
missing_in_database,match_games,"{""id"": 6121779}",,,,,,False,
missing_in_database,match_games,"{""id"": 6121780}",,,,,,False,
missing_in_database,match_games,"{""id"": 6121781}",,,,,,False,
missing_in_database,match_games,"{""id"": 6121782}",,,,,,False,
missing_in_database,match_games,"{""id"": 6121783}",,,,,,False,
missing_in_database,match_games,"{""id"": 6121784}",,,,,,False,
missing_in_database,match_games,"{""id"": 6121785}",,,,,,False,
missing_in_database,match_games,"{""id"": 6121786}",,,,,,False,
missing_in_database,match_games,"{""id"": 6121787}",,,,,,False,
missing_in_database,match_games,"{""id"": 6121788}",,,,,,False,
missing_in_database,match_games,"{""id"": 6121789}",,,,,,False,
missing_in_database,match_games,"{""id"": 6121790}",,,,,,False,
missing_in_database,match_games,"{""id"": 6121791}",,,,,,False,
missing_in_database,match_games,"{""id"": 6121792}",,,,,,False,
missing_in_database,match_games,"{""id"": 6121793}",,,,,,False,
missing_in_database,match_games,"{""id"": 6121794}",,,,,,False,
missing_in_database,match_games,"{""id"": 6121795}",,,,,,False,
missing_in_database,match_games,"{""id"": 6121796}",,,,,,False,
missing_in_database,match_games,"{""id"": 6121797}",,,,,,False,
missing_in_database,match_games,"{""id"": 6121798}",,,,,,False,
missing_in_database,match_games,"{""id"": 6121799}",,,,,,False,
missing_in_database,match_games,"{""id"": 6121800}",,,,,,False,
missing_in_database,match_games,"{""id"": 6121801}",,,,,,False,
missing_in_database,match_games,"{""id"": 6121802}",,,,,,False,
missing_in_database,match_games,"{""id"": 6121803}",,,,,,False,
missing_in_database,match_games,"{""id"": 6121804}",,,,,,False,
missing_in_database,match_games,"{""id"": 6121805}",,,,,,False,
missing_in_database,match_games,"{""id"": 6121806}",,,,,,False,
missing_in_database,match_games,"{""id"": 6121807}",,,,,,False,
missing_in_database,match_games,"{""id"": 6121808}",,,,,,False,
missing_in_database,match_games,"{""id"": 6121809}",,,,,,False,
missing_in_database,match_games,"{""id"": 6121810}",,,,,,False,
missing_in_database,match_games,"{""id"": 6121811}",,,,,,False,
missing_in_database,match_games,"{""id"": 6121812}",,,,,,False,
missing_in_database,match_games,"{""id"": 6121813}",,,,,,False,
missing_in_database,match_games,"{""id"": 6121814}",,,,,,False,
missing_in_database,match_games,"{""id"": 6121815}",,,,,,False,
missing_in_database,match_games,"{""id"": 6121816}",,,,,,False,
missing_in_database,match_games,"{""id"": 6121817}",,,,,,False,
missing_in_database,match_games,"{""id"": 6121818}",,,,,,False,
missing_in_database,match_games,"{""id"": 6121819}",,,,,,False,
missing_in_database,match_games,"{""id"": 6121820}",,,,,,False,
missing_in_database,match_games,"{""id"": 6121821}",,,,,,False,
missing_in_database,match_games,"{""id"": 6121822}",,,,,,False,
missing_in_database,match_games,"{""id"": 6121823}",,,,,,False,
missing_in_database,match_games,"{""id"": 6121824}",,,,,,False,
missing_in_database,match_games,"{""id"": 6121825}",,,,,,False,
missing_in_database,match_games,"{""id"": 6121826}",,,,,,False,
missing_in_database,match_games,"{""id"": 6121827}",,,,,,False,
missing_in_database,match_games,"{""id"": 6121828}",,,,,,False,
missing_in_database,match_games,"{""id"": 6121829}",,,,,,False,
missing_in_database,match_games,"{""id"": 6121830}",,,,,,False,
missing_in_database,match_games,"{""id"": 6121831}",,,,,,False,
missing_in_database,match_games,"{""id"": 6121832}",,,,,,False,
missing_in_database,match_games,"{""id"": 6121833}",,,,,,False,
missing_in_database,match_games,"{""id"": 6121834}",,,,,,False,
missing_in_database,match_games,"{""id"": 6121835}",,,,,,False,
missing_in_database,match_games,"{""id"": 6121836}",,,,,,False,
missing_in_database,match_games,"{""id"": 6121837}",,,,,,False,
missing_in_database,match_games,"{""id"": 6121838}",,,,,,False,
missing_in_database,match_games,"{""id"": 6121839}",,,,,,False,
missing_in_database,match_games,"{""id"": 6121840}",,,,,,False,
missing_in_database,match_games,"{""id"": 6121841}",,,,,,False,
missing_in_database,match_games,"{""id"": 6121842}",,,,,,False,
missing_in_database,match_games,"{""id"": 6121843}",,,,,,False,
missing_in_database,match_games,"{""id"": 6121844}",,,,,,False,
missing_in_database,match_games,"{""id"": 6121845}",,,,,,False,
missing_in_database,match_games,"{""id"": 6121846}",,,,,,False,
missing_in_database,match_games,"{""id"": 6121847}",,,,,,False,
missing_in_database,match_games,"{""id"": 6121848}",,,,,,False,
missing_in_database,match_games,"{""id"": 6121849}",,,,,,False,
missing_in_database,match_games,"{""id"": 6121850}",,,,,,False,
missing_in_database,match_games,"{""id"": 6121851}",,,,,,False,
missing_in_database,match_games,"{""id"": 6121852}",,,,,,False,
missing_in_database,match_games,"{""id"": 6121853}",,,,,,False,
missing_in_database,match_games,"{""id"": 6121854}",,,,,,False,
missing_in_database,match_games,"{""id"": 6121855}",,,,,,False,
missing_in_database,match_games,"{""id"": 6121856}",,,,,,False,
missing_in_database,match_games,"{""id"": 6121857}",,,,,,False,
missing_in_database,match_games,"{""id"": 6121858}",,,,,,False,
missing_in_database,match_games,"{""id"": 6121859}",,,,,,False,
missing_in_database,match_games,"{""id"": 6121860}",,,,,,False,
missing_in_database,match_games,"{""id"": 6121861}",,,,,,False,
missing_in_database,match_games,"{""id"": 6121862}",,,,,,False,
missing_in_database,match_games,"{""id"": 6121863}",,,,,,False,
missing_in_database,match_games,"{""id"": 6121864}",,,,,,False,
missing_in_database,match_games,"{""id"": 6121865}",,,,,,False,
missing_in_database,match_games,"{""id"": 6121866}",,,,,,False,
missing_in_database,match_games,"{""id"": 6121867}",,,,,,False,
missing_in_database,match_games,"{""id"": 6121868}",,,,,,False,
missing_in_database,match_games,"{""id"": 6121869}",,,,,,False,
missing_in_database,match_games,"{""id"": 6121870}",,,,,,False,
missing_in_database,match_games,"{""id"": 6121871}",,,,,,False,
missing_in_database,match_games,"{""id"": 6121872}",,,,,,False,
missing_in_database,match_games,"{""id"": 6121873}",,,,,,False,
missing_in_database,match_games,"{""id"": 6121874}",,,,,,False,
missing_in_database,match_games,"{""id"": 6121875}",,,,,,False,
missing_in_database,match_games,"{""id"": 6121876}",,,,,,False,
missing_in_database,match_games,"{""id"": 6121877}",,,,,,False,
missing_in_database,match_games,"{""id"": 6121878}",,,,,,False,
missing_in_database,match_games,"{""id"": 6121879}",,,,,,False,
missing_in_database,match_games,"{""id"": 6121880}",,,,,,False,
missing_in_database,match_games,"{""id"": 6121881}",,,,,,False,
missing_in_database,match_games,"{""id"": 6121882}",,,,,,False,
missing_in_database,match_games,"{""id"": 6121883}",,,,,,False,
missing_in_database,match_games,"{""id"": 6121884}",,,,,,False,
missing_in_database,match_games,"{""id"": 6121885}",,,,,,False,
missing_in_database,match_games,"{""id"": 6121886}",,,,,,False,
missing_in_database,match_games,"{""id"": 6121887}",,,,,,False,
missing_in_database,match_games,"{""id"": 6121888}",,,,,,False,
missing_in_database,match_games,"{""id"": 6121889}",,,,,,False,
missing_in_database,match_games,"{""id"": 6121890}",,,,,,False,
missing_in_database,match_games,"{""id"": 6121891}",,,,,,False,
missing_in_database,match_games,"{""id"": 6121892}",,,,,,False,
missing_in_database,match_games,"{""id"": 6121893}",,,,,,False,
missing_in_database,match_games,"{""id"": 6121894}",,,,,,False,
missing_in_database,match_games,"{""id"": 6121895}",,,,,,False,
missing_in_database,match_games,"{""id"": 6121896}",,,,,,False,
missing_in_database,match_games,"{""id"": 6121897}",,,,,,False,
missing_in_database,match_games,"{""id"": 6121898}",,,,,,False,
missing_in_database,match_games,"{""id"": 6121899}",,,,,,False,
missing_in_database,match_games,"{""id"": 6121900}",,,,,,False,
missing_in_database,match_games,"{""id"": 6121901}",,,,,,False,
missing_in_database,match_games,"{""id"": 6121902}",,,,,,False,
missing_in_database,match_games,"{""id"": 6121903}",,,,,,False,
missing_in_database,match_games,"{""id"": 6121904}",,,,,,False,
missing_in_database,match_games,"{""id"": 6121905}",,,,,,False,
missing_in_database,match_games,"{""id"": 6121906}",,,,,,False,
missing_in_database,match_games,"{""id"": 6121907}",,,,,,False,
missing_in_database,match_games,"{""id"": 6121908}",,,,,,False,
missing_in_database,match_games,"{""id"": 6121909}",,,,,,False,
missing_in_database,match_games,"{""id"": 6121910}",,,,,,False,
missing_in_database,match_games,"{""id"": 6121911}",,,,,,False,
missing_in_database,match_games,"{""id"": 6121912}",,,,,,False,
missing_in_database,match_games,"{""id"": 6121913}",,,,,,False,
missing_in_database,match_games,"{""id"": 6121914}",,,,,,False,
missing_in_database,match_games,"{""id"": 6121915}",,,,,,False,
missing_in_database,match_games,"{""id"": 6121916}",,,,,,False,
missing_in_database,match_games,"{""id"": 6121917}",,,,,,False,
missing_in_database,match_games,"{""id"": 6121918}",,,,,,False,
missing_in_database,match_games,"{""id"": 6121919}",,,,,,False,
missing_in_database,match_games,"{""id"": 6121920}",,,,,,False,
missing_in_database,match_games,"{""id"": 6121921}",,,,,,False,
missing_in_database,match_games,"{""id"": 6121922}",,,,,,False,
missing_in_database,match_games,"{""id"": 6121923}",,,,,,False,
missing_in_database,match_games,"{""id"": 6121924}",,,,,,False,
missing_in_database,match_games,"{""id"": 6121925}",,,,,,False,
missing_in_database,match_games,"{""id"": 6121926}",,,,,,False,
missing_in_database,match_games,"{""id"": 6121927}",,,,,,False,
missing_in_database,match_games,"{""id"": 6121928}",,,,,,False,
missing_in_database,match_games,"{""id"": 6121929}",,,,,,False,
missing_in_database,match_games,"{""id"": 6121930}",,,,,,False,
missing_in_database,match_games,"{""id"": 6121931}",,,,,,False,
missing_in_database,match_games,"{""id"": 6121932}",,,,,,False,
missing_in_database,match_games,"{""id"": 6121933}",,,,,,False,
missing_in_database,match_games,"{""id"": 6121934}",,,,,,False,
missing_in_database,match_games,"{""id"": 6121935}",,,,,,False,
missing_in_database,match_games,"{""id"": 6121936}",,,,,,False,
missing_in_database,match_games,"{""id"": 6121937}",,,,,,False,
missing_in_database,match_games,"{""id"": 6121938}",,,,,,False,
missing_in_database,match_games,"{""id"": 6121939}",,,,,,False,
missing_in_database,match_games,"{""id"": 6121940}",,,,,,False,
missing_in_database,match_games,"{""id"": 6121941}",,,,,,False,
missing_in_database,match_games,"{""id"": 6121942}",,,,,,False,
missing_in_database,match_games,"{""id"": 6121943}",,,,,,False,
missing_in_database,match_games,"{""id"": 6121944}",,,,,,False,
missing_in_database,match_games,"{""id"": 6121945}",,,,,,False,
missing_in_database,match_games,"{""id"": 6121946}",,,,,,False,
missing_in_database,match_games,"{""id"": 6121947}",,,,,,False,
missing_in_database,match_games,"{""id"": 6121948}",,,,,,False,
missing_in_database,match_games,"{""id"": 6121949}",,,,,,False,
missing_in_database,match_games,"{""id"": 6121950}",,,,,,False,
missing_in_database,match_games,"{""id"": 6121951}",,,,,,False,
missing_in_database,match_games,"{""id"": 6121952}",,,,,,False,
missing_in_database,match_games,"{""id"": 6121953}",,,,,,False,
missing_in_database,match_games,"{""id"": 6121954}",,,,,,False,
missing_in_database,match_games,"{""id"": 6121955}",,,,,,False,
missing_in_database,match_games,"{""id"": 6121956}",,,,,,False,
missing_in_database,match_games,"{""id"": 6121957}",,,,,,False,
missing_in_database,match_games,"{""id"": 6121958}",,,,,,False,
missing_in_database,match_games,"{""id"": 6121959}",,,,,,False,
missing_in_database,match_games,"{""id"": 6121960}",,,,,,False,
missing_in_database,match_games,"{""id"": 6121961}",,,,,,False,
missing_in_database,match_games,"{""id"": 6121962}",,,,,,False,
missing_in_database,match_games,"{""id"": 6121963}",,,,,,False,
missing_in_database,match_games,"{""id"": 6121964}",,,,,,False,
missing_in_database,match_games,"{""id"": 6121965}",,,,,,False,
missing_in_database,match_games,"{""id"": 6121966}",,,,,,False,
missing_in_database,match_games,"{""id"": 6121967}",,,,,,False,
missing_in_database,match_games,"{""id"": 6121968}",,,,,,False,
missing_in_database,match_games,"{""id"": 6121969}",,,,,,False,
missing_in_database,match_games,"{""id"": 6121970}",,,,,,False,
missing_in_database,match_games,"{""id"": 6121971}",,,,,,False,
missing_in_database,match_games,"{""id"": 6121972}",,,,,,False,
missing_in_database,match_games,"{""id"": 6121973}",,,,,,False,
missing_in_database,match_games,"{""id"": 6121974}",,,,,,False,
missing_in_database,match_games,"{""id"": 6121975}",,,,,,False,
missing_in_database,match_games,"{""id"": 6121976}",,,,,,False,
missing_in_database,match_games,"{""id"": 6121977}",,,,,,False,
missing_in_database,match_games,"{""id"": 6121978}",,,,,,False,
missing_in_database,match_games,"{""id"": 6121979}",,,,,,False,
missing_in_database,match_games,"{""id"": 6121980}",,,,,,False,
missing_in_database,match_games,"{""id"": 6121981}",,,,,,False,
missing_in_database,match_games,"{""id"": 6121982}",,,,,,False,
missing_in_database,match_games,"{""id"": 6121983}",,,,,,False,
missing_in_database,match_games,"{""id"": 6121984}",,,,,,False,
missing_in_database,match_games,"{""id"": 6121985}",,,,,,False,
missing_in_database,match_games,"{""id"": 6121986}",,,,,,False,
missing_in_database,match_games,"{""id"": 6121987}",,,,,,False,
missing_in_database,match_games,"{""id"": 6121988}",,,,,,False,
missing_in_database,match_games,"{""id"": 6121989}",,,,,,False,
missing_in_database,match_games,"{""id"": 6121990}",,,,,,False,
missing_in_database,match_games,"{""id"": 6121991}",,,,,,False,
missing_in_database,match_games,"{""id"": 6121992}",,,,,,False,
missing_in_database,match_games,"{""id"": 6121993}",,,,,,False,
missing_in_database,match_games,"{""id"": 6121994}",,,,,,False,
missing_in_database,match_games,"{""id"": 6121995}",,,,,,False,
missing_in_database,match_games,"{""id"": 6121996}",,,,,,False,
missing_in_database,match_games,"{""id"": 6121997}",,,,,,False,
missing_in_database,match_games,"{""id"": 6121998}",,,,,,False,
missing_in_database,match_games,"{""id"": 6121999}",,,,,,False,
missing_in_database,match_games,"{""id"": 6122000}",,,,,,False,
missing_in_database,match_games,"{""id"": 6122001}",,,,,,False,
missing_in_database,match_games,"{""id"": 6122002}",,,,,,False,
missing_in_database,match_games,"{""id"": 6122003}",,,,,,False,
missing_in_database,match_games,"{""id"": 6122004}",,,,,,False,
missing_in_database,match_games,"{""id"": 6122005}",,,,,,False,
missing_in_database,match_games,"{""id"": 6122006}",,,,,,False,
missing_in_database,match_games,"{""id"": 6122007}",,,,,,False,
missing_in_database,match_games,"{""id"": 6122008}",,,,,,False,
missing_in_database,match_games,"{""id"": 6122009}",,,,,,False,
missing_in_database,match_games,"{""id"": 6122010}",,,,,,False,
missing_in_database,match_games,"{""id"": 6122011}",,,,,,False,
missing_in_database,match_games,"{""id"": 6122012}",,,,,,False,
missing_in_database,match_games,"{""id"": 6122013}",,,,,,False,
missing_in_database,match_games,"{""id"": 6122014}",,,,,,False,
missing_in_database,match_games,"{""id"": 6122015}",,,,,,False,
missing_in_database,match_games,"{""id"": 6122016}",,,,,,False,
missing_in_database,match_games,"{""id"": 6122017}",,,,,,False,
missing_in_database,match_games,"{""id"": 6122018}",,,,,,False,
missing_in_database,match_games,"{""id"": 6122019}",,,,,,False,
missing_in_database,match_games,"{""id"": 6122020}",,,,,,False,
missing_in_database,match_games,"{""id"": 6122021}",,,,,,False,
missing_in_database,match_games,"{""id"": 6122022}",,,,,,False,
missing_in_database,match_games,"{""id"": 6122023}",,,,,,False,
missing_in_database,match_games,"{""id"": 6122024}",,,,,,False,
missing_in_database,match_games,"{""id"": 6122025}",,,,,,False,
missing_in_database,match_games,"{""id"": 6122026}",,,,,,False,
missing_in_database,match_games,"{""id"": 6122027}",,,,,,False,
missing_in_database,match_games,"{""id"": 6122028}",,,,,,False,
missing_in_database,match_games,"{""id"": 6122029}",,,,,,False,
missing_in_database,match_games,"{""id"": 6122030}",,,,,,False,
missing_in_database,match_games,"{""id"": 6122031}",,,,,,False,
missing_in_database,match_games,"{""id"": 6122032}",,,,,,False,
missing_in_database,match_games,"{""id"": 6122033}",,,,,,False,
missing_in_database,match_games,"{""id"": 6122034}",,,,,,False,
missing_in_database,match_games,"{""id"": 6122035}",,,,,,False,
missing_in_database,match_games,"{""id"": 6122036}",,,,,,False,
missing_in_database,match_games,"{""id"": 6122037}",,,,,,False,
missing_in_database,match_games,"{""id"": 6122038}",,,,,,False,
missing_in_database,match_games,"{""id"": 6122039}",,,,,,False,
missing_in_database,match_games,"{""id"": 6122040}",,,,,,False,
missing_in_database,match_games,"{""id"": 6122041}",,,,,,False,
missing_in_database,match_games,"{""id"": 6122042}",,,,,,False,
missing_in_database,match_games,"{""id"": 6122043}",,,,,,False,
missing_in_database,match_games,"{""id"": 6122044}",,,,,,False,
missing_in_database,match_games,"{""id"": 6122045}",,,,,,False,
missing_in_database,match_games,"{""id"": 6122046}",,,,,,False,
missing_in_database,match_games,"{""id"": 6122047}",,,,,,False,
missing_in_database,match_games,"{""id"": 6122048}",,,,,,False,
missing_in_database,match_games,"{""id"": 6122049}",,,,,,False,
missing_in_database,match_games,"{""id"": 6122050}",,,,,,False,
missing_in_database,match_games,"{""id"": 6122051}",,,,,,False,
missing_in_database,match_games,"{""id"": 6122052}",,,,,,False,
missing_in_database,match_games,"{""id"": 6122053}",,,,,,False,
missing_in_database,match_games,"{""id"": 6122054}",,,,,,False,
missing_in_database,match_games,"{""id"": 6122055}",,,,,,False,
missing_in_database,match_games,"{""id"": 6122056}",,,,,,False,
missing_in_database,match_games,"{""id"": 6122057}",,,,,,False,
missing_in_database,match_games,"{""id"": 6122058}",,,,,,False,
missing_in_database,match_games,"{""id"": 6122059}",,,,,,False,
missing_in_database,match_games,"{""id"": 6122060}",,,,,,False,
missing_in_database,match_games,"{""id"": 6122061}",,,,,,False,
missing_in_database,match_games,"{""id"": 6122062}",,,,,,False,
missing_in_database,match_games,"{""id"": 6122063}",,,,,,False,
missing_in_database,match_games,"{""id"": 6122064}",,,,,,False,
missing_in_database,match_games,"{""id"": 6122065}",,,,,,False,
missing_in_database,match_games,"{""id"": 6122066}",,,,,,False,
missing_in_database,match_games,"{""id"": 6122067}",,,,,,False,
missing_in_database,match_games,"{""id"": 6122068}",,,,,,False,
missing_in_database,match_games,"{""id"": 6122069}",,,,,,False,
missing_in_database,match_games,"{""id"": 6122070}",,,,,,False,
missing_in_database,match_games,"{""id"": 6122071}",,,,,,False,
missing_in_database,match_games,"{""id"": 6122072}",,,,,,False,
missing_in_database,match_games,"{""id"": 6122073}",,,,,,False,
missing_in_database,match_games,"{""id"": 6122074}",,,,,,False,
missing_in_database,match_games,"{""id"": 6122075}",,,,,,False,
missing_in_database,match_games,"{""id"": 6122076}",,,,,,False,
missing_in_database,match_games,"{""id"": 6122077}",,,,,,False,
missing_in_database,match_games,"{""id"": 6122078}",,,,,,False,
missing_in_database,match_games,"{""id"": 6122079}",,,,,,False,
missing_in_database,match_games,"{""id"": 6122080}",,,,,,False,
missing_in_database,match_games,"{""id"": 6122081}",,,,,,False,
missing_in_database,match_games,"{""id"": 6122082}",,,,,,False,
missing_in_database,match_games,"{""id"": 6122083}",,,,,,False,
missing_in_database,match_games,"{""id"": 6122084}",,,,,,False,
missing_in_database,match_games,"{""id"": 6122085}",,,,,,False,
missing_in_database,match_games,"{""id"": 6122086}",,,,,,False,
missing_in_database,match_games,"{""id"": 6122087}",,,,,,False,
missing_in_database,match_games,"{""id"": 6122088}",,,,,,False,
missing_in_database,match_games,"{""id"": 6122089}",,,,,,False,
missing_in_database,match_games,"{""id"": 6122090}",,,,,,False,
missing_in_database,match_games,"{""id"": 6122091}",,,,,,False,
missing_in_database,match_games,"{""id"": 6122092}",,,,,,False,
missing_in_database,match_games,"{""id"": 6122093}",,,,,,False,
missing_in_database,match_games,"{""id"": 6122094}",,,,,,False,
missing_in_database,match_games,"{""id"": 6122095}",,,,,,False,
missing_in_database,match_games,"{""id"": 6122096}",,,,,,False,
missing_in_database,match_games,"{""id"": 6122097}",,,,,,False,
missing_in_database,match_games,"{""id"": 6122098}",,,,,,False,
missing_in_database,match_games,"{""id"": 6122099}",,,,,,False,
missing_in_database,match_games,"{""id"": 6122100}",,,,,,False,
missing_in_database,match_games,"{""id"": 6122101}",,,,,,False,
missing_in_database,match_games,"{""id"": 6122102}",,,,,,False,
missing_in_database,match_games,"{""id"": 6122103}",,,,,,False,
missing_in_database,match_games,"{""id"": 6122104}",,,,,,False,
missing_in_database,match_games,"{""id"": 6122105}",,,,,,False,
missing_in_database,match_games,"{""id"": 6122106}",,,,,,False,
missing_in_database,match_games,"{""id"": 6122107}",,,,,,False,
missing_in_database,match_games,"{""id"": 6122108}",,,,,,False,
missing_in_database,match_games,"{""id"": 6122109}",,,,,,False,
missing_in_database,match_games,"{""id"": 6122110}",,,,,,False,
missing_in_database,match_games,"{""id"": 6122111}",,,,,,False,
missing_in_database,match_games,"{""id"": 6122112}",,,,,,False,
missing_in_database,match_games,"{""id"": 6122113}",,,,,,False,
missing_in_database,match_games,"{""id"": 6122114}",,,,,,False,
missing_in_database,match_games,"{""id"": 6122115}",,,,,,False,
missing_in_database,match_games,"{""id"": 6122116}",,,,,,False,
missing_in_database,match_games,"{""id"": 6122117}",,,,,,False,
missing_in_database,match_games,"{""id"": 6122118}",,,,,,False,
missing_in_database,match_games,"{""id"": 6122119}",,,,,,False,
missing_in_database,match_games,"{""id"": 6122120}",,,,,,False,
missing_in_database,match_games,"{""id"": 6122121}",,,,,,False,
missing_in_database,match_games,"{""id"": 6122122}",,,,,,False,
missing_in_database,match_games,"{""id"": 6122123}",,,,,,False,
missing_in_database,match_games,"{""id"": 6122124}",,,,,,False,
missing_in_database,match_games,"{""id"": 6122125}",,,,,,False,
missing_in_database,match_games,"{""id"": 6122126}",,,,,,False,
missing_in_database,match_games,"{""id"": 6122127}",,,,,,False,
missing_in_database,match_games,"{""id"": 6122128}",,,,,,False,
missing_in_database,match_games,"{""id"": 6122129}",,,,,,False,
missing_in_database,match_games,"{""id"": 6122130}",,,,,,False,
missing_in_database,match_games,"{""id"": 6122131}",,,,,,False,
missing_in_database,match_games,"{""id"": 6122132}",,,,,,False,
missing_in_database,match_games,"{""id"": 6122133}",,,,,,False,
missing_in_database,match_games,"{""id"": 6122134}",,,,,,False,
missing_in_database,match_games,"{""id"": 6122135}",,,,,,False,
missing_in_database,match_games,"{""id"": 6122136}",,,,,,False,
missing_in_database,match_games,"{""id"": 6122137}",,,,,,False,
missing_in_database,match_games,"{""id"": 6122138}",,,,,,False,
missing_in_database,match_games,"{""id"": 6122139}",,,,,,False,
missing_in_database,match_games,"{""id"": 6122140}",,,,,,False,
missing_in_database,match_games,"{""id"": 6122141}",,,,,,False,
missing_in_database,match_games,"{""id"": 6122142}",,,,,,False,
missing_in_database,match_games,"{""id"": 6122143}",,,,,,False,
missing_in_database,match_games,"{""id"": 6122144}",,,,,,False,
missing_in_database,match_games,"{""id"": 6122145}",,,,,,False,
missing_in_database,match_games,"{""id"": 6122146}",,,,,,False,
missing_in_database,match_games,"{""id"": 6122147}",,,,,,False,
missing_in_database,match_games,"{""id"": 6122148}",,,,,,False,
missing_in_database,match_games,"{""id"": 6122149}",,,,,,False,
missing_in_database,match_games,"{""id"": 6122150}",,,,,,False,
missing_in_database,match_games,"{""id"": 6122151}",,,,,,False,
missing_in_database,match_games,"{""id"": 6122152}",,,,,,False,
missing_in_database,match_games,"{""id"": 6122153}",,,,,,False,
missing_in_database,match_games,"{""id"": 6122154}",,,,,,False,
missing_in_database,match_games,"{""id"": 6122155}",,,,,,False,
missing_in_database,match_games,"{""id"": 6122156}",,,,,,False,
missing_in_database,match_games,"{""id"": 6122157}",,,,,,False,
missing_in_database,match_games,"{""id"": 6122158}",,,,,,False,
missing_in_database,match_games,"{""id"": 6122159}",,,,,,False,
missing_in_database,match_games,"{""id"": 6122160}",,,,,,False,
missing_in_database,match_games,"{""id"": 6122161}",,,,,,False,
missing_in_database,match_games,"{""id"": 6122162}",,,,,,False,
missing_in_database,match_games,"{""id"": 6122163}",,,,,,False,
missing_in_database,match_games,"{""id"": 6122164}",,,,,,False,
missing_in_database,match_games,"{""id"": 6122165}",,,,,,False,
missing_in_database,match_games,"{""id"": 6122166}",,,,,,False,
missing_in_database,match_games,"{""id"": 6122167}",,,,,,False,
missing_in_database,match_games,"{""id"": 6122168}",,,,,,False,
missing_in_database,match_games,"{""id"": 6122169}",,,,,,False,
missing_in_database,match_games,"{""id"": 6122170}",,,,,,False,
missing_in_database,match_games,"{""id"": 6122171}",,,,,,False,
missing_in_database,match_games,"{""id"": 6122172}",,,,,,False,
missing_in_database,match_games,"{""id"": 6122173}",,,,,,False,
missing_in_database,match_games,"{""id"": 6122174}",,,,,,False,
missing_in_database,match_games,"{""id"": 6122175}",,,,,,False,
missing_in_database,match_games,"{""id"": 6122176}",,,,,,False,
missing_in_database,match_games,"{""id"": 6122177}",,,,,,False,
missing_in_database,match_games,"{""id"": 6122178}",,,,,,False,
missing_in_database,match_games,"{""id"": 6122179}",,,,,,False,
missing_in_database,match_games,"{""id"": 6122180}",,,,,,False,
missing_in_database,match_games,"{""id"": 6122181}",,,,,,False,
missing_in_database,match_games,"{""id"": 6122182}",,,,,,False,
missing_in_database,match_games,"{""id"": 6122183}",,,,,,False,
missing_in_database,match_games,"{""id"": 6122184}",,,,,,False,
missing_in_database,match_games,"{""id"": 6122185}",,,,,,False,
missing_in_database,match_games,"{""id"": 6122186}",,,,,,False,
missing_in_database,match_games,"{""id"": 6122187}",,,,,,False,
missing_in_database,match_games,"{""id"": 6122188}",,,,,,False,
missing_in_database,match_games,"{""id"": 6122189}",,,,,,False,
missing_in_database,match_games,"{""id"": 6122190}",,,,,,False,
missing_in_database,match_games,"{""id"": 6122191}",,,,,,False,
missing_in_database,match_games,"{""id"": 6122192}",,,,,,False,
missing_in_database,match_games,"{""id"": 6122193}",,,,,,False,
missing_in_database,match_games,"{""id"": 6122194}",,,,,,False,
missing_in_database,match_games,"{""id"": 6122195}",,,,,,False,
missing_in_database,match_games,"{""id"": 6122196}",,,,,,False,
missing_in_database,match_games,"{""id"": 6122197}",,,,,,False,
missing_in_database,match_games,"{""id"": 6122198}",,,,,,False,
missing_in_database,match_games,"{""id"": 6122199}",,,,,,False,
missing_in_database,match_games,"{""id"": 6122200}",,,,,,False,
missing_in_database,match_games,"{""id"": 6122201}",,,,,,False,
missing_in_database,match_games,"{""id"": 6122202}",,,,,,False,
missing_in_database,match_games,"{""id"": 6122203}",,,,,,False,
missing_in_database,match_games,"{""id"": 6122204}",,,,,,False,
missing_in_database,match_games,"{""id"": 6122205}",,,,,,False,
missing_in_database,match_games,"{""id"": 6122206}",,,,,,False,
missing_in_database,match_games,"{""id"": 6122207}",,,,,,False,
missing_in_database,match_games,"{""id"": 6122208}",,,,,,False,
missing_in_database,match_games,"{""id"": 6122209}",,,,,,False,
missing_in_database,match_games,"{""id"": 6122210}",,,,,,False,
missing_in_database,match_games,"{""id"": 6122211}",,,,,,False,
missing_in_database,match_games,"{""id"": 6122212}",,,,,,False,
missing_in_database,match_games,"{""id"": 6122213}",,,,,,False,
missing_in_database,match_games,"{""id"": 6122214}",,,,,,False,
missing_in_database,match_games,"{""id"": 6122215}",,,,,,False,
missing_in_database,match_games,"{""id"": 6122216}",,,,,,False,
missing_in_database,match_games,"{""id"": 6122217}",,,,,,False,
missing_in_database,match_games,"{""id"": 6122218}",,,,,,False,
missing_in_database,match_games,"{""id"": 6122219}",,,,,,False,
missing_in_database,match_games,"{""id"": 6122220}",,,,,,False,
missing_in_database,match_games,"{""id"": 6122221}",,,,,,False,
missing_in_database,match_games,"{""id"": 6122222}",,,,,,False,
missing_in_database,match_games,"{""id"": 6122223}",,,,,,False,
missing_in_database,match_games,"{""id"": 6122224}",,,,,,False,
missing_in_database,match_games,"{""id"": 6122225}",,,,,,False,
missing_in_database,match_games,"{""id"": 6122226}",,,,,,False,
missing_in_database,match_games,"{""id"": 6122227}",,,,,,False,
missing_in_database,match_games,"{""id"": 6122228}",,,,,,False,
missing_in_database,match_games,"{""id"": 6122229}",,,,,,False,
missing_in_database,match_games,"{""id"": 6122230}",,,,,,False,
missing_in_database,match_games,"{""id"": 6122231}",,,,,,False,
missing_in_database,match_games,"{""id"": 6122232}",,,,,,False,
missing_in_database,match_games,"{""id"": 6122233}",,,,,,False,
missing_in_database,match_games,"{""id"": 6122234}",,,,,,False,
missing_in_database,match_games,"{""id"": 6122235}",,,,,,False,
missing_in_database,match_games,"{""id"": 6122236}",,,,,,False,
missing_in_database,match_games,"{""id"": 6122237}",,,,,,False,
missing_in_database,match_games,"{""id"": 6122238}",,,,,,False,
missing_in_database,match_games,"{""id"": 6122239}",,,,,,False,
missing_in_database,match_games,"{""id"": 6122240}",,,,,,False,
missing_in_database,match_games,"{""id"": 6122241}",,,,,,False,
missing_in_database,match_games,"{""id"": 6122242}",,,,,,False,
missing_in_database,match_games,"{""id"": 6122243}",,,,,,False,
missing_in_database,match_games,"{""id"": 6122244}",,,,,,False,
missing_in_database,match_games,"{""id"": 6122245}",,,,,,False,
missing_in_database,match_games,"{""id"": 6122246}",,,,,,False,
missing_in_database,match_games,"{""id"": 6122247}",,,,,,False,
missing_in_database,match_games,"{""id"": 6122248}",,,,,,False,
missing_in_database,match_games,"{""id"": 6122249}",,,,,,False,
missing_in_database,match_games,"{""id"": 6122250}",,,,,,False,
missing_in_database,match_games,"{""id"": 6122251}",,,,,,False,
missing_in_database,match_games,"{""id"": 6122252}",,,,,,False,
missing_in_database,match_games,"{""id"": 6122253}",,,,,,False,
missing_in_database,match_games,"{""id"": 6122254}",,,,,,False,
missing_in_database,match_games,"{""id"": 6122255}",,,,,,False,
missing_in_database,match_games,"{""id"": 6122256}",,,,,,False,
missing_in_database,match_games,"{""id"": 6122257}",,,,,,False,
missing_in_database,match_games,"{""id"": 6122258}",,,,,,False,
missing_in_database,match_games,"{""id"": 6122259}",,,,,,False,
missing_in_database,match_games,"{""id"": 6122260}",,,,,,False,
missing_in_database,match_games,"{""id"": 6122261}",,,,,,False,
missing_in_database,match_games,"{""id"": 6122262}",,,,,,False,
missing_in_database,match_games,"{""id"": 6122263}",,,,,,False,
missing_in_database,match_games,"{""id"": 6122264}",,,,,,False,
missing_in_database,match_games,"{""id"": 6122265}",,,,,,False,
missing_in_database,match_games,"{""id"": 6122266}",,,,,,False,
missing_in_database,match_games,"{""id"": 6122267}",,,,,,False,
missing_in_database,match_games,"{""id"": 6122268}",,,,,,False,
missing_in_database,match_games,"{""id"": 6122269}",,,,,,False,
missing_in_database,match_games,"{""id"": 6122270}",,,,,,False,
missing_in_database,match_games,"{""id"": 6122271}",,,,,,False,
missing_in_database,match_games,"{""id"": 6122272}",,,,,,False,
missing_in_database,match_games,"{""id"": 6122273}",,,,,,False,
missing_in_database,match_games,"{""id"": 6122274}",,,,,,False,
missing_in_database,match_games,"{""id"": 6122275}",,,,,,False,
missing_in_database,match_games,"{""id"": 6122276}",,,,,,False,
missing_in_database,match_games,"{""id"": 6122277}",,,,,,False,
missing_in_database,match_games,"{""id"": 6122278}",,,,,,False,
missing_in_database,match_games,"{""id"": 6122279}",,,,,,False,
missing_in_database,match_games,"{""id"": 6122280}",,,,,,False,
missing_in_database,match_games,"{""id"": 6122281}",,,,,,False,
missing_in_database,match_games,"{""id"": 6122282}",,,,,,False,
missing_in_database,match_games,"{""id"": 6122283}",,,,,,False,
missing_in_database,match_games,"{""id"": 6122284}",,,,,,False,
missing_in_database,match_games,"{""id"": 6122285}",,,,,,False,
missing_in_database,match_games,"{""id"": 6122286}",,,,,,False,
missing_in_database,match_games,"{""id"": 6122287}",,,,,,False,
missing_in_database,match_games,"{""id"": 6122288}",,,,,,False,
missing_in_database,match_games,"{""id"": 6122289}",,,,,,False,
missing_in_database,match_games,"{""id"": 6122290}",,,,,,False,
missing_in_database,match_games,"{""id"": 6122291}",,,,,,False,
missing_in_database,match_games,"{""id"": 6122292}",,,,,,False,
missing_in_database,match_games,"{""id"": 6122293}",,,,,,False,
missing_in_database,match_games,"{""id"": 6122294}",,,,,,False,
missing_in_database,match_games,"{""id"": 6122295}",,,,,,False,
missing_in_database,match_games,"{""id"": 6122296}",,,,,,False,
missing_in_database,match_games,"{""id"": 6122297}",,,,,,False,
missing_in_database,match_games,"{""id"": 6122298}",,,,,,False,
missing_in_database,match_games,"{""id"": 6122299}",,,,,,False,
missing_in_database,match_games,"{""id"": 6122300}",,,,,,False,
missing_in_database,match_games,"{""id"": 6122301}",,,,,,False,
missing_in_database,match_games,"{""id"": 6122302}",,,,,,False,
missing_in_database,match_games,"{""id"": 6122303}",,,,,,False,
missing_in_database,match_games,"{""id"": 6122304}",,,,,,False,
missing_in_database,match_games,"{""id"": 6122305}",,,,,,False,
missing_in_database,match_games,"{""id"": 6122306}",,,,,,False,
missing_in_database,match_games,"{""id"": 6122307}",,,,,,False,
missing_in_database,match_games,"{""id"": 6122308}",,,,,,False,
missing_in_database,match_games,"{""id"": 6122309}",,,,,,False,
missing_in_database,match_games,"{""id"": 6122310}",,,,,,False,
missing_in_database,match_games,"{""id"": 6122311}",,,,,,False,
missing_in_database,match_games,"{""id"": 6122312}",,,,,,False,
missing_in_database,match_games,"{""id"": 6122313}",,,,,,False,
missing_in_database,match_games,"{""id"": 6122314}",,,,,,False,
missing_in_database,match_games,"{""id"": 6122315}",,,,,,False,
missing_in_database,match_games,"{""id"": 6122316}",,,,,,False,
missing_in_database,match_games,"{""id"": 6122317}",,,,,,False,
missing_in_database,match_games,"{""id"": 6122318}",,,,,,False,
missing_in_database,match_games,"{""id"": 6122319}",,,,,,False,
missing_in_database,match_games,"{""id"": 6122320}",,,,,,False,
missing_in_database,match_games,"{""id"": 6122321}",,,,,,False,
missing_in_database,match_games,"{""id"": 6122322}",,,,,,False,
missing_in_database,match_games,"{""id"": 6122323}",,,,,,False,
missing_in_database,match_games,"{""id"": 6122324}",,,,,,False,
missing_in_database,match_games,"{""id"": 6122325}",,,,,,False,
missing_in_database,match_games,"{""id"": 6122326}",,,,,,False,
missing_in_database,match_games,"{""id"": 6122327}",,,,,,False,
missing_in_database,match_games,"{""id"": 6122328}",,,,,,False,
missing_in_database,match_games,"{""id"": 6122329}",,,,,,False,
missing_in_database,match_games,"{""id"": 6122330}",,,,,,False,
missing_in_database,match_games,"{""id"": 6122331}",,,,,,False,
missing_in_database,match_games,"{""id"": 6122332}",,,,,,False,
missing_in_database,match_games,"{""id"": 6122333}",,,,,,False,
missing_in_database,match_games,"{""id"": 6122334}",,,,,,False,
missing_in_database,match_games,"{""id"": 6122335}",,,,,,False,
missing_in_database,match_games,"{""id"": 6122336}",,,,,,False,
missing_in_database,match_games,"{""id"": 6122337}",,,,,,False,
missing_in_database,match_games,"{""id"": 6122338}",,,,,,False,
missing_in_database,match_games,"{""id"": 6122339}",,,,,,False,
missing_in_database,match_games,"{""id"": 6122340}",,,,,,False,
missing_in_database,match_games,"{""id"": 6122341}",,,,,,False,
missing_in_database,match_games,"{""id"": 6122342}",,,,,,False,
missing_in_database,match_games,"{""id"": 6122343}",,,,,,False,
missing_in_database,match_games,"{""id"": 6122344}",,,,,,False,
missing_in_database,match_games,"{""id"": 6122345}",,,,,,False,
missing_in_database,match_games,"{""id"": 6122346}",,,,,,False,
missing_in_database,match_games,"{""id"": 6122347}",,,,,,False,
missing_in_database,match_games,"{""id"": 6122348}",,,,,,False,
missing_in_database,match_games,"{""id"": 6122349}",,,,,,False,
missing_in_database,match_games,"{""id"": 6122350}",,,,,,False,
missing_in_database,match_games,"{""id"": 6122351}",,,,,,False,
missing_in_database,match_games,"{""id"": 6122352}",,,,,,False,
missing_in_database,match_games,"{""id"": 6122353}",,,,,,False,
missing_in_database,match_games,"{""id"": 6122354}",,,,,,False,
missing_in_database,match_games,"{""id"": 6122355}",,,,,,False,
missing_in_database,match_games,"{""id"": 6122356}",,,,,,False,
missing_in_database,match_games,"{""id"": 6122357}",,,,,,False,
missing_in_database,match_games,"{""id"": 6122358}",,,,,,False,
missing_in_database,match_games,"{""id"": 6122359}",,,,,,False,
missing_in_database,match_games,"{""id"": 6122360}",,,,,,False,
missing_in_database,match_games,"{""id"": 6122361}",,,,,,False,
missing_in_database,match_games,"{""id"": 6122362}",,,,,,False,
missing_in_database,match_games,"{""id"": 6122363}",,,,,,False,
missing_in_database,match_games,"{""id"": 6122364}",,,,,,False,
missing_in_database,match_games,"{""id"": 6122365}",,,,,,False,
missing_in_database,match_games,"{""id"": 6122366}",,,,,,False,
missing_in_database,match_games,"{""id"": 6122367}",,,,,,False,
missing_in_database,match_games,"{""id"": 6122368}",,,,,,False,
missing_in_database,match_games,"{""id"": 6122369}",,,,,,False,
missing_in_database,match_games,"{""id"": 6122370}",,,,,,False,
missing_in_database,match_games,"{""id"": 6122371}",,,,,,False,
missing_in_database,match_games,"{""id"": 6122372}",,,,,,False,
missing_in_database,match_games,"{""id"": 6122373}",,,,,,False,
missing_in_database,match_games,"{""id"": 6122374}",,,,,,False,
missing_in_database,match_games,"{""id"": 6122375}",,,,,,False,
missing_in_database,match_games,"{""id"": 6122376}",,,,,,False,
missing_in_database,match_games,"{""id"": 6122377}",,,,,,False,
missing_in_database,match_games,"{""id"": 6122378}",,,,,,False,
missing_in_database,match_games,"{""id"": 6122379}",,,,,,False,
missing_in_database,match_games,"{""id"": 6122380}",,,,,,False,
missing_in_database,match_games,"{""id"": 6122381}",,,,,,False,
missing_in_database,match_games,"{""id"": 6122382}",,,,,,False,
missing_in_database,match_games,"{""id"": 6122383}",,,,,,False,
missing_in_database,match_games,"{""id"": 6122384}",,,,,,False,
missing_in_database,match_games,"{""id"": 6122385}",,,,,,False,
missing_in_database,match_games,"{""id"": 6122386}",,,,,,False,
missing_in_database,match_games,"{""id"": 6122387}",,,,,,False,
missing_in_database,match_games,"{""id"": 6122388}",,,,,,False,
missing_in_database,match_games,"{""id"": 6122389}",,,,,,False,
missing_in_database,match_games,"{""id"": 6122390}",,,,,,False,
missing_in_database,match_games,"{""id"": 6122391}",,,,,,False,
missing_in_database,match_games,"{""id"": 6122392}",,,,,,False,
missing_in_database,match_games,"{""id"": 6122393}",,,,,,False,
missing_in_database,match_games,"{""id"": 6122394}",,,,,,False,
missing_in_database,match_games,"{""id"": 6122395}",,,,,,False,
missing_in_database,match_games,"{""id"": 6122396}",,,,,,False,
missing_in_database,match_games,"{""id"": 6122397}",,,,,,False,
missing_in_database,match_games,"{""id"": 6122398}",,,,,,False,
missing_in_database,match_games,"{""id"": 6122399}",,,,,,False,
missing_in_database,match_games,"{""id"": 6122400}",,,,,,False,
missing_in_database,match_games,"{""id"": 6122401}",,,,,,False,
missing_in_database,match_games,"{""id"": 6122402}",,,,,,False,
missing_in_database,match_games,"{""id"": 6122403}",,,,,,False,
missing_in_database,match_games,"{""id"": 6122404}",,,,,,False,
missing_in_database,match_games,"{""id"": 6122405}",,,,,,False,
missing_in_database,match_games,"{""id"": 6122406}",,,,,,False,
missing_in_database,match_games,"{""id"": 6122407}",,,,,,False,
missing_in_database,match_games,"{""id"": 6122408}",,,,,,False,
missing_in_database,match_games,"{""id"": 6122409}",,,,,,False,
missing_in_database,match_games,"{""id"": 6122410}",,,,,,False,
missing_in_database,match_games,"{""id"": 6122411}",,,,,,False,
missing_in_database,match_games,"{""id"": 6122412}",,,,,,False,
missing_in_database,match_games,"{""id"": 6122413}",,,,,,False,
missing_in_database,match_games,"{""id"": 6122414}",,,,,,False,
missing_in_database,match_games,"{""id"": 6122415}",,,,,,False,
missing_in_database,match_games,"{""id"": 6122416}",,,,,,False,
missing_in_database,match_games,"{""id"": 6122417}",,,,,,False,
missing_in_database,match_games,"{""id"": 6122418}",,,,,,False,
missing_in_database,match_games,"{""id"": 6122419}",,,,,,False,
missing_in_database,match_games,"{""id"": 6122420}",,,,,,False,
missing_in_database,match_games,"{""id"": 6122421}",,,,,,False,
missing_in_database,match_games,"{""id"": 6122422}",,,,,,False,
missing_in_database,match_games,"{""id"": 6122423}",,,,,,False,
missing_in_database,match_games,"{""id"": 6122424}",,,,,,False,
missing_in_database,match_games,"{""id"": 6122425}",,,,,,False,
missing_in_database,match_games,"{""id"": 6122426}",,,,,,False,
missing_in_database,match_games,"{""id"": 6122427}",,,,,,False,
missing_in_database,match_games,"{""id"": 6122428}",,,,,,False,
missing_in_database,match_games,"{""id"": 6122429}",,,,,,False,
missing_in_database,match_games,"{""id"": 6122430}",,,,,,False,
missing_in_database,match_games,"{""id"": 6122431}",,,,,,False,
missing_in_database,match_games,"{""id"": 6122432}",,,,,,False,
missing_in_database,match_games,"{""id"": 6122433}",,,,,,False,
missing_in_database,match_games,"{""id"": 6122434}",,,,,,False,
missing_in_database,match_games,"{""id"": 6122435}",,,,,,False,
missing_in_database,match_games,"{""id"": 6122436}",,,,,,False,
missing_in_database,match_games,"{""id"": 6122437}",,,,,,False,
missing_in_database,match_games,"{""id"": 6122438}",,,,,,False,
missing_in_database,match_games,"{""id"": 6122439}",,,,,,False,
missing_in_database,match_games,"{""id"": 6122440}",,,,,,False,
missing_in_database,match_games,"{""id"": 6122441}",,,,,,False,
missing_in_database,match_games,"{""id"": 6122442}",,,,,,False,
missing_in_database,match_games,"{""id"": 6122443}",,,,,,False,
missing_in_database,match_games,"{""id"": 6122444}",,,,,,False,
missing_in_database,match_games,"{""id"": 6122445}",,,,,,False,
missing_in_database,match_games,"{""id"": 6122446}",,,,,,False,
missing_in_database,match_games,"{""id"": 6122447}",,,,,,False,
missing_in_database,match_games,"{""id"": 6122448}",,,,,,False,
missing_in_database,match_games,"{""id"": 6122449}",,,,,,False,
missing_in_database,match_games,"{""id"": 6122450}",,,,,,False,
missing_in_database,match_games,"{""id"": 6122451}",,,,,,False,
missing_in_database,match_games,"{""id"": 6122452}",,,,,,False,
missing_in_database,match_games,"{""id"": 6122453}",,,,,,False,
missing_in_database,match_games,"{""id"": 6122454}",,,,,,False,
missing_in_database,match_games,"{""id"": 6122455}",,,,,,False,
missing_in_database,match_games,"{""id"": 6122456}",,,,,,False,
missing_in_database,match_games,"{""id"": 6122457}",,,,,,False,
missing_in_database,match_games,"{""id"": 6122458}",,,,,,False,
missing_in_database,match_games,"{""id"": 6122459}",,,,,,False,
missing_in_database,match_games,"{""id"": 6122460}",,,,,,False,
missing_in_database,match_games,"{""id"": 6122461}",,,,,,False,
missing_in_database,match_games,"{""id"": 6122462}",,,,,,False,
missing_in_database,match_games,"{""id"": 6122463}",,,,,,False,
missing_in_database,match_games,"{""id"": 6122464}",,,,,,False,
missing_in_database,match_games,"{""id"": 6122465}",,,,,,False,
missing_in_database,match_games,"{""id"": 6122466}",,,,,,False,
missing_in_database,match_games,"{""id"": 6122467}",,,,,,False,
missing_in_database,match_games,"{""id"": 6122468}",,,,,,False,
missing_in_database,match_games,"{""id"": 6122469}",,,,,,False,
missing_in_database,match_games,"{""id"": 6122470}",,,,,,False,
missing_in_database,match_games,"{""id"": 6122471}",,,,,,False,
missing_in_database,match_games,"{""id"": 6122472}",,,,,,False,
missing_in_database,match_games,"{""id"": 6122473}",,,,,,False,
missing_in_database,match_games,"{""id"": 6122474}",,,,,,False,
missing_in_database,match_games,"{""id"": 6122475}",,,,,,False,
missing_in_database,match_games,"{""id"": 6122476}",,,,,,False,
missing_in_database,match_games,"{""id"": 6122477}",,,,,,False,
missing_in_database,match_games,"{""id"": 6122478}",,,,,,False,
missing_in_database,match_games,"{""id"": 6122479}",,,,,,False,
missing_in_database,match_games,"{""id"": 6122480}",,,,,,False,
missing_in_database,match_games,"{""id"": 6122481}",,,,,,False,
missing_in_database,match_games,"{""id"": 6122482}",,,,,,False,
missing_in_database,match_games,"{""id"": 6122483}",,,,,,False,
missing_in_database,match_games,"{""id"": 6122484}",,,,,,False,
missing_in_database,match_games,"{""id"": 6122485}",,,,,,False,
missing_in_database,match_games,"{""id"": 6122486}",,,,,,False,
missing_in_database,match_games,"{""id"": 6122487}",,,,,,False,
missing_in_database,match_games,"{""id"": 6122488}",,,,,,False,
missing_in_database,match_games,"{""id"": 6122489}",,,,,,False,
missing_in_database,match_games,"{""id"": 6122490}",,,,,,False,
missing_in_database,match_games,"{""id"": 6122491}",,,,,,False,
missing_in_database,match_games,"{""id"": 6122492}",,,,,,False,
missing_in_database,match_games,"{""id"": 6122493}",,,,,,False,
missing_in_database,match_games,"{""id"": 6122494}",,,,,,False,
missing_in_database,match_games,"{""id"": 6122495}",,,,,,False,
missing_in_database,match_games,"{""id"": 6122496}",,,,,,False,
missing_in_database,match_games,"{""id"": 6122497}",,,,,,False,
missing_in_database,match_games,"{""id"": 6122498}",,,,,,False,
missing_in_database,match_games,"{""id"": 6122499}",,,,,,False,
missing_in_database,match_games,"{""id"": 6122500}",,,,,,False,
missing_in_database,match_games,"{""id"": 6122501}",,,,,,False,
missing_in_database,match_games,"{""id"": 6122502}",,,,,,False,
missing_in_database,match_games,"{""id"": 6122503}",,,,,,False,
missing_in_database,match_games,"{""id"": 6122504}",,,,,,False,
missing_in_database,match_games,"{""id"": 6122505}",,,,,,False,
missing_in_database,match_games,"{""id"": 6122506}",,,,,,False,
missing_in_database,match_games,"{""id"": 6122507}",,,,,,False,
missing_in_database,match_games,"{""id"": 6122508}",,,,,,False,
missing_in_database,match_games,"{""id"": 6122509}",,,,,,False,
missing_in_database,match_games,"{""id"": 6122510}",,,,,,False,
missing_in_database,match_games,"{""id"": 6122511}",,,,,,False,
missing_in_database,match_games,"{""id"": 6122512}",,,,,,False,
missing_in_database,match_games,"{""id"": 6122513}",,,,,,False,
missing_in_database,match_games,"{""id"": 6122514}",,,,,,False,
missing_in_database,match_games,"{""id"": 6122515}",,,,,,False,
missing_in_database,match_games,"{""id"": 6122516}",,,,,,False,
missing_in_database,match_games,"{""id"": 6122517}",,,,,,False,
missing_in_database,match_games,"{""id"": 6122518}",,,,,,False,
missing_in_database,match_games,"{""id"": 6122519}",,,,,,False,
missing_in_database,match_games,"{""id"": 6122520}",,,,,,False,
missing_in_database,match_games,"{""id"": 6122521}",,,,,,False,
missing_in_database,match_games,"{""id"": 6122522}",,,,,,False,
missing_in_database,match_games,"{""id"": 6122523}",,,,,,False,
missing_in_database,match_games,"{""id"": 6122524}",,,,,,False,
missing_in_database,match_games,"{""id"": 6122525}",,,,,,False,
missing_in_database,match_games,"{""id"": 6122526}",,,,,,False,
missing_in_database,match_games,"{""id"": 6122527}",,,,,,False,
missing_in_database,match_games,"{""id"": 6122528}",,,,,,False,
missing_in_database,match_games,"{""id"": 6122529}",,,,,,False,
missing_in_database,match_games,"{""id"": 6122530}",,,,,,False,
missing_in_database,match_games,"{""id"": 6122531}",,,,,,False,
missing_in_database,match_games,"{""id"": 6122532}",,,,,,False,
missing_in_database,match_games,"{""id"": 6122533}",,,,,,False,
missing_in_database,match_games,"{""id"": 6122534}",,,,,,False,
missing_in_database,match_games,"{""id"": 6122535}",,,,,,False,
missing_in_database,match_games,"{""id"": 6122536}",,,,,,False,
missing_in_database,match_games,"{""id"": 6122537}",,,,,,False,
missing_in_database,match_games,"{""id"": 6122538}",,,,,,False,
missing_in_database,match_games,"{""id"": 6122539}",,,,,,False,
missing_in_database,match_games,"{""id"": 6122540}",,,,,,False,
missing_in_database,match_games,"{""id"": 6122541}",,,,,,False,
missing_in_database,match_games,"{""id"": 6122542}",,,,,,False,
missing_in_database,match_games,"{""id"": 6122543}",,,,,,False,
missing_in_database,match_games,"{""id"": 6122544}",,,,,,False,
missing_in_database,match_games,"{""id"": 6122545}",,,,,,False,
missing_in_database,match_games,"{""id"": 6122546}",,,,,,False,
missing_in_database,match_games,"{""id"": 6122547}",,,,,,False,
missing_in_database,match_games,"{""id"": 6122548}",,,,,,False,
missing_in_database,match_games,"{""id"": 6122549}",,,,,,False,
missing_in_database,match_games,"{""id"": 6122550}",,,,,,False,
missing_in_database,match_games,"{""id"": 6122551}",,,,,,False,
missing_in_database,match_games,"{""id"": 6122552}",,,,,,False,
missing_in_database,match_games,"{""id"": 6122553}",,,,,,False,
missing_in_database,match_games,"{""id"": 6122554}",,,,,,False,
missing_in_database,match_games,"{""id"": 6122555}",,,,,,False,
missing_in_database,match_games,"{""id"": 6122556}",,,,,,False,
missing_in_database,match_games,"{""id"": 6122557}",,,,,,False,
missing_in_database,match_games,"{""id"": 6122558}",,,,,,False,
missing_in_database,match_games,"{""id"": 6122559}",,,,,,False,
missing_in_database,match_games,"{""id"": 6122560}",,,,,,False,
missing_in_database,match_games,"{""id"": 6122561}",,,,,,False,
missing_in_database,match_games,"{""id"": 6122562}",,,,,,False,
missing_in_database,match_games,"{""id"": 6122563}",,,,,,False,
missing_in_database,match_games,"{""id"": 6122564}",,,,,,False,
missing_in_database,match_games,"{""id"": 6122565}",,,,,,False,
missing_in_database,match_games,"{""id"": 6122566}",,,,,,False,
missing_in_database,match_games,"{""id"": 6122567}",,,,,,False,
missing_in_database,match_games,"{""id"": 6122568}",,,,,,False,
missing_in_database,match_games,"{""id"": 6122569}",,,,,,False,
missing_in_database,match_games,"{""id"": 6122570}",,,,,,False,
missing_in_database,match_games,"{""id"": 6122571}",,,,,,False,
missing_in_database,match_games,"{""id"": 6122572}",,,,,,False,
missing_in_database,match_games,"{""id"": 6122573}",,,,,,False,
missing_in_database,match_games,"{""id"": 6122574}",,,,,,False,
missing_in_database,match_games,"{""id"": 6122575}",,,,,,False,
missing_in_database,match_games,"{""id"": 6122576}",,,,,,False,
missing_in_database,match_games,"{""id"": 6122577}",,,,,,False,
missing_in_database,match_games,"{""id"": 6122578}",,,,,,False,
missing_in_database,match_games,"{""id"": 6122579}",,,,,,False,
missing_in_database,match_games,"{""id"": 6122580}",,,,,,False,
missing_in_database,match_games,"{""id"": 6122581}",,,,,,False,
missing_in_database,match_games,"{""id"": 6122582}",,,,,,False,
missing_in_database,match_games,"{""id"": 6122583}",,,,,,False,
missing_in_database,match_games,"{""id"": 6122584}",,,,,,False,
missing_in_database,match_games,"{""id"": 6122585}",,,,,,False,
missing_in_database,match_games,"{""id"": 6122586}",,,,,,False,
missing_in_database,match_games,"{""id"": 6122587}",,,,,,False,
missing_in_database,match_games,"{""id"": 6122588}",,,,,,False,
missing_in_database,match_games,"{""id"": 6122589}",,,,,,False,
missing_in_database,match_games,"{""id"": 6122590}",,,,,,False,
missing_in_database,match_games,"{""id"": 6122591}",,,,,,False,
missing_in_database,match_games,"{""id"": 6122592}",,,,,,False,
missing_in_database,match_games,"{""id"": 6122593}",,,,,,False,
missing_in_database,match_games,"{""id"": 6122594}",,,,,,False,
missing_in_database,match_games,"{""id"": 6122595}",,,,,,False,
missing_in_database,match_games,"{""id"": 6122596}",,,,,,False,
missing_in_database,match_games,"{""id"": 6122597}",,,,,,False,
missing_in_database,match_games,"{""id"": 6122598}",,,,,,False,
missing_in_database,match_games,"{""id"": 6122599}",,,,,,False,
missing_in_database,match_games,"{""id"": 6122600}",,,,,,False,
missing_in_database,match_games,"{""id"": 6122601}",,,,,,False,
missing_in_database,match_games,"{""id"": 6122602}",,,,,,False,
missing_in_database,match_games,"{""id"": 6122603}",,,,,,False,
missing_in_database,match_games,"{""id"": 6122604}",,,,,,False,
missing_in_database,match_games,"{""id"": 6122605}",,,,,,False,
missing_in_database,match_games,"{""id"": 6122606}",,,,,,False,
missing_in_database,match_games,"{""id"": 6122607}",,,,,,False,
missing_in_database,match_games,"{""id"": 6122608}",,,,,,False,
missing_in_database,match_games,"{""id"": 6122609}",,,,,,False,
missing_in_database,match_games,"{""id"": 6122610}",,,,,,False,
missing_in_database,match_games,"{""id"": 6122611}",,,,,,False,
missing_in_database,match_games,"{""id"": 6122612}",,,,,,False,
missing_in_database,match_games,"{""id"": 6122613}",,,,,,False,
missing_in_database,match_games,"{""id"": 6122614}",,,,,,False,
missing_in_database,match_games,"{""id"": 6122615}",,,,,,False,
missing_in_database,match_games,"{""id"": 6122616}",,,,,,False,
missing_in_database,match_games,"{""id"": 6122617}",,,,,,False,
missing_in_database,match_games,"{""id"": 6122618}",,,,,,False,
missing_in_database,match_games,"{""id"": 6122619}",,,,,,False,
missing_in_database,match_games,"{""id"": 6122620}",,,,,,False,
missing_in_database,match_games,"{""id"": 6122621}",,,,,,False,
missing_in_database,match_games,"{""id"": 6122622}",,,,,,False,
missing_in_database,match_games,"{""id"": 6122623}",,,,,,False,
missing_in_database,match_games,"{""id"": 6122624}",,,,,,False,
missing_in_database,match_games,"{""id"": 6122625}",,,,,,False,
missing_in_database,match_games,"{""id"": 6122626}",,,,,,False,
missing_in_database,match_games,"{""id"": 6122627}",,,,,,False,
missing_in_database,match_games,"{""id"": 6122628}",,,,,,False,
missing_in_database,match_games,"{""id"": 6122629}",,,,,,False,
missing_in_database,match_games,"{""id"": 6122630}",,,,,,False,
missing_in_database,match_games,"{""id"": 6122631}",,,,,,False,
missing_in_database,match_games,"{""id"": 6122632}",,,,,,False,
missing_in_database,match_games,"{""id"": 6122633}",,,,,,False,
missing_in_database,match_games,"{""id"": 6122634}",,,,,,False,
missing_in_database,match_games,"{""id"": 6122635}",,,,,,False,
missing_in_database,match_games,"{""id"": 6122636}",,,,,,False,
missing_in_database,match_games,"{""id"": 6122637}",,,,,,False,
missing_in_database,match_games,"{""id"": 6122638}",,,,,,False,
missing_in_database,match_games,"{""id"": 6122639}",,,,,,False,
missing_in_database,match_games,"{""id"": 6122640}",,,,,,False,
missing_in_database,match_games,"{""id"": 6122641}",,,,,,False,
missing_in_database,match_games,"{""id"": 6122642}",,,,,,False,
missing_in_database,match_games,"{""id"": 6122643}",,,,,,False,
missing_in_database,match_games,"{""id"": 6122644}",,,,,,False,
missing_in_database,match_games,"{""id"": 6122645}",,,,,,False,
missing_in_database,match_games,"{""id"": 6122646}",,,,,,False,
missing_in_database,match_games,"{""id"": 6122647}",,,,,,False,
missing_in_database,match_games,"{""id"": 6122648}",,,,,,False,
missing_in_database,match_games,"{""id"": 6122649}",,,,,,False,
missing_in_database,match_games,"{""id"": 6122650}",,,,,,False,
missing_in_database,match_games,"{""id"": 6122651}",,,,,,False,
missing_in_database,match_games,"{""id"": 6122652}",,,,,,False,
missing_in_database,match_games,"{""id"": 6122653}",,,,,,False,
missing_in_database,match_games,"{""id"": 6122654}",,,,,,False,
missing_in_database,match_games,"{""id"": 6122655}",,,,,,False,
missing_in_database,match_games,"{""id"": 6122656}",,,,,,False,
missing_in_database,match_games,"{""id"": 6122657}",,,,,,False,
missing_in_database,match_games,"{""id"": 6122658}",,,,,,False,
missing_in_database,match_games,"{""id"": 6122659}",,,,,,False,
missing_in_database,match_games,"{""id"": 6122660}",,,,,,False,
missing_in_database,match_games,"{""id"": 6122661}",,,,,,False,
missing_in_database,match_games,"{""id"": 6122662}",,,,,,False,
missing_in_database,match_games,"{""id"": 6122663}",,,,,,False,
missing_in_database,match_games,"{""id"": 6122664}",,,,,,False,
missing_in_database,match_games,"{""id"": 6122665}",,,,,,False,
missing_in_database,match_games,"{""id"": 6122666}",,,,,,False,
missing_in_database,match_games,"{""id"": 6122667}",,,,,,False,
missing_in_database,match_games,"{""id"": 6122668}",,,,,,False,
missing_in_database,match_games,"{""id"": 6122669}",,,,,,False,
missing_in_database,match_games,"{""id"": 6122670}",,,,,,False,
missing_in_database,match_games,"{""id"": 6122671}",,,,,,False,
missing_in_database,match_games,"{""id"": 6122672}",,,,,,False,
missing_in_database,match_games,"{""id"": 6122673}",,,,,,False,
missing_in_database,match_games,"{""id"": 6122674}",,,,,,False,
missing_in_database,match_games,"{""id"": 6122675}",,,,,,False,
missing_in_database,match_games,"{""id"": 6122676}",,,,,,False,
missing_in_database,match_games,"{""id"": 6122677}",,,,,,False,
missing_in_database,match_games,"{""id"": 6122678}",,,,,,False,
missing_in_database,match_games,"{""id"": 6122679}",,,,,,False,
missing_in_database,match_games,"{""id"": 6122680}",,,,,,False,
missing_in_database,match_games,"{""id"": 6122681}",,,,,,False,
missing_in_database,match_games,"{""id"": 6122682}",,,,,,False,
missing_in_database,match_games,"{""id"": 6122683}",,,,,,False,
missing_in_database,match_games,"{""id"": 6122684}",,,,,,False,
missing_in_database,match_games,"{""id"": 6122685}",,,,,,False,
missing_in_database,match_games,"{""id"": 6122686}",,,,,,False,
missing_in_database,match_games,"{""id"": 6122687}",,,,,,False,
missing_in_database,match_games,"{""id"": 6122688}",,,,,,False,
missing_in_database,match_games,"{""id"": 6122689}",,,,,,False,
missing_in_database,match_games,"{""id"": 6122690}",,,,,,False,
missing_in_database,match_games,"{""id"": 6122691}",,,,,,False,
missing_in_database,match_games,"{""id"": 6122692}",,,,,,False,
missing_in_database,match_games,"{""id"": 6122693}",,,,,,False,
missing_in_database,match_games,"{""id"": 6122694}",,,,,,False,
missing_in_database,match_games,"{""id"": 6122695}",,,,,,False,
missing_in_database,match_games,"{""id"": 6122696}",,,,,,False,
missing_in_database,match_games,"{""id"": 6122697}",,,,,,False,
missing_in_database,match_games,"{""id"": 6122698}",,,,,,False,
missing_in_database,match_games,"{""id"": 6122699}",,,,,,False,
missing_in_database,match_games,"{""id"": 6122700}",,,,,,False,
missing_in_database,match_games,"{""id"": 6122701}",,,,,,False,
missing_in_database,match_games,"{""id"": 6122702}",,,,,,False,
missing_in_database,match_games,"{""id"": 6122703}",,,,,,False,
missing_in_database,match_games,"{""id"": 6122704}",,,,,,False,
missing_in_database,match_games,"{""id"": 6122705}",,,,,,False,
missing_in_database,match_games,"{""id"": 6122706}",,,,,,False,
missing_in_database,match_games,"{""id"": 6122707}",,,,,,False,
missing_in_database,match_games,"{""id"": 6122708}",,,,,,False,
missing_in_database,match_games,"{""id"": 6122709}",,,,,,False,
missing_in_database,match_games,"{""id"": 6122710}",,,,,,False,
missing_in_database,match_games,"{""id"": 6122711}",,,,,,False,
missing_in_database,match_games,"{""id"": 6122712}",,,,,,False,
missing_in_database,match_games,"{""id"": 6122713}",,,,,,False,
missing_in_database,match_games,"{""id"": 6122714}",,,,,,False,
missing_in_database,match_games,"{""id"": 6122715}",,,,,,False,
missing_in_database,match_games,"{""id"": 6122716}",,,,,,False,
missing_in_database,match_games,"{""id"": 6122717}",,,,,,False,
missing_in_database,match_games,"{""id"": 6122718}",,,,,,False,
missing_in_database,match_games,"{""id"": 6122719}",,,,,,False,
missing_in_database,match_games,"{""id"": 6122720}",,,,,,False,
missing_in_database,match_games,"{""id"": 6122721}",,,,,,False,
missing_in_database,match_games,"{""id"": 6122722}",,,,,,False,
missing_in_database,match_games,"{""id"": 6122723}",,,,,,False,
missing_in_database,match_games,"{""id"": 6122724}",,,,,,False,
missing_in_database,match_games,"{""id"": 6122725}",,,,,,False,
missing_in_database,match_games,"{""id"": 6122726}",,,,,,False,
missing_in_database,match_games,"{""id"": 6122727}",,,,,,False,
missing_in_database,match_games,"{""id"": 6122728}",,,,,,False,
missing_in_database,match_games,"{""id"": 6122729}",,,,,,False,
missing_in_database,match_games,"{""id"": 6122730}",,,,,,False,
missing_in_database,match_games,"{""id"": 6122731}",,,,,,False,
missing_in_database,match_games,"{""id"": 6122732}",,,,,,False,
missing_in_database,match_games,"{""id"": 6122733}",,,,,,False,
missing_in_database,match_games,"{""id"": 6122734}",,,,,,False,
missing_in_database,match_games,"{""id"": 6122735}",,,,,,False,
missing_in_database,match_games,"{""id"": 6122736}",,,,,,False,
missing_in_database,match_games,"{""id"": 6122737}",,,,,,False,
missing_in_database,match_games,"{""id"": 6122738}",,,,,,False,
missing_in_database,match_games,"{""id"": 6122739}",,,,,,False,
missing_in_database,match_games,"{""id"": 6122740}",,,,,,False,
missing_in_database,match_games,"{""id"": 6122741}",,,,,,False,
missing_in_database,match_games,"{""id"": 6122742}",,,,,,False,
missing_in_database,match_games,"{""id"": 6122743}",,,,,,False,
missing_in_database,match_games,"{""id"": 6122744}",,,,,,False,
missing_in_database,match_games,"{""id"": 6122745}",,,,,,False,
missing_in_database,match_games,"{""id"": 6122746}",,,,,,False,
missing_in_database,match_games,"{""id"": 6122747}",,,,,,False,
missing_in_database,match_games,"{""id"": 6122748}",,,,,,False,
missing_in_database,match_games,"{""id"": 6122749}",,,,,,False,
missing_in_database,match_games,"{""id"": 6122750}",,,,,,False,
missing_in_database,match_games,"{""id"": 6122751}",,,,,,False,
missing_in_database,match_games,"{""id"": 6122752}",,,,,,False,
missing_in_database,match_games,"{""id"": 6122753}",,,,,,False,
missing_in_database,match_games,"{""id"": 6122754}",,,,,,False,
missing_in_database,match_games,"{""id"": 6122755}",,,,,,False,
missing_in_database,match_games,"{""id"": 6122756}",,,,,,False,
missing_in_database,match_games,"{""id"": 6122757}",,,,,,False,
missing_in_database,match_games,"{""id"": 6122758}",,,,,,False,
missing_in_database,match_games,"{""id"": 6122759}",,,,,,False,
missing_in_database,match_games,"{""id"": 6122760}",,,,,,False,
missing_in_database,match_games,"{""id"": 6122761}",,,,,,False,
missing_in_database,match_games,"{""id"": 6122762}",,,,,,False,
missing_in_database,match_games,"{""id"": 6122763}",,,,,,False,
missing_in_database,match_games,"{""id"": 6122764}",,,,,,False,
missing_in_database,match_games,"{""id"": 6122765}",,,,,,False,
missing_in_database,match_games,"{""id"": 6122766}",,,,,,False,
missing_in_database,match_games,"{""id"": 6122767}",,,,,,False,
missing_in_database,match_games,"{""id"": 6122768}",,,,,,False,
missing_in_database,match_games,"{""id"": 6122769}",,,,,,False,
missing_in_database,match_games,"{""id"": 6122770}",,,,,,False,
missing_in_database,match_games,"{""id"": 6122771}",,,,,,False,
missing_in_database,match_games,"{""id"": 6122772}",,,,,,False,
missing_in_database,match_games,"{""id"": 6122773}",,,,,,False,
missing_in_database,match_games,"{""id"": 6122774}",,,,,,False,
missing_in_database,match_games,"{""id"": 6122775}",,,,,,False,
missing_in_database,match_games,"{""id"": 6122776}",,,,,,False,
missing_in_database,match_games,"{""id"": 6122777}",,,,,,False,
missing_in_database,match_games,"{""id"": 6122778}",,,,,,False,
missing_in_database,match_games,"{""id"": 6122779}",,,,,,False,
missing_in_database,match_games,"{""id"": 6122780}",,,,,,False,
missing_in_database,match_games,"{""id"": 6122781}",,,,,,False,
missing_in_database,match_games,"{""id"": 6122782}",,,,,,False,
missing_in_database,match_games,"{""id"": 6122783}",,,,,,False,
missing_in_database,match_games,"{""id"": 6122784}",,,,,,False,
missing_in_database,match_games,"{""id"": 6122785}",,,,,,False,
missing_in_database,match_games,"{""id"": 6122786}",,,,,,False,
missing_in_database,match_games,"{""id"": 6122787}",,,,,,False,
missing_in_database,match_games,"{""id"": 6122788}",,,,,,False,
missing_in_database,match_games,"{""id"": 6122789}",,,,,,False,
missing_in_database,match_games,"{""id"": 6122790}",,,,,,False,
missing_in_database,match_games,"{""id"": 6122791}",,,,,,False,
missing_in_database,match_games,"{""id"": 6122792}",,,,,,False,
missing_in_database,match_games,"{""id"": 6122793}",,,,,,False,
missing_in_database,match_games,"{""id"": 6122794}",,,,,,False,
missing_in_database,match_games,"{""id"": 6122795}",,,,,,False,
missing_in_database,match_games,"{""id"": 6122796}",,,,,,False,
missing_in_database,match_games,"{""id"": 6122797}",,,,,,False,
missing_in_database,match_games,"{""id"": 6122798}",,,,,,False,
missing_in_database,match_games,"{""id"": 6122799}",,,,,,False,
missing_in_database,match_games,"{""id"": 6122800}",,,,,,False,
missing_in_database,match_games,"{""id"": 6122801}",,,,,,False,
missing_in_database,match_games,"{""id"": 6122802}",,,,,,False,
missing_in_database,match_games,"{""id"": 6122803}",,,,,,False,
missing_in_database,match_games,"{""id"": 6122804}",,,,,,False,
missing_in_database,match_games,"{""id"": 6122805}",,,,,,False,
missing_in_database,match_games,"{""id"": 6122806}",,,,,,False,
missing_in_database,match_games,"{""id"": 6122807}",,,,,,False,
missing_in_database,match_games,"{""id"": 6122808}",,,,,,False,
missing_in_database,match_games,"{""id"": 6122809}",,,,,,False,
missing_in_database,match_games,"{""id"": 6122810}",,,,,,False,
missing_in_database,match_games,"{""id"": 6122811}",,,,,,False,
missing_in_database,match_games,"{""id"": 6122812}",,,,,,False,
missing_in_database,match_games,"{""id"": 6122813}",,,,,,False,
missing_in_database,match_games,"{""id"": 6122814}",,,,,,False,
missing_in_database,match_games,"{""id"": 6122815}",,,,,,False,
missing_in_database,match_games,"{""id"": 6122816}",,,,,,False,
missing_in_database,match_games,"{""id"": 6122817}",,,,,,False,
missing_in_database,match_games,"{""id"": 6122818}",,,,,,False,
missing_in_database,match_games,"{""id"": 6122819}",,,,,,False,
missing_in_database,match_games,"{""id"": 6122820}",,,,,,False,
missing_in_database,match_games,"{""id"": 6122821}",,,,,,False,
missing_in_database,match_games,"{""id"": 6122822}",,,,,,False,
missing_in_database,match_games,"{""id"": 6122823}",,,,,,False,
missing_in_database,match_games,"{""id"": 6122824}",,,,,,False,
missing_in_database,match_games,"{""id"": 6122825}",,,,,,False,
missing_in_database,match_games,"{""id"": 6122826}",,,,,,False,
missing_in_database,match_games,"{""id"": 6122827}",,,,,,False,
missing_in_database,match_games,"{""id"": 6122828}",,,,,,False,
missing_in_database,match_games,"{""id"": 6122829}",,,,,,False,
missing_in_database,match_games,"{""id"": 6122830}",,,,,,False,
missing_in_database,match_games,"{""id"": 6122831}",,,,,,False,
missing_in_database,match_games,"{""id"": 6122832}",,,,,,False,
missing_in_database,match_games,"{""id"": 6122833}",,,,,,False,
missing_in_database,match_games,"{""id"": 6122834}",,,,,,False,
missing_in_database,match_games,"{""id"": 6122835}",,,,,,False,
missing_in_database,match_games,"{""id"": 6122836}",,,,,,False,
missing_in_database,match_games,"{""id"": 6122837}",,,,,,False,
missing_in_database,match_games,"{""id"": 6122838}",,,,,,False,
missing_in_database,match_games,"{""id"": 6122839}",,,,,,False,
missing_in_database,match_games,"{""id"": 6122840}",,,,,,False,
missing_in_database,match_games,"{""id"": 6122841}",,,,,,False,
missing_in_database,match_games,"{""id"": 6122842}",,,,,,False,
missing_in_database,match_games,"{""id"": 6122843}",,,,,,False,
missing_in_database,match_games,"{""id"": 6122844}",,,,,,False,
missing_in_database,match_games,"{""id"": 6122845}",,,,,,False,
missing_in_database,match_games,"{""id"": 6122846}",,,,,,False,
missing_in_database,match_games,"{""id"": 6122847}",,,,,,False,
missing_in_database,match_games,"{""id"": 6122848}",,,,,,False,
missing_in_database,match_games,"{""id"": 6122849}",,,,,,False,
missing_in_database,match_games,"{""id"": 6122850}",,,,,,False,
missing_in_database,match_games,"{""id"": 6122851}",,,,,,False,
missing_in_database,match_games,"{""id"": 6122852}",,,,,,False,
missing_in_database,match_games,"{""id"": 6122853}",,,,,,False,
missing_in_database,match_games,"{""id"": 6122854}",,,,,,False,
missing_in_database,match_games,"{""id"": 6122855}",,,,,,False,
missing_in_database,match_games,"{""id"": 6122856}",,,,,,False,
missing_in_database,match_games,"{""id"": 6122857}",,,,,,False,
missing_in_database,match_games,"{""id"": 6122858}",,,,,,False,
missing_in_database,match_games,"{""id"": 6122859}",,,,,,False,
missing_in_database,match_games,"{""id"": 6122860}",,,,,,False,
missing_in_database,match_games,"{""id"": 6122861}",,,,,,False,
missing_in_database,match_games,"{""id"": 6122862}",,,,,,False,
missing_in_database,match_games,"{""id"": 6122863}",,,,,,False,
missing_in_database,match_games,"{""id"": 6122864}",,,,,,False,
missing_in_database,match_games,"{""id"": 6122865}",,,,,,False,
missing_in_database,match_games,"{""id"": 6122866}",,,,,,False,
missing_in_database,match_games,"{""id"": 6122867}",,,,,,False,
missing_in_database,match_games,"{""id"": 6122868}",,,,,,False,
missing_in_database,match_games,"{""id"": 6122869}",,,,,,False,
missing_in_database,match_games,"{""id"": 6122870}",,,,,,False,
missing_in_database,match_games,"{""id"": 6122871}",,,,,,False,
missing_in_database,match_games,"{""id"": 6122872}",,,,,,False,
missing_in_database,match_games,"{""id"": 6122873}",,,,,,False,
missing_in_database,match_games,"{""id"": 6122874}",,,,,,False,
missing_in_database,match_games,"{""id"": 6122875}",,,,,,False,
missing_in_database,match_games,"{""id"": 6122876}",,,,,,False,
missing_in_database,match_games,"{""id"": 6122877}",,,,,,False,
missing_in_database,match_games,"{""id"": 6122878}",,,,,,False,
missing_in_database,match_games,"{""id"": 6122879}",,,,,,False,
missing_in_database,match_games,"{""id"": 6122880}",,,,,,False,
missing_in_database,match_games,"{""id"": 6122881}",,,,,,False,
missing_in_database,match_games,"{""id"": 6122882}",,,,,,False,
missing_in_database,match_games,"{""id"": 6122883}",,,,,,False,
missing_in_database,match_games,"{""id"": 6122884}",,,,,,False,
missing_in_database,match_games,"{""id"": 6122885}",,,,,,False,
missing_in_database,match_games,"{""id"": 6122886}",,,,,,False,
missing_in_database,match_games,"{""id"": 6122887}",,,,,,False,
missing_in_database,match_games,"{""id"": 6122888}",,,,,,False,
missing_in_database,match_games,"{""id"": 6122889}",,,,,,False,
missing_in_database,match_games,"{""id"": 6122890}",,,,,,False,
missing_in_database,match_games,"{""id"": 6122891}",,,,,,False,
missing_in_database,match_games,"{""id"": 6122892}",,,,,,False,
missing_in_database,match_games,"{""id"": 6122893}",,,,,,False,
missing_in_database,match_games,"{""id"": 6122894}",,,,,,False,
missing_in_database,match_games,"{""id"": 6122895}",,,,,,False,
missing_in_database,match_games,"{""id"": 6122896}",,,,,,False,
missing_in_database,match_games,"{""id"": 6122897}",,,,,,False,
missing_in_database,match_games,"{""id"": 6122898}",,,,,,False,
missing_in_database,match_games,"{""id"": 6122899}",,,,,,False,
missing_in_database,match_games,"{""id"": 6122900}",,,,,,False,
missing_in_database,match_games,"{""id"": 6122901}",,,,,,False,
missing_in_database,match_games,"{""id"": 6122902}",,,,,,False,
missing_in_database,match_games,"{""id"": 6122903}",,,,,,False,
missing_in_database,match_games,"{""id"": 6122904}",,,,,,False,
missing_in_database,match_games,"{""id"": 6122905}",,,,,,False,
missing_in_database,match_games,"{""id"": 6122906}",,,,,,False,
missing_in_database,match_games,"{""id"": 6122907}",,,,,,False,
missing_in_database,match_games,"{""id"": 6122908}",,,,,,False,
missing_in_database,match_games,"{""id"": 6122909}",,,,,,False,
missing_in_database,match_games,"{""id"": 6122910}",,,,,,False,
missing_in_database,match_games,"{""id"": 6122911}",,,,,,False,
missing_in_database,match_games,"{""id"": 6122912}",,,,,,False,
missing_in_database,match_games,"{""id"": 6122913}",,,,,,False,
missing_in_database,match_games,"{""id"": 6122914}",,,,,,False,
missing_in_database,match_games,"{""id"": 6122915}",,,,,,False,
missing_in_database,match_games,"{""id"": 6122916}",,,,,,False,
missing_in_database,match_games,"{""id"": 6122917}",,,,,,False,
missing_in_database,match_games,"{""id"": 6122918}",,,,,,False,
missing_in_database,match_games,"{""id"": 6122919}",,,,,,False,
missing_in_database,match_games,"{""id"": 6122920}",,,,,,False,
missing_in_database,match_games,"{""id"": 6122921}",,,,,,False,
missing_in_database,match_games,"{""id"": 6122922}",,,,,,False,
missing_in_database,match_games,"{""id"": 6122923}",,,,,,False,
missing_in_database,match_games,"{""id"": 6122924}",,,,,,False,
missing_in_database,match_games,"{""id"": 6122925}",,,,,,False,
missing_in_database,match_games,"{""id"": 6122926}",,,,,,False,
missing_in_database,match_games,"{""id"": 6122927}",,,,,,False,
missing_in_database,match_games,"{""id"": 6122928}",,,,,,False,
missing_in_database,match_games,"{""id"": 6122929}",,,,,,False,
missing_in_database,match_games,"{""id"": 6122930}",,,,,,False,
missing_in_database,match_games,"{""id"": 6122931}",,,,,,False,
missing_in_database,match_games,"{""id"": 6122932}",,,,,,False,
missing_in_database,match_games,"{""id"": 6122933}",,,,,,False,
missing_in_database,match_games,"{""id"": 6122934}",,,,,,False,
missing_in_database,match_games,"{""id"": 6122935}",,,,,,False,
missing_in_database,match_games,"{""id"": 6122936}",,,,,,False,
missing_in_database,match_games,"{""id"": 6122937}",,,,,,False,
missing_in_database,match_games,"{""id"": 6122938}",,,,,,False,
missing_in_database,match_games,"{""id"": 6122939}",,,,,,False,
missing_in_database,match_games,"{""id"": 6122940}",,,,,,False,
missing_in_database,match_games,"{""id"": 6122941}",,,,,,False,
missing_in_database,match_games,"{""id"": 6122942}",,,,,,False,
missing_in_database,match_games,"{""id"": 6122943}",,,,,,False,
missing_in_database,match_games,"{""id"": 6122944}",,,,,,False,
missing_in_database,match_games,"{""id"": 6122945}",,,,,,False,
missing_in_database,match_games,"{""id"": 6122946}",,,,,,False,
missing_in_database,match_games,"{""id"": 6122947}",,,,,,False,
missing_in_database,match_games,"{""id"": 6122948}",,,,,,False,
missing_in_database,match_games,"{""id"": 6122949}",,,,,,False,
missing_in_database,match_games,"{""id"": 6122950}",,,,,,False,
missing_in_database,match_games,"{""id"": 6122951}",,,,,,False,
missing_in_database,match_games,"{""id"": 6122952}",,,,,,False,
missing_in_database,match_games,"{""id"": 6122953}",,,,,,False,
missing_in_database,match_games,"{""id"": 6122954}",,,,,,False,
missing_in_database,match_games,"{""id"": 6122955}",,,,,,False,
missing_in_database,match_games,"{""id"": 6122956}",,,,,,False,
missing_in_database,match_games,"{""id"": 6122957}",,,,,,False,
missing_in_database,match_games,"{""id"": 6122958}",,,,,,False,
missing_in_database,match_games,"{""id"": 6122959}",,,,,,False,
missing_in_database,match_games,"{""id"": 6122960}",,,,,,False,
missing_in_database,match_games,"{""id"": 6122961}",,,,,,False,
missing_in_database,match_games,"{""id"": 6122962}",,,,,,False,
missing_in_database,match_games,"{""id"": 6122963}",,,,,,False,
missing_in_database,match_games,"{""id"": 6122964}",,,,,,False,
missing_in_database,match_games,"{""id"": 6122965}",,,,,,False,
missing_in_database,match_games,"{""id"": 6122966}",,,,,,False,
missing_in_database,match_games,"{""id"": 6122967}",,,,,,False,
missing_in_database,match_games,"{""id"": 6122968}",,,,,,False,
missing_in_database,match_games,"{""id"": 6122969}",,,,,,False,
missing_in_database,match_games,"{""id"": 6122970}",,,,,,False,
missing_in_database,match_games,"{""id"": 6122971}",,,,,,False,
missing_in_database,match_games,"{""id"": 6122972}",,,,,,False,
missing_in_database,match_games,"{""id"": 6122973}",,,,,,False,
missing_in_database,match_games,"{""id"": 6122974}",,,,,,False,
missing_in_database,match_games,"{""id"": 6122975}",,,,,,False,
missing_in_database,match_games,"{""id"": 6122976}",,,,,,False,
missing_in_database,match_games,"{""id"": 6122977}",,,,,,False,
missing_in_database,match_games,"{""id"": 6122978}",,,,,,False,
missing_in_database,match_games,"{""id"": 6122979}",,,,,,False,
missing_in_database,match_games,"{""id"": 6122980}",,,,,,False,
missing_in_database,match_games,"{""id"": 6122981}",,,,,,False,
missing_in_database,match_games,"{""id"": 6122982}",,,,,,False,
missing_in_database,match_games,"{""id"": 6122983}",,,,,,False,
missing_in_database,match_games,"{""id"": 6122984}",,,,,,False,
missing_in_database,match_games,"{""id"": 6122985}",,,,,,False,
missing_in_database,match_games,"{""id"": 6122986}",,,,,,False,
missing_in_database,match_games,"{""id"": 6122987}",,,,,,False,
missing_in_database,match_games,"{""id"": 6122988}",,,,,,False,
missing_in_database,match_games,"{""id"": 6122989}",,,,,,False,
missing_in_database,match_games,"{""id"": 6122990}",,,,,,False,
missing_in_database,match_games,"{""id"": 6122991}",,,,,,False,
missing_in_database,match_games,"{""id"": 6122992}",,,,,,False,
missing_in_database,match_games,"{""id"": 6122993}",,,,,,False,
missing_in_database,match_games,"{""id"": 6122994}",,,,,,False,
missing_in_database,match_games,"{""id"": 6122995}",,,,,,False,
missing_in_database,match_games,"{""id"": 6122996}",,,,,,False,
missing_in_database,match_games,"{""id"": 6122997}",,,,,,False,
missing_in_database,match_games,"{""id"": 6122998}",,,,,,False,
missing_in_database,match_games,"{""id"": 6122999}",,,,,,False,
missing_in_database,match_games,"{""id"": 6123000}",,,,,,False,
missing_in_database,match_games,"{""id"": 6123001}",,,,,,False,
missing_in_database,match_games,"{""id"": 6123002}",,,,,,False,
missing_in_database,match_games,"{""id"": 6123003}",,,,,,False,
missing_in_database,match_games,"{""id"": 6123004}",,,,,,False,
missing_in_database,match_games,"{""id"": 6123005}",,,,,,False,
missing_in_database,match_games,"{""id"": 6123006}",,,,,,False,
missing_in_database,match_games,"{""id"": 6123007}",,,,,,False,
missing_in_database,match_games,"{""id"": 6123008}",,,,,,False,
missing_in_database,match_games,"{""id"": 6123009}",,,,,,False,
missing_in_database,match_games,"{""id"": 6123010}",,,,,,False,
missing_in_database,match_games,"{""id"": 6123011}",,,,,,False,
missing_in_database,match_games,"{""id"": 6123012}",,,,,,False,
missing_in_database,match_games,"{""id"": 6123013}",,,,,,False,
missing_in_database,match_games,"{""id"": 6123014}",,,,,,False,
missing_in_database,match_games,"{""id"": 6123015}",,,,,,False,
missing_in_database,match_games,"{""id"": 6123016}",,,,,,False,
missing_in_database,match_games,"{""id"": 6123017}",,,,,,False,
missing_in_database,match_games,"{""id"": 6123018}",,,,,,False,
missing_in_database,match_games,"{""id"": 6123019}",,,,,,False,
missing_in_database,match_games,"{""id"": 6123020}",,,,,,False,
missing_in_database,match_games,"{""id"": 6123021}",,,,,,False,
missing_in_database,match_games,"{""id"": 6123022}",,,,,,False,
missing_in_database,match_games,"{""id"": 6123023}",,,,,,False,
missing_in_database,match_games,"{""id"": 6123024}",,,,,,False,
missing_in_database,match_games,"{""id"": 6123025}",,,,,,False,
missing_in_database,match_games,"{""id"": 6123026}",,,,,,False,
missing_in_database,match_games,"{""id"": 6123027}",,,,,,False,
missing_in_database,match_games,"{""id"": 6123028}",,,,,,False,
missing_in_database,match_games,"{""id"": 6123029}",,,,,,False,
missing_in_database,match_games,"{""id"": 6123030}",,,,,,False,
missing_in_database,match_games,"{""id"": 6123031}",,,,,,False,
missing_in_database,match_games,"{""id"": 6123032}",,,,,,False,
missing_in_database,match_games,"{""id"": 6123033}",,,,,,False,
missing_in_database,match_games,"{""id"": 6123034}",,,,,,False,
missing_in_database,match_games,"{""id"": 6123035}",,,,,,False,
missing_in_database,match_games,"{""id"": 6123036}",,,,,,False,
missing_in_database,match_games,"{""id"": 6123037}",,,,,,False,
missing_in_database,match_games,"{""id"": 6123038}",,,,,,False,
missing_in_database,match_games,"{""id"": 6123039}",,,,,,False,
missing_in_database,match_games,"{""id"": 6123040}",,,,,,False,
missing_in_database,match_games,"{""id"": 6123041}",,,,,,False,
missing_in_database,match_games,"{""id"": 6123042}",,,,,,False,
missing_in_database,match_games,"{""id"": 6123043}",,,,,,False,
missing_in_database,match_games,"{""id"": 6123044}",,,,,,False,
missing_in_database,match_games,"{""id"": 6123045}",,,,,,False,
missing_in_database,match_games,"{""id"": 6123046}",,,,,,False,
missing_in_database,match_games,"{""id"": 6123047}",,,,,,False,
missing_in_database,match_games,"{""id"": 6123048}",,,,,,False,
missing_in_database,match_games,"{""id"": 6123049}",,,,,,False,
missing_in_database,match_games,"{""id"": 6123050}",,,,,,False,
missing_in_database,match_games,"{""id"": 6123051}",,,,,,False,
missing_in_database,match_games,"{""id"": 6123052}",,,,,,False,
missing_in_database,match_games,"{""id"": 6123053}",,,,,,False,
missing_in_database,match_games,"{""id"": 6123054}",,,,,,False,
missing_in_database,match_games,"{""id"": 6123055}",,,,,,False,
missing_in_database,match_games,"{""id"": 6123056}",,,,,,False,
missing_in_database,match_games,"{""id"": 6123057}",,,,,,False,
missing_in_database,match_games,"{""id"": 6123058}",,,,,,False,
missing_in_database,match_games,"{""id"": 6123059}",,,,,,False,
missing_in_database,match_games,"{""id"": 6123060}",,,,,,False,
missing_in_database,match_games,"{""id"": 6123061}",,,,,,False,
missing_in_database,match_games,"{""id"": 6123062}",,,,,,False,
missing_in_database,match_games,"{""id"": 6123063}",,,,,,False,
missing_in_database,match_games,"{""id"": 6123064}",,,,,,False,
missing_in_database,match_games,"{""id"": 6123065}",,,,,,False,
missing_in_database,match_games,"{""id"": 6123066}",,,,,,False,
missing_in_database,match_games,"{""id"": 6123067}",,,,,,False,
missing_in_database,match_games,"{""id"": 6123068}",,,,,,False,
missing_in_database,match_games,"{""id"": 6123069}",,,,,,False,
missing_in_database,match_games,"{""id"": 6123070}",,,,,,False,
missing_in_database,match_games,"{""id"": 6123071}",,,,,,False,
missing_in_database,match_games,"{""id"": 6123072}",,,,,,False,
missing_in_database,match_games,"{""id"": 6123073}",,,,,,False,
missing_in_database,match_games,"{""id"": 6123074}",,,,,,False,
missing_in_database,match_games,"{""id"": 6123075}",,,,,,False,
missing_in_database,match_games,"{""id"": 6123076}",,,,,,False,
missing_in_database,match_games,"{""id"": 6123077}",,,,,,False,
missing_in_database,match_games,"{""id"": 6123078}",,,,,,False,
missing_in_database,match_games,"{""id"": 6123079}",,,,,,False,
missing_in_database,match_games,"{""id"": 6123080}",,,,,,False,
missing_in_database,match_games,"{""id"": 6123081}",,,,,,False,
missing_in_database,match_games,"{""id"": 6123082}",,,,,,False,
missing_in_database,match_games,"{""id"": 6123083}",,,,,,False,
missing_in_database,match_games,"{""id"": 6123084}",,,,,,False,
missing_in_database,match_games,"{""id"": 6123085}",,,,,,False,
missing_in_database,match_games,"{""id"": 6123086}",,,,,,False,
missing_in_database,match_games,"{""id"": 6123087}",,,,,,False,
missing_in_database,match_games,"{""id"": 6123088}",,,,,,False,
missing_in_database,match_games,"{""id"": 6123089}",,,,,,False,
missing_in_database,match_games,"{""id"": 6123090}",,,,,,False,
missing_in_database,match_games,"{""id"": 6123091}",,,,,,False,
missing_in_database,match_games,"{""id"": 6123092}",,,,,,False,
missing_in_database,match_games,"{""id"": 6123093}",,,,,,False,
missing_in_database,match_games,"{""id"": 6123094}",,,,,,False,
missing_in_database,match_games,"{""id"": 6123095}",,,,,,False,
missing_in_database,match_games,"{""id"": 6123096}",,,,,,False,
missing_in_database,match_games,"{""id"": 6123097}",,,,,,False,
missing_in_database,match_games,"{""id"": 6123098}",,,,,,False,
missing_in_database,match_games,"{""id"": 6123099}",,,,,,False,
missing_in_database,match_games,"{""id"": 6123100}",,,,,,False,
missing_in_database,match_games,"{""id"": 6123101}",,,,,,False,
missing_in_database,match_games,"{""id"": 6123102}",,,,,,False,
missing_in_database,match_games,"{""id"": 6123103}",,,,,,False,
missing_in_database,match_games,"{""id"": 6123104}",,,,,,False,
missing_in_database,match_games,"{""id"": 6123105}",,,,,,False,
missing_in_database,match_games,"{""id"": 6123106}",,,,,,False,
missing_in_database,match_games,"{""id"": 6123107}",,,,,,False,
missing_in_database,match_games,"{""id"": 6123108}",,,,,,False,
missing_in_database,match_games,"{""id"": 6123109}",,,,,,False,
missing_in_database,match_games,"{""id"": 6123110}",,,,,,False,
missing_in_database,match_games,"{""id"": 6123111}",,,,,,False,
missing_in_database,match_games,"{""id"": 6123112}",,,,,,False,
missing_in_database,match_games,"{""id"": 6123113}",,,,,,False,
missing_in_database,match_games,"{""id"": 6123114}",,,,,,False,
missing_in_database,match_games,"{""id"": 6123115}",,,,,,False,
missing_in_database,match_games,"{""id"": 6123116}",,,,,,False,
missing_in_database,match_games,"{""id"": 6123117}",,,,,,False,
missing_in_database,match_games,"{""id"": 6123118}",,,,,,False,
missing_in_database,match_games,"{""id"": 6123119}",,,,,,False,
missing_in_database,match_games,"{""id"": 6123120}",,,,,,False,
missing_in_database,match_games,"{""id"": 6123121}",,,,,,False,
missing_in_database,match_games,"{""id"": 6123122}",,,,,,False,
missing_in_database,match_games,"{""id"": 6123123}",,,,,,False,
missing_in_database,match_games,"{""id"": 6123124}",,,,,,False,
missing_in_database,match_games,"{""id"": 6123125}",,,,,,False,
missing_in_database,match_games,"{""id"": 6123126}",,,,,,False,
missing_in_database,match_games,"{""id"": 6123127}",,,,,,False,
missing_in_database,match_games,"{""id"": 6123128}",,,,,,False,
missing_in_database,match_games,"{""id"": 6123129}",,,,,,False,
missing_in_database,match_games,"{""id"": 6123130}",,,,,,False,
missing_in_database,match_games,"{""id"": 6123131}",,,,,,False,
missing_in_database,match_games,"{""id"": 6123132}",,,,,,False,
missing_in_database,match_games,"{""id"": 6123133}",,,,,,False,
missing_in_database,match_games,"{""id"": 6123134}",,,,,,False,
missing_in_database,match_games,"{""id"": 6123135}",,,,,,False,
missing_in_database,match_games,"{""id"": 6123136}",,,,,,False,
missing_in_database,match_games,"{""id"": 6123137}",,,,,,False,
missing_in_database,match_games,"{""id"": 6123138}",,,,,,False,
missing_in_database,match_games,"{""id"": 6123139}",,,,,,False,
missing_in_database,match_games,"{""id"": 6123140}",,,,,,False,
missing_in_database,match_games,"{""id"": 6123141}",,,,,,False,
missing_in_database,match_games,"{""id"": 6123142}",,,,,,False,
missing_in_database,match_games,"{""id"": 6123143}",,,,,,False,
missing_in_database,match_games,"{""id"": 6123144}",,,,,,False,
missing_in_database,match_games,"{""id"": 6123145}",,,,,,False,
missing_in_database,match_games,"{""id"": 6123146}",,,,,,False,
missing_in_database,match_games,"{""id"": 6123147}",,,,,,False,
missing_in_database,match_games,"{""id"": 6123148}",,,,,,False,
missing_in_database,match_games,"{""id"": 6123149}",,,,,,False,
missing_in_database,match_games,"{""id"": 6123150}",,,,,,False,
missing_in_database,match_games,"{""id"": 6123151}",,,,,,False,
missing_in_database,match_games,"{""id"": 6123152}",,,,,,False,
missing_in_database,match_games,"{""id"": 6123153}",,,,,,False,
missing_in_database,match_games,"{""id"": 6123154}",,,,,,False,
missing_in_database,match_games,"{""id"": 6123155}",,,,,,False,
missing_in_database,match_games,"{""id"": 6123156}",,,,,,False,
missing_in_database,match_games,"{""id"": 6123157}",,,,,,False,
missing_in_database,match_games,"{""id"": 6123158}",,,,,,False,
missing_in_database,match_games,"{""id"": 6123159}",,,,,,False,
missing_in_database,match_games,"{""id"": 6123160}",,,,,,False,
missing_in_database,match_games,"{""id"": 6123161}",,,,,,False,
missing_in_database,match_games,"{""id"": 6123162}",,,,,,False,
missing_in_database,match_games,"{""id"": 6123163}",,,,,,False,
missing_in_database,match_games,"{""id"": 6123164}",,,,,,False,
missing_in_database,match_games,"{""id"": 6123165}",,,,,,False,
missing_in_database,match_games,"{""id"": 6123166}",,,,,,False,
missing_in_database,match_games,"{""id"": 6123167}",,,,,,False,
missing_in_database,match_games,"{""id"": 6123168}",,,,,,False,
missing_in_database,match_games,"{""id"": 6123169}",,,,,,False,
missing_in_database,match_games,"{""id"": 6123170}",,,,,,False,
missing_in_database,match_games,"{""id"": 6123171}",,,,,,False,
missing_in_database,match_games,"{""id"": 6123172}",,,,,,False,
missing_in_database,match_games,"{""id"": 6123173}",,,,,,False,
missing_in_database,match_games,"{""id"": 6123174}",,,,,,False,
missing_in_database,match_games,"{""id"": 6123175}",,,,,,False,
missing_in_database,match_games,"{""id"": 6123176}",,,,,,False,
missing_in_database,match_games,"{""id"": 6123177}",,,,,,False,
missing_in_database,match_games,"{""id"": 6123178}",,,,,,False,
missing_in_database,match_games,"{""id"": 6123179}",,,,,,False,
missing_in_database,match_games,"{""id"": 6123180}",,,,,,False,
missing_in_database,match_games,"{""id"": 6123181}",,,,,,False,
missing_in_database,match_games,"{""id"": 6123182}",,,,,,False,
missing_in_database,match_games,"{""id"": 6123183}",,,,,,False,
missing_in_database,match_games,"{""id"": 6123184}",,,,,,False,
missing_in_database,match_games,"{""id"": 6123185}",,,,,,False,
missing_in_database,match_games,"{""id"": 6123186}",,,,,,False,
missing_in_database,match_games,"{""id"": 6123187}",,,,,,False,
missing_in_database,match_games,"{""id"": 6123188}",,,,,,False,
missing_in_database,match_games,"{""id"": 6123189}",,,,,,False,
missing_in_database,match_games,"{""id"": 6123190}",,,,,,False,
missing_in_database,match_games,"{""id"": 6123191}",,,,,,False,
missing_in_database,match_games,"{""id"": 6123192}",,,,,,False,
missing_in_database,match_games,"{""id"": 6123193}",,,,,,False,
missing_in_database,match_games,"{""id"": 6123194}",,,,,,False,
missing_in_database,match_games,"{""id"": 6123195}",,,,,,False,
missing_in_database,match_games,"{""id"": 6123196}",,,,,,False,
missing_in_database,match_games,"{""id"": 6123197}",,,,,,False,
missing_in_database,match_games,"{""id"": 6123198}",,,,,,False,
missing_in_database,match_games,"{""id"": 6123199}",,,,,,False,
missing_in_database,match_games,"{""id"": 6123200}",,,,,,False,
missing_in_database,match_games,"{""id"": 6123201}",,,,,,False,
missing_in_database,match_games,"{""id"": 6123202}",,,,,,False,
missing_in_database,match_games,"{""id"": 6123203}",,,,,,False,
missing_in_database,match_games,"{""id"": 6123204}",,,,,,False,
missing_in_database,match_games,"{""id"": 6123205}",,,,,,False,
missing_in_database,match_games,"{""id"": 6123206}",,,,,,False,
missing_in_database,match_games,"{""id"": 6123207}",,,,,,False,
missing_in_database,match_games,"{""id"": 6123208}",,,,,,False,
missing_in_database,match_games,"{""id"": 6123209}",,,,,,False,
missing_in_database,match_games,"{""id"": 6123210}",,,,,,False,
missing_in_database,match_games,"{""id"": 6123211}",,,,,,False,
missing_in_database,match_games,"{""id"": 6123212}",,,,,,False,
missing_in_database,match_games,"{""id"": 6123213}",,,,,,False,
missing_in_database,match_games,"{""id"": 6123214}",,,,,,False,
missing_in_database,match_games,"{""id"": 6123215}",,,,,,False,
missing_in_database,match_games,"{""id"": 6123216}",,,,,,False,
missing_in_database,match_games,"{""id"": 6123217}",,,,,,False,
missing_in_database,match_games,"{""id"": 6123218}",,,,,,False,
missing_in_database,match_games,"{""id"": 6123219}",,,,,,False,
missing_in_database,match_games,"{""id"": 6123220}",,,,,,False,
missing_in_database,match_games,"{""id"": 6123221}",,,,,,False,
missing_in_database,match_games,"{""id"": 6123222}",,,,,,False,
missing_in_database,match_games,"{""id"": 6123223}",,,,,,False,
missing_in_database,match_games,"{""id"": 6123224}",,,,,,False,
missing_in_database,match_games,"{""id"": 6123225}",,,,,,False,
missing_in_database,match_games,"{""id"": 6123226}",,,,,,False,
missing_in_database,match_games,"{""id"": 6123227}",,,,,,False,
missing_in_database,match_games,"{""id"": 6123228}",,,,,,False,
missing_in_database,match_games,"{""id"": 6123229}",,,,,,False,
missing_in_database,match_games,"{""id"": 6123230}",,,,,,False,
missing_in_database,match_games,"{""id"": 6123231}",,,,,,False,
missing_in_database,match_games,"{""id"": 6123232}",,,,,,False,
missing_in_database,match_games,"{""id"": 6123233}",,,,,,False,
missing_in_database,match_games,"{""id"": 6123234}",,,,,,False,
missing_in_database,match_games,"{""id"": 6123235}",,,,,,False,
missing_in_database,match_games,"{""id"": 6123236}",,,,,,False,
missing_in_database,match_games,"{""id"": 6123237}",,,,,,False,
missing_in_database,match_games,"{""id"": 6123238}",,,,,,False,
missing_in_database,match_games,"{""id"": 6123239}",,,,,,False,
missing_in_database,match_games,"{""id"": 6123240}",,,,,,False,
missing_in_database,match_games,"{""id"": 6123241}",,,,,,False,
missing_in_database,match_games,"{""id"": 6123242}",,,,,,False,
missing_in_database,match_games,"{""id"": 6123243}",,,,,,False,
missing_in_database,match_games,"{""id"": 6123244}",,,,,,False,
missing_in_database,match_games,"{""id"": 6123245}",,,,,,False,
missing_in_database,match_games,"{""id"": 6123246}",,,,,,False,
missing_in_database,match_games,"{""id"": 6123247}",,,,,,False,
missing_in_database,match_games,"{""id"": 6123248}",,,,,,False,
missing_in_database,match_games,"{""id"": 6123249}",,,,,,False,
missing_in_database,match_games,"{""id"": 6123250}",,,,,,False,
missing_in_database,match_games,"{""id"": 6123251}",,,,,,False,
missing_in_database,match_games,"{""id"": 6123252}",,,,,,False,
missing_in_database,match_games,"{""id"": 6123253}",,,,,,False,
missing_in_database,match_games,"{""id"": 6123254}",,,,,,False,
missing_in_database,match_games,"{""id"": 6123255}",,,,,,False,
missing_in_database,match_games,"{""id"": 6123256}",,,,,,False,
missing_in_database,match_games,"{""id"": 6123257}",,,,,,False,
missing_in_database,match_games,"{""id"": 6123258}",,,,,,False,
missing_in_database,match_games,"{""id"": 6123259}",,,,,,False,
missing_in_database,match_games,"{""id"": 6123260}",,,,,,False,
missing_in_database,match_games,"{""id"": 6123261}",,,,,,False,
missing_in_database,match_games,"{""id"": 6123262}",,,,,,False,
missing_in_database,match_games,"{""id"": 6123263}",,,,,,False,
missing_in_database,match_games,"{""id"": 6123264}",,,,,,False,
missing_in_database,match_games,"{""id"": 6123265}",,,,,,False,
missing_in_database,match_games,"{""id"": 6123266}",,,,,,False,
missing_in_database,match_games,"{""id"": 6123267}",,,,,,False,
missing_in_database,match_games,"{""id"": 6123268}",,,,,,False,
missing_in_database,match_games,"{""id"": 6123269}",,,,,,False,
missing_in_database,match_games,"{""id"": 6123270}",,,,,,False,
missing_in_database,match_games,"{""id"": 6123271}",,,,,,False,
missing_in_database,match_games,"{""id"": 6123272}",,,,,,False,
missing_in_database,match_games,"{""id"": 6123273}",,,,,,False,
missing_in_database,match_games,"{""id"": 6123274}",,,,,,False,
missing_in_database,match_games,"{""id"": 6123275}",,,,,,False,
missing_in_database,match_games,"{""id"": 6123276}",,,,,,False,
missing_in_database,match_games,"{""id"": 6123277}",,,,,,False,
missing_in_database,match_games,"{""id"": 6123278}",,,,,,False,
missing_in_database,match_games,"{""id"": 6123279}",,,,,,False,
missing_in_database,match_games,"{""id"": 6123280}",,,,,,False,
missing_in_database,match_games,"{""id"": 6123281}",,,,,,False,
missing_in_database,match_games,"{""id"": 6123282}",,,,,,False,
missing_in_database,match_games,"{""id"": 6123283}",,,,,,False,
missing_in_database,match_games,"{""id"": 6123284}",,,,,,False,
missing_in_database,match_games,"{""id"": 6123285}",,,,,,False,
missing_in_database,match_games,"{""id"": 6123286}",,,,,,False,
missing_in_database,match_games,"{""id"": 6123287}",,,,,,False,
missing_in_database,match_games,"{""id"": 6123288}",,,,,,False,
missing_in_database,match_games,"{""id"": 6123289}",,,,,,False,
missing_in_database,match_games,"{""id"": 6123290}",,,,,,False,
missing_in_database,match_games,"{""id"": 6123291}",,,,,,False,
missing_in_database,match_games,"{""id"": 6123292}",,,,,,False,
missing_in_database,match_games,"{""id"": 6123293}",,,,,,False,
missing_in_database,match_games,"{""id"": 6123294}",,,,,,False,
missing_in_database,match_games,"{""id"": 6123295}",,,,,,False,
missing_in_database,match_games,"{""id"": 6123296}",,,,,,False,
missing_in_database,match_games,"{""id"": 6123297}",,,,,,False,
missing_in_database,match_games,"{""id"": 6123298}",,,,,,False,
missing_in_database,match_games,"{""id"": 6123299}",,,,,,False,
missing_in_database,match_games,"{""id"": 6123300}",,,,,,False,
missing_in_database,match_games,"{""id"": 6123301}",,,,,,False,
missing_in_database,match_games,"{""id"": 6123302}",,,,,,False,
missing_in_database,match_games,"{""id"": 6123303}",,,,,,False,
missing_in_database,match_games,"{""id"": 6123304}",,,,,,False,
missing_in_database,match_games,"{""id"": 6123305}",,,,,,False,
missing_in_database,match_games,"{""id"": 6123306}",,,,,,False,
missing_in_database,match_games,"{""id"": 6123307}",,,,,,False,
missing_in_database,match_games,"{""id"": 6123308}",,,,,,False,
missing_in_database,match_games,"{""id"": 6123309}",,,,,,False,
missing_in_database,match_games,"{""id"": 6123310}",,,,,,False,
missing_in_database,match_games,"{""id"": 6123311}",,,,,,False,
missing_in_database,match_games,"{""id"": 6123312}",,,,,,False,
missing_in_database,match_games,"{""id"": 6123313}",,,,,,False,
missing_in_database,match_games,"{""id"": 6123314}",,,,,,False,
missing_in_database,match_games,"{""id"": 6123315}",,,,,,False,
missing_in_database,match_games,"{""id"": 6123316}",,,,,,False,
missing_in_database,match_games,"{""id"": 6123317}",,,,,,False,
missing_in_database,match_games,"{""id"": 6123318}",,,,,,False,
missing_in_database,match_games,"{""id"": 6123319}",,,,,,False,
missing_in_database,match_games,"{""id"": 6123320}",,,,,,False,
missing_in_database,match_games,"{""id"": 6123321}",,,,,,False,
missing_in_database,match_games,"{""id"": 6123322}",,,,,,False,
missing_in_database,match_games,"{""id"": 6123323}",,,,,,False,
missing_in_database,match_games,"{""id"": 6123324}",,,,,,False,
missing_in_database,match_games,"{""id"": 6123325}",,,,,,False,
missing_in_database,match_games,"{""id"": 6123326}",,,,,,False,
missing_in_database,match_games,"{""id"": 6123327}",,,,,,False,
missing_in_database,match_games,"{""id"": 6123328}",,,,,,False,
missing_in_database,match_games,"{""id"": 6123329}",,,,,,False,
missing_in_database,match_games,"{""id"": 6123330}",,,,,,False,
missing_in_database,match_games,"{""id"": 6123331}",,,,,,False,
missing_in_database,match_games,"{""id"": 6123332}",,,,,,False,
missing_in_database,match_games,"{""id"": 6123333}",,,,,,False,
missing_in_database,match_games,"{""id"": 6123334}",,,,,,False,
missing_in_database,match_games,"{""id"": 6123335}",,,,,,False,
missing_in_database,match_games,"{""id"": 6123336}",,,,,,False,
missing_in_database,match_games,"{""id"": 6123337}",,,,,,False,
missing_in_database,match_games,"{""id"": 6123338}",,,,,,False,
missing_in_database,match_games,"{""id"": 6123339}",,,,,,False,
missing_in_database,match_games,"{""id"": 6123340}",,,,,,False,
missing_in_database,match_games,"{""id"": 6123341}",,,,,,False,
missing_in_database,match_games,"{""id"": 6123342}",,,,,,False,
missing_in_database,match_games,"{""id"": 6123343}",,,,,,False,
missing_in_database,match_games,"{""id"": 6123344}",,,,,,False,
missing_in_database,match_games,"{""id"": 6123345}",,,,,,False,
missing_in_database,match_games,"{""id"": 6123346}",,,,,,False,
missing_in_database,match_games,"{""id"": 6123347}",,,,,,False,
missing_in_database,match_games,"{""id"": 6123348}",,,,,,False,
missing_in_database,match_games,"{""id"": 6123349}",,,,,,False,
missing_in_database,match_games,"{""id"": 6123350}",,,,,,False,
missing_in_database,match_games,"{""id"": 6123351}",,,,,,False,
missing_in_database,match_games,"{""id"": 6123352}",,,,,,False,
missing_in_database,match_games,"{""id"": 6123353}",,,,,,False,
missing_in_database,match_games,"{""id"": 6123354}",,,,,,False,
missing_in_database,match_games,"{""id"": 6123355}",,,,,,False,
missing_in_database,match_games,"{""id"": 6123356}",,,,,,False,
missing_in_database,match_games,"{""id"": 6123357}",,,,,,False,
missing_in_database,match_games,"{""id"": 6123358}",,,,,,False,
missing_in_database,match_games,"{""id"": 6123359}",,,,,,False,
missing_in_database,match_games,"{""id"": 6123360}",,,,,,False,
missing_in_database,match_games,"{""id"": 6123361}",,,,,,False,
missing_in_database,match_games,"{""id"": 6123362}",,,,,,False,
missing_in_database,match_games,"{""id"": 6123363}",,,,,,False,
missing_in_database,match_games,"{""id"": 6123364}",,,,,,False,
missing_in_database,match_games,"{""id"": 6123365}",,,,,,False,
missing_in_database,match_games,"{""id"": 6123366}",,,,,,False,
missing_in_database,match_games,"{""id"": 6123367}",,,,,,False,
missing_in_database,match_games,"{""id"": 6123368}",,,,,,False,
missing_in_database,match_games,"{""id"": 6123369}",,,,,,False,
missing_in_database,match_games,"{""id"": 6123370}",,,,,,False,
missing_in_database,match_games,"{""id"": 6123371}",,,,,,False,
missing_in_database,match_games,"{""id"": 6123372}",,,,,,False,
missing_in_database,match_games,"{""id"": 6123373}",,,,,,False,
missing_in_database,match_games,"{""id"": 6123374}",,,,,,False,
missing_in_database,match_games,"{""id"": 6123375}",,,,,,False,
missing_in_database,match_games,"{""id"": 6123376}",,,,,,False,
missing_in_database,match_games,"{""id"": 6123377}",,,,,,False,
missing_in_database,match_games,"{""id"": 6123378}",,,,,,False,
missing_in_database,match_games,"{""id"": 6123379}",,,,,,False,
missing_in_database,match_games,"{""id"": 6123380}",,,,,,False,
missing_in_database,match_games,"{""id"": 6123381}",,,,,,False,
missing_in_database,match_games,"{""id"": 6123382}",,,,,,False,
missing_in_database,match_games,"{""id"": 6123383}",,,,,,False,
missing_in_database,match_games,"{""id"": 6123384}",,,,,,False,
missing_in_database,match_games,"{""id"": 6123385}",,,,,,False,
missing_in_database,match_games,"{""id"": 6123386}",,,,,,False,
missing_in_database,match_games,"{""id"": 6123387}",,,,,,False,
missing_in_database,match_games,"{""id"": 6123388}",,,,,,False,
missing_in_database,match_games,"{""id"": 6123389}",,,,,,False,
missing_in_database,match_games,"{""id"": 6123390}",,,,,,False,
missing_in_database,match_games,"{""id"": 6123391}",,,,,,False,
missing_in_database,match_games,"{""id"": 6123392}",,,,,,False,
missing_in_database,match_games,"{""id"": 6123393}",,,,,,False,
missing_in_database,match_games,"{""id"": 6123394}",,,,,,False,
missing_in_database,match_games,"{""id"": 6123395}",,,,,,False,
missing_in_database,match_games,"{""id"": 6123396}",,,,,,False,
missing_in_database,match_games,"{""id"": 6123397}",,,,,,False,
missing_in_database,match_games,"{""id"": 6123398}",,,,,,False,
missing_in_database,match_games,"{""id"": 6123399}",,,,,,False,
missing_in_database,match_games,"{""id"": 6123400}",,,,,,False,
missing_in_database,match_games,"{""id"": 6123401}",,,,,,False,
missing_in_database,match_games,"{""id"": 6123402}",,,,,,False,
missing_in_database,match_games,"{""id"": 6123403}",,,,,,False,
missing_in_database,match_games,"{""id"": 6123404}",,,,,,False,
missing_in_database,match_games,"{""id"": 6123405}",,,,,,False,
missing_in_database,match_games,"{""id"": 6123406}",,,,,,False,
missing_in_database,match_games,"{""id"": 6123407}",,,,,,False,
missing_in_database,match_games,"{""id"": 6123408}",,,,,,False,
missing_in_database,match_games,"{""id"": 6123409}",,,,,,False,
missing_in_database,match_games,"{""id"": 6123410}",,,,,,False,
missing_in_database,match_games,"{""id"": 6123411}",,,,,,False,
missing_in_database,match_games,"{""id"": 6123412}",,,,,,False,
missing_in_database,match_games,"{""id"": 6123413}",,,,,,False,
missing_in_database,match_games,"{""id"": 6123414}",,,,,,False,
missing_in_database,match_games,"{""id"": 6123415}",,,,,,False,
missing_in_database,match_games,"{""id"": 6123416}",,,,,,False,
missing_in_database,match_games,"{""id"": 6123417}",,,,,,False,
missing_in_database,match_games,"{""id"": 6123418}",,,,,,False,
missing_in_database,match_games,"{""id"": 6123419}",,,,,,False,
missing_in_database,match_games,"{""id"": 6123420}",,,,,,False,
missing_in_database,match_games,"{""id"": 6123421}",,,,,,False,
missing_in_database,match_games,"{""id"": 6123422}",,,,,,False,
missing_in_database,match_games,"{""id"": 6123423}",,,,,,False,
missing_in_database,match_games,"{""id"": 6123424}",,,,,,False,
missing_in_database,match_games,"{""id"": 6123425}",,,,,,False,
missing_in_database,match_games,"{""id"": 6123426}",,,,,,False,
missing_in_database,match_games,"{""id"": 6123427}",,,,,,False,
missing_in_database,match_games,"{""id"": 6123428}",,,,,,False,
missing_in_database,match_games,"{""id"": 6123429}",,,,,,False,
missing_in_database,match_games,"{""id"": 6123430}",,,,,,False,
missing_in_database,match_games,"{""id"": 6123431}",,,,,,False,
missing_in_database,match_games,"{""id"": 6123432}",,,,,,False,
missing_in_database,match_games,"{""id"": 6123433}",,,,,,False,
missing_in_database,match_games,"{""id"": 6123434}",,,,,,False,
missing_in_database,match_games,"{""id"": 6123435}",,,,,,False,
missing_in_database,match_games,"{""id"": 6123436}",,,,,,False,
missing_in_database,match_games,"{""id"": 6123437}",,,,,,False,
missing_in_database,match_games,"{""id"": 6123438}",,,,,,False,
missing_in_database,match_games,"{""id"": 6123439}",,,,,,False,
missing_in_database,match_games,"{""id"": 6123440}",,,,,,False,
missing_in_database,match_games,"{""id"": 6123441}",,,,,,False,
missing_in_database,match_games,"{""id"": 6123442}",,,,,,False,
missing_in_database,match_games,"{""id"": 6123443}",,,,,,False,
missing_in_database,match_games,"{""id"": 6123444}",,,,,,False,
missing_in_database,match_games,"{""id"": 6123445}",,,,,,False,
missing_in_database,match_games,"{""id"": 6123446}",,,,,,False,
missing_in_database,match_games,"{""id"": 6123447}",,,,,,False,
missing_in_database,match_games,"{""id"": 6123448}",,,,,,False,
missing_in_database,match_games,"{""id"": 6123449}",,,,,,False,
missing_in_database,match_games,"{""id"": 6123450}",,,,,,False,
missing_in_database,match_games,"{""id"": 6123451}",,,,,,False,
missing_in_database,match_games,"{""id"": 6123452}",,,,,,False,
missing_in_database,match_games,"{""id"": 6123453}",,,,,,False,
missing_in_database,match_games,"{""id"": 6123454}",,,,,,False,
missing_in_database,match_games,"{""id"": 6123455}",,,,,,False,
missing_in_database,match_games,"{""id"": 6123456}",,,,,,False,
missing_in_database,match_games,"{""id"": 6123457}",,,,,,False,
missing_in_database,match_games,"{""id"": 6123458}",,,,,,False,
missing_in_database,match_games,"{""id"": 6123459}",,,,,,False,
missing_in_database,match_games,"{""id"": 6123460}",,,,,,False,
missing_in_database,match_games,"{""id"": 6123461}",,,,,,False,
missing_in_database,match_games,"{""id"": 6123462}",,,,,,False,
missing_in_database,match_games,"{""id"": 6123463}",,,,,,False,
missing_in_database,match_games,"{""id"": 6123464}",,,,,,False,
missing_in_database,match_games,"{""id"": 6123465}",,,,,,False,
missing_in_database,match_games,"{""id"": 6123466}",,,,,,False,
missing_in_database,match_games,"{""id"": 6123467}",,,,,,False,
missing_in_database,match_games,"{""id"": 6123468}",,,,,,False,
missing_in_database,match_games,"{""id"": 6123469}",,,,,,False,
missing_in_database,match_games,"{""id"": 6123470}",,,,,,False,
missing_in_database,match_games,"{""id"": 6123471}",,,,,,False,
missing_in_database,match_games,"{""id"": 6123472}",,,,,,False,
missing_in_database,match_games,"{""id"": 6123473}",,,,,,False,
missing_in_database,match_games,"{""id"": 6123474}",,,,,,False,
missing_in_database,match_games,"{""id"": 6123475}",,,,,,False,
missing_in_database,match_games,"{""id"": 6123476}",,,,,,False,
missing_in_database,match_games,"{""id"": 6123477}",,,,,,False,
missing_in_database,match_games,"{""id"": 6123478}",,,,,,False,
missing_in_database,match_games,"{""id"": 6123479}",,,,,,False,
missing_in_database,match_games,"{""id"": 6123480}",,,,,,False,
missing_in_database,match_games,"{""id"": 6123481}",,,,,,False,
missing_in_database,match_games,"{""id"": 6123482}",,,,,,False,
missing_in_database,match_games,"{""id"": 6123483}",,,,,,False,
missing_in_database,match_games,"{""id"": 6123484}",,,,,,False,
missing_in_database,match_games,"{""id"": 6123485}",,,,,,False,
missing_in_database,match_games,"{""id"": 6123486}",,,,,,False,
missing_in_database,match_games,"{""id"": 6123487}",,,,,,False,
missing_in_database,match_games,"{""id"": 6123488}",,,,,,False,
missing_in_database,match_games,"{""id"": 6123489}",,,,,,False,
missing_in_database,match_games,"{""id"": 6123490}",,,,,,False,
missing_in_database,match_games,"{""id"": 6123491}",,,,,,False,
missing_in_database,match_games,"{""id"": 6123492}",,,,,,False,
missing_in_database,match_games,"{""id"": 6123493}",,,,,,False,
missing_in_database,match_games,"{""id"": 6123494}",,,,,,False,
missing_in_database,match_games,"{""id"": 6123495}",,,,,,False,
missing_in_database,match_games,"{""id"": 6123496}",,,,,,False,
missing_in_database,match_games,"{""id"": 6123497}",,,,,,False,
missing_in_database,match_games,"{""id"": 6123498}",,,,,,False,
missing_in_database,match_games,"{""id"": 6123499}",,,,,,False,
missing_in_database,match_games,"{""id"": 6123500}",,,,,,False,
missing_in_database,match_games,"{""id"": 6123501}",,,,,,False,
missing_in_database,match_games,"{""id"": 6123502}",,,,,,False,
missing_in_database,match_games,"{""id"": 6123503}",,,,,,False,
missing_in_database,match_games,"{""id"": 6123504}",,,,,,False,
missing_in_database,match_games,"{""id"": 6123505}",,,,,,False,
missing_in_database,match_games,"{""id"": 6123506}",,,,,,False,
missing_in_database,match_games,"{""id"": 6123507}",,,,,,False,
missing_in_database,match_games,"{""id"": 6123508}",,,,,,False,
missing_in_database,match_games,"{""id"": 6123509}",,,,,,False,
missing_in_database,match_games,"{""id"": 6123510}",,,,,,False,
missing_in_database,match_games,"{""id"": 6123511}",,,,,,False,
missing_in_database,match_games,"{""id"": 6123512}",,,,,,False,
missing_in_database,match_games,"{""id"": 6123513}",,,,,,False,
missing_in_database,match_games,"{""id"": 6123514}",,,,,,False,
missing_in_database,match_games,"{""id"": 6123515}",,,,,,False,
missing_in_database,match_games,"{""id"": 6123516}",,,,,,False,
missing_in_database,match_games,"{""id"": 6123517}",,,,,,False,
missing_in_database,match_games,"{""id"": 6123518}",,,,,,False,
missing_in_database,match_games,"{""id"": 6123519}",,,,,,False,
missing_in_database,match_games,"{""id"": 6123520}",,,,,,False,
missing_in_database,match_games,"{""id"": 6123521}",,,,,,False,
missing_in_database,match_games,"{""id"": 6123522}",,,,,,False,
missing_in_database,match_games,"{""id"": 6123523}",,,,,,False,
missing_in_database,match_games,"{""id"": 6123524}",,,,,,False,
missing_in_database,match_games,"{""id"": 6123525}",,,,,,False,
missing_in_database,match_games,"{""id"": 6123526}",,,,,,False,
missing_in_database,match_games,"{""id"": 6123527}",,,,,,False,
missing_in_database,match_games,"{""id"": 6123528}",,,,,,False,
missing_in_database,match_games,"{""id"": 6123529}",,,,,,False,
missing_in_database,match_games,"{""id"": 6123530}",,,,,,False,
missing_in_database,match_games,"{""id"": 6123531}",,,,,,False,
missing_in_database,match_games,"{""id"": 6123532}",,,,,,False,
missing_in_database,match_games,"{""id"": 6123533}",,,,,,False,
missing_in_database,match_games,"{""id"": 6123534}",,,,,,False,
missing_in_database,match_games,"{""id"": 6123535}",,,,,,False,
missing_in_database,match_games,"{""id"": 6123536}",,,,,,False,
missing_in_database,match_games,"{""id"": 6123537}",,,,,,False,
missing_in_database,match_games,"{""id"": 6123538}",,,,,,False,
missing_in_database,match_games,"{""id"": 6123539}",,,,,,False,
missing_in_database,match_games,"{""id"": 6123540}",,,,,,False,
missing_in_database,match_games,"{""id"": 6123541}",,,,,,False,
missing_in_database,match_games,"{""id"": 6123542}",,,,,,False,
missing_in_database,match_games,"{""id"": 6123543}",,,,,,False,
missing_in_database,match_games,"{""id"": 6123544}",,,,,,False,
missing_in_database,match_games,"{""id"": 6123545}",,,,,,False,
missing_in_database,match_games,"{""id"": 6123546}",,,,,,False,
missing_in_database,match_games,"{""id"": 6123547}",,,,,,False,
missing_in_database,match_games,"{""id"": 6123548}",,,,,,False,
missing_in_database,match_games,"{""id"": 6123549}",,,,,,False,
missing_in_database,match_games,"{""id"": 6123550}",,,,,,False,
missing_in_database,match_games,"{""id"": 6123551}",,,,,,False,
missing_in_database,match_games,"{""id"": 6123552}",,,,,,False,
missing_in_database,match_games,"{""id"": 6123553}",,,,,,False,
missing_in_database,match_games,"{""id"": 6123554}",,,,,,False,
missing_in_database,match_games,"{""id"": 6123555}",,,,,,False,
missing_in_database,match_games,"{""id"": 6123556}",,,,,,False,
missing_in_database,match_games,"{""id"": 6123557}",,,,,,False,
missing_in_database,match_games,"{""id"": 6123558}",,,,,,False,
missing_in_database,match_games,"{""id"": 6123559}",,,,,,False,
missing_in_database,match_games,"{""id"": 6123560}",,,,,,False,
missing_in_database,match_games,"{""id"": 6123561}",,,,,,False,
missing_in_database,match_games,"{""id"": 6123562}",,,,,,False,
missing_in_database,match_games,"{""id"": 6123563}",,,,,,False,
missing_in_database,match_games,"{""id"": 6123564}",,,,,,False,
missing_in_database,match_games,"{""id"": 6123565}",,,,,,False,
missing_in_database,match_games,"{""id"": 6123566}",,,,,,False,
missing_in_database,match_games,"{""id"": 6123567}",,,,,,False,
missing_in_database,match_games,"{""id"": 6123568}",,,,,,False,
missing_in_database,match_games,"{""id"": 6123569}",,,,,,False,
missing_in_database,match_games,"{""id"": 6123570}",,,,,,False,
missing_in_database,match_games,"{""id"": 6123571}",,,,,,False,
missing_in_database,match_games,"{""id"": 6123572}",,,,,,False,
missing_in_database,match_games,"{""id"": 6123573}",,,,,,False,
missing_in_database,match_games,"{""id"": 6123574}",,,,,,False,
missing_in_database,match_games,"{""id"": 6123575}",,,,,,False,
missing_in_database,match_games,"{""id"": 6123576}",,,,,,False,
missing_in_database,match_games,"{""id"": 6123577}",,,,,,False,
missing_in_database,match_games,"{""id"": 6123578}",,,,,,False,
missing_in_database,match_games,"{""id"": 6123579}",,,,,,False,
missing_in_database,match_games,"{""id"": 6123580}",,,,,,False,
missing_in_database,match_games,"{""id"": 6123581}",,,,,,False,
missing_in_database,match_games,"{""id"": 6123582}",,,,,,False,
missing_in_database,match_games,"{""id"": 6123583}",,,,,,False,
missing_in_database,match_games,"{""id"": 6123584}",,,,,,False,
missing_in_database,match_games,"{""id"": 6123585}",,,,,,False,
missing_in_database,match_games,"{""id"": 6123586}",,,,,,False,
missing_in_database,match_games,"{""id"": 6123587}",,,,,,False,
missing_in_database,match_games,"{""id"": 6123588}",,,,,,False,
missing_in_database,match_games,"{""id"": 6123589}",,,,,,False,
missing_in_database,match_games,"{""id"": 6123590}",,,,,,False,
missing_in_database,match_games,"{""id"": 6123591}",,,,,,False,
missing_in_database,match_games,"{""id"": 6123592}",,,,,,False,
missing_in_database,match_games,"{""id"": 6123593}",,,,,,False,
missing_in_database,match_games,"{""id"": 6123594}",,,,,,False,
missing_in_database,match_games,"{""id"": 6123595}",,,,,,False,
missing_in_database,match_games,"{""id"": 6123596}",,,,,,False,
missing_in_database,match_games,"{""id"": 6123597}",,,,,,False,
missing_in_database,match_games,"{""id"": 6123598}",,,,,,False,
missing_in_database,match_games,"{""id"": 6123599}",,,,,,False,
missing_in_database,match_games,"{""id"": 6123600}",,,,,,False,
missing_in_database,match_games,"{""id"": 6123601}",,,,,,False,
missing_in_database,match_games,"{""id"": 6123602}",,,,,,False,
missing_in_database,match_games,"{""id"": 6123603}",,,,,,False,
missing_in_database,match_games,"{""id"": 6123604}",,,,,,False,
missing_in_database,match_games,"{""id"": 6123605}",,,,,,False,
missing_in_database,match_games,"{""id"": 6123606}",,,,,,False,
missing_in_database,match_games,"{""id"": 6123607}",,,,,,False,
missing_in_database,match_games,"{""id"": 6123608}",,,,,,False,
missing_in_database,match_games,"{""id"": 6123609}",,,,,,False,
missing_in_database,match_games,"{""id"": 6123610}",,,,,,False,
missing_in_database,match_games,"{""id"": 6123611}",,,,,,False,
missing_in_database,match_games,"{""id"": 6123612}",,,,,,False,
missing_in_database,match_games,"{""id"": 6123613}",,,,,,False,
missing_in_database,match_games,"{""id"": 6123614}",,,,,,False,
missing_in_database,match_games,"{""id"": 6123615}",,,,,,False,
missing_in_database,match_games,"{""id"": 6123616}",,,,,,False,
missing_in_database,match_games,"{""id"": 6123617}",,,,,,False,
missing_in_database,match_games,"{""id"": 6123618}",,,,,,False,
missing_in_database,match_games,"{""id"": 6123619}",,,,,,False,
missing_in_database,match_games,"{""id"": 6123620}",,,,,,False,
missing_in_database,match_games,"{""id"": 6123621}",,,,,,False,
missing_in_database,match_games,"{""id"": 6123622}",,,,,,False,
missing_in_database,match_games,"{""id"": 6123623}",,,,,,False,
missing_in_database,match_games,"{""id"": 6123624}",,,,,,False,
missing_in_database,match_games,"{""id"": 6123625}",,,,,,False,
missing_in_database,match_games,"{""id"": 6123626}",,,,,,False,
missing_in_database,match_games,"{""id"": 6123627}",,,,,,False,
missing_in_database,match_games,"{""id"": 6123628}",,,,,,False,
missing_in_database,match_games,"{""id"": 6123629}",,,,,,False,
missing_in_database,match_games,"{""id"": 6123630}",,,,,,False,
missing_in_database,match_games,"{""id"": 6123631}",,,,,,False,
missing_in_database,match_games,"{""id"": 6123632}",,,,,,False,
missing_in_database,match_games,"{""id"": 6123633}",,,,,,False,
missing_in_database,match_games,"{""id"": 6123634}",,,,,,False,
missing_in_database,match_games,"{""id"": 6123635}",,,,,,False,
missing_in_database,match_games,"{""id"": 6123636}",,,,,,False,
missing_in_database,match_games,"{""id"": 6123637}",,,,,,False,
missing_in_database,match_games,"{""id"": 6123638}",,,,,,False,
missing_in_database,match_games,"{""id"": 6123639}",,,,,,False,
missing_in_database,match_games,"{""id"": 6123640}",,,,,,False,
missing_in_database,match_games,"{""id"": 6123641}",,,,,,False,
missing_in_database,match_games,"{""id"": 6123642}",,,,,,False,
missing_in_database,match_games,"{""id"": 6123643}",,,,,,False,
missing_in_database,match_games,"{""id"": 6123644}",,,,,,False,
missing_in_database,match_games,"{""id"": 6123645}",,,,,,False,
missing_in_database,match_games,"{""id"": 6123646}",,,,,,False,
missing_in_database,match_games,"{""id"": 6123647}",,,,,,False,
missing_in_database,match_games,"{""id"": 6123648}",,,,,,False,
missing_in_database,match_games,"{""id"": 6123649}",,,,,,False,
missing_in_database,match_games,"{""id"": 6123650}",,,,,,False,
missing_in_database,match_games,"{""id"": 6123651}",,,,,,False,
missing_in_database,match_games,"{""id"": 6123652}",,,,,,False,
missing_in_database,match_games,"{""id"": 6123653}",,,,,,False,
missing_in_database,match_games,"{""id"": 6123654}",,,,,,False,
missing_in_database,match_games,"{""id"": 6123655}",,,,,,False,
missing_in_database,match_games,"{""id"": 6123656}",,,,,,False,
missing_in_database,match_games,"{""id"": 6123657}",,,,,,False,
missing_in_database,match_games,"{""id"": 6123658}",,,,,,False,
missing_in_database,match_games,"{""id"": 6123659}",,,,,,False,
missing_in_database,match_games,"{""id"": 6123660}",,,,,,False,
missing_in_database,match_games,"{""id"": 6123661}",,,,,,False,
missing_in_database,match_games,"{""id"": 6123662}",,,,,,False,
missing_in_database,match_games,"{""id"": 6123663}",,,,,,False,
missing_in_database,match_games,"{""id"": 6123664}",,,,,,False,
missing_in_database,match_games,"{""id"": 6123665}",,,,,,False,
missing_in_database,match_games,"{""id"": 6123666}",,,,,,False,
missing_in_database,match_games,"{""id"": 6123667}",,,,,,False,
missing_in_database,match_games,"{""id"": 6123668}",,,,,,False,
missing_in_database,match_games,"{""id"": 6123669}",,,,,,False,
missing_in_database,match_games,"{""id"": 6123670}",,,,,,False,
missing_in_database,match_games,"{""id"": 6123671}",,,,,,False,
missing_in_database,match_games,"{""id"": 6123672}",,,,,,False,
missing_in_database,match_games,"{""id"": 6123673}",,,,,,False,
missing_in_database,match_games,"{""id"": 6123674}",,,,,,False,
missing_in_database,match_games,"{""id"": 6123675}",,,,,,False,
missing_in_database,match_games,"{""id"": 6123676}",,,,,,False,
missing_in_database,match_games,"{""id"": 6123677}",,,,,,False,
missing_in_database,match_games,"{""id"": 6123678}",,,,,,False,
missing_in_database,match_games,"{""id"": 6123679}",,,,,,False,
missing_in_database,match_games,"{""id"": 6123680}",,,,,,False,
missing_in_database,match_games,"{""id"": 6123681}",,,,,,False,
missing_in_database,match_games,"{""id"": 6123682}",,,,,,False,
missing_in_database,match_games,"{""id"": 6123683}",,,,,,False,
missing_in_database,match_games,"{""id"": 6123684}",,,,,,False,
missing_in_database,match_games,"{""id"": 6123685}",,,,,,False,
missing_in_database,match_games,"{""id"": 6123686}",,,,,,False,
missing_in_database,match_games,"{""id"": 6123687}",,,,,,False,
missing_in_database,match_games,"{""id"": 6123688}",,,,,,False,
missing_in_database,match_games,"{""id"": 6123689}",,,,,,False,
missing_in_database,match_games,"{""id"": 6123690}",,,,,,False,
missing_in_database,match_games,"{""id"": 6123691}",,,,,,False,
missing_in_database,match_games,"{""id"": 6123692}",,,,,,False,
missing_in_database,match_games,"{""id"": 6123693}",,,,,,False,
missing_in_database,match_games,"{""id"": 6123694}",,,,,,False,
missing_in_database,match_games,"{""id"": 6123695}",,,,,,False,
missing_in_database,match_games,"{""id"": 6123696}",,,,,,False,
missing_in_database,match_games,"{""id"": 6123697}",,,,,,False,
missing_in_database,match_games,"{""id"": 6123698}",,,,,,False,
missing_in_database,match_games,"{""id"": 6123699}",,,,,,False,
missing_in_database,match_games,"{""id"": 6123700}",,,,,,False,
missing_in_database,match_games,"{""id"": 6123701}",,,,,,False,
missing_in_database,match_games,"{""id"": 6123702}",,,,,,False,
missing_in_database,match_games,"{""id"": 6123703}",,,,,,False,
missing_in_database,match_games,"{""id"": 6123704}",,,,,,False,
missing_in_database,match_games,"{""id"": 6123705}",,,,,,False,
missing_in_database,match_games,"{""id"": 6123706}",,,,,,False,
missing_in_database,match_games,"{""id"": 6123707}",,,,,,False,
missing_in_database,match_games,"{""id"": 6123708}",,,,,,False,
missing_in_database,match_games,"{""id"": 6123709}",,,,,,False,
missing_in_database,match_games,"{""id"": 6123710}",,,,,,False,
missing_in_database,match_games,"{""id"": 6123711}",,,,,,False,
missing_in_database,match_games,"{""id"": 6123712}",,,,,,False,
missing_in_database,match_games,"{""id"": 6123713}",,,,,,False,
missing_in_database,match_games,"{""id"": 6123714}",,,,,,False,
missing_in_database,match_games,"{""id"": 6123715}",,,,,,False,
missing_in_database,match_games,"{""id"": 6123716}",,,,,,False,
missing_in_database,match_games,"{""id"": 6123717}",,,,,,False,
missing_in_database,match_games,"{""id"": 6123718}",,,,,,False,
missing_in_database,match_games,"{""id"": 6123719}",,,,,,False,
missing_in_database,match_games,"{""id"": 6123720}",,,,,,False,
missing_in_database,match_games,"{""id"": 6123721}",,,,,,False,
missing_in_database,match_games,"{""id"": 6123722}",,,,,,False,
missing_in_database,match_games,"{""id"": 6123723}",,,,,,False,
missing_in_database,match_games,"{""id"": 6123724}",,,,,,False,
missing_in_database,match_games,"{""id"": 6123725}",,,,,,False,
missing_in_database,match_games,"{""id"": 6123726}",,,,,,False,
missing_in_database,match_games,"{""id"": 6123727}",,,,,,False,
missing_in_database,match_games,"{""id"": 6123728}",,,,,,False,
missing_in_database,match_games,"{""id"": 6123729}",,,,,,False,
missing_in_database,match_games,"{""id"": 6123730}",,,,,,False,
missing_in_database,match_games,"{""id"": 6123731}",,,,,,False,
missing_in_database,match_games,"{""id"": 6123732}",,,,,,False,
missing_in_database,match_games,"{""id"": 6123733}",,,,,,False,
missing_in_database,match_games,"{""id"": 6123734}",,,,,,False,
missing_in_database,match_games,"{""id"": 6123735}",,,,,,False,
missing_in_database,match_games,"{""id"": 6123736}",,,,,,False,
missing_in_database,match_games,"{""id"": 6123737}",,,,,,False,
missing_in_database,match_games,"{""id"": 6123738}",,,,,,False,
missing_in_database,match_games,"{""id"": 6123739}",,,,,,False,
missing_in_database,match_games,"{""id"": 6123740}",,,,,,False,
missing_in_database,match_games,"{""id"": 6123741}",,,,,,False,
missing_in_database,match_games,"{""id"": 6123742}",,,,,,False,
missing_in_database,match_games,"{""id"": 6123743}",,,,,,False,
missing_in_database,match_games,"{""id"": 6123744}",,,,,,False,
missing_in_database,match_games,"{""id"": 6123745}",,,,,,False,
missing_in_database,match_games,"{""id"": 6123746}",,,,,,False,
missing_in_database,match_games,"{""id"": 6123747}",,,,,,False,
missing_in_database,match_games,"{""id"": 6123748}",,,,,,False,
missing_in_database,match_games,"{""id"": 6123749}",,,,,,False,
missing_in_database,match_games,"{""id"": 6123750}",,,,,,False,
missing_in_database,match_games,"{""id"": 6123751}",,,,,,False,
missing_in_database,match_games,"{""id"": 6123752}",,,,,,False,
missing_in_database,match_games,"{""id"": 6123753}",,,,,,False,
missing_in_database,match_games,"{""id"": 6123754}",,,,,,False,
missing_in_database,match_games,"{""id"": 6123755}",,,,,,False,
missing_in_database,match_games,"{""id"": 6123756}",,,,,,False,
missing_in_database,match_games,"{""id"": 6123757}",,,,,,False,
missing_in_database,match_games,"{""id"": 6123758}",,,,,,False,
missing_in_database,match_games,"{""id"": 6123759}",,,,,,False,
missing_in_database,match_games,"{""id"": 6123760}",,,,,,False,
missing_in_database,match_games,"{""id"": 6123761}",,,,,,False,
missing_in_database,match_games,"{""id"": 6123762}",,,,,,False,
missing_in_database,match_games,"{""id"": 6123763}",,,,,,False,
missing_in_database,match_games,"{""id"": 6123764}",,,,,,False,
missing_in_database,match_games,"{""id"": 6123765}",,,,,,False,
missing_in_database,match_games,"{""id"": 6123766}",,,,,,False,
missing_in_database,match_games,"{""id"": 6123767}",,,,,,False,
missing_in_database,match_games,"{""id"": 6123768}",,,,,,False,
missing_in_database,match_games,"{""id"": 6123769}",,,,,,False,
missing_in_database,match_games,"{""id"": 6123770}",,,,,,False,
missing_in_database,match_games,"{""id"": 6123771}",,,,,,False,
missing_in_database,match_games,"{""id"": 6123772}",,,,,,False,
missing_in_database,match_games,"{""id"": 6123773}",,,,,,False,
missing_in_database,match_games,"{""id"": 6123774}",,,,,,False,
missing_in_database,match_games,"{""id"": 6123775}",,,,,,False,
missing_in_database,match_games,"{""id"": 6123776}",,,,,,False,
missing_in_database,match_games,"{""id"": 6123777}",,,,,,False,
missing_in_database,match_games,"{""id"": 6123778}",,,,,,False,
missing_in_database,match_games,"{""id"": 6123779}",,,,,,False,
missing_in_database,match_games,"{""id"": 6123780}",,,,,,False,
missing_in_database,match_games,"{""id"": 6123781}",,,,,,False,
missing_in_database,match_games,"{""id"": 6123782}",,,,,,False,
missing_in_database,match_games,"{""id"": 6123783}",,,,,,False,
missing_in_database,match_games,"{""id"": 6123784}",,,,,,False,
missing_in_database,match_games,"{""id"": 6123785}",,,,,,False,
missing_in_database,match_games,"{""id"": 6123786}",,,,,,False,
missing_in_database,match_games,"{""id"": 6123787}",,,,,,False,
missing_in_database,match_games,"{""id"": 6123788}",,,,,,False,
missing_in_database,match_games,"{""id"": 6123789}",,,,,,False,
missing_in_database,match_games,"{""id"": 6123790}",,,,,,False,
missing_in_database,match_games,"{""id"": 6123791}",,,,,,False,
missing_in_database,match_games,"{""id"": 6123792}",,,,,,False,
missing_in_database,match_games,"{""id"": 6123793}",,,,,,False,
missing_in_database,match_games,"{""id"": 6123794}",,,,,,False,
missing_in_database,match_games,"{""id"": 6123795}",,,,,,False,
missing_in_database,match_games,"{""id"": 6123796}",,,,,,False,
missing_in_database,match_games,"{""id"": 6123797}",,,,,,False,
missing_in_database,match_games,"{""id"": 6123798}",,,,,,False,
missing_in_database,match_games,"{""id"": 6123799}",,,,,,False,
missing_in_database,match_games,"{""id"": 6123800}",,,,,,False,
missing_in_database,match_games,"{""id"": 6123801}",,,,,,False,
missing_in_database,match_games,"{""id"": 6123802}",,,,,,False,
missing_in_database,match_games,"{""id"": 6123803}",,,,,,False,
missing_in_database,match_games,"{""id"": 6123804}",,,,,,False,
missing_in_database,match_games,"{""id"": 6123805}",,,,,,False,
missing_in_database,match_games,"{""id"": 6123806}",,,,,,False,
missing_in_database,match_games,"{""id"": 6123807}",,,,,,False,
missing_in_database,match_games,"{""id"": 6123808}",,,,,,False,
missing_in_database,match_games,"{""id"": 6123809}",,,,,,False,
missing_in_database,match_games,"{""id"": 6123810}",,,,,,False,
missing_in_database,match_games,"{""id"": 6123811}",,,,,,False,
missing_in_database,match_games,"{""id"": 6123812}",,,,,,False,
missing_in_database,match_games,"{""id"": 6123813}",,,,,,False,
missing_in_database,match_games,"{""id"": 6123814}",,,,,,False,
missing_in_database,match_games,"{""id"": 6123815}",,,,,,False,
missing_in_database,match_games,"{""id"": 6123816}",,,,,,False,
missing_in_database,match_games,"{""id"": 6123817}",,,,,,False,
missing_in_database,match_games,"{""id"": 6123818}",,,,,,False,
missing_in_database,match_games,"{""id"": 6123819}",,,,,,False,
missing_in_database,match_games,"{""id"": 6123820}",,,,,,False,
missing_in_database,match_games,"{""id"": 6123821}",,,,,,False,
missing_in_database,match_games,"{""id"": 6123822}",,,,,,False,
missing_in_database,match_games,"{""id"": 6123823}",,,,,,False,
missing_in_database,match_games,"{""id"": 6123824}",,,,,,False,
missing_in_database,match_games,"{""id"": 6123825}",,,,,,False,
missing_in_database,match_games,"{""id"": 6123826}",,,,,,False,
missing_in_database,match_games,"{""id"": 6123827}",,,,,,False,
missing_in_database,match_games,"{""id"": 6123828}",,,,,,False,
missing_in_database,match_games,"{""id"": 6123829}",,,,,,False,
missing_in_database,match_games,"{""id"": 6123830}",,,,,,False,
missing_in_database,match_games,"{""id"": 6123831}",,,,,,False,
missing_in_database,match_games,"{""id"": 6123832}",,,,,,False,
missing_in_database,match_games,"{""id"": 6123833}",,,,,,False,
missing_in_database,match_games,"{""id"": 6123834}",,,,,,False,
missing_in_database,match_games,"{""id"": 6123835}",,,,,,False,
missing_in_database,match_games,"{""id"": 6123836}",,,,,,False,
missing_in_database,match_games,"{""id"": 6123837}",,,,,,False,
missing_in_database,match_games,"{""id"": 6123838}",,,,,,False,
missing_in_database,match_games,"{""id"": 6123839}",,,,,,False,
missing_in_database,match_games,"{""id"": 6123840}",,,,,,False,
missing_in_database,match_games,"{""id"": 6123841}",,,,,,False,
missing_in_database,match_games,"{""id"": 6123842}",,,,,,False,
missing_in_database,match_games,"{""id"": 6123843}",,,,,,False,
missing_in_database,match_games,"{""id"": 6123844}",,,,,,False,
missing_in_database,match_games,"{""id"": 6123845}",,,,,,False,
missing_in_database,match_games,"{""id"": 6123846}",,,,,,False,
missing_in_database,match_games,"{""id"": 6123847}",,,,,,False,
missing_in_database,match_games,"{""id"": 6123848}",,,,,,False,
missing_in_database,match_games,"{""id"": 6123849}",,,,,,False,
missing_in_database,match_games,"{""id"": 6123850}",,,,,,False,
missing_in_database,match_games,"{""id"": 6123851}",,,,,,False,
missing_in_database,match_games,"{""id"": 6123852}",,,,,,False,
missing_in_database,match_games,"{""id"": 6123853}",,,,,,False,
missing_in_database,match_games,"{""id"": 6123854}",,,,,,False,
missing_in_database,match_games,"{""id"": 6123855}",,,,,,False,
missing_in_database,match_games,"{""id"": 6123856}",,,,,,False,
missing_in_database,match_games,"{""id"": 6123857}",,,,,,False,
missing_in_database,match_games,"{""id"": 6123858}",,,,,,False,
missing_in_database,match_games,"{""id"": 6123859}",,,,,,False,
missing_in_database,match_games,"{""id"": 6123860}",,,,,,False,
missing_in_database,match_games,"{""id"": 6123861}",,,,,,False,
missing_in_database,match_games,"{""id"": 6123862}",,,,,,False,
missing_in_database,match_games,"{""id"": 6123863}",,,,,,False,
missing_in_database,match_games,"{""id"": 6123864}",,,,,,False,
missing_in_database,match_games,"{""id"": 6123865}",,,,,,False,
missing_in_database,match_games,"{""id"": 6123866}",,,,,,False,
missing_in_database,match_games,"{""id"": 6123867}",,,,,,False,
missing_in_database,match_games,"{""id"": 6123868}",,,,,,False,
missing_in_database,match_games,"{""id"": 6123869}",,,,,,False,
missing_in_database,match_games,"{""id"": 6123870}",,,,,,False,
missing_in_database,match_games,"{""id"": 6123871}",,,,,,False,
missing_in_database,match_games,"{""id"": 6123872}",,,,,,False,
missing_in_database,match_games,"{""id"": 6123873}",,,,,,False,
missing_in_database,match_games,"{""id"": 6123874}",,,,,,False,
missing_in_database,match_games,"{""id"": 6123875}",,,,,,False,
missing_in_database,match_games,"{""id"": 6123876}",,,,,,False,
missing_in_database,match_games,"{""id"": 6123877}",,,,,,False,
missing_in_database,match_games,"{""id"": 6123878}",,,,,,False,
missing_in_database,match_games,"{""id"": 6123879}",,,,,,False,
missing_in_database,match_games,"{""id"": 6123880}",,,,,,False,
missing_in_database,match_games,"{""id"": 6123881}",,,,,,False,
missing_in_database,match_games,"{""id"": 6123882}",,,,,,False,
missing_in_database,match_games,"{""id"": 6123883}",,,,,,False,
missing_in_database,match_games,"{""id"": 6123884}",,,,,,False,
missing_in_database,match_games,"{""id"": 6123885}",,,,,,False,
missing_in_database,match_games,"{""id"": 6123886}",,,,,,False,
missing_in_database,match_games,"{""id"": 6123887}",,,,,,False,
missing_in_database,match_games,"{""id"": 6123888}",,,,,,False,
missing_in_database,match_games,"{""id"": 6123889}",,,,,,False,
missing_in_database,match_games,"{""id"": 6123890}",,,,,,False,
missing_in_database,match_games,"{""id"": 6123891}",,,,,,False,
missing_in_database,match_games,"{""id"": 6123892}",,,,,,False,
missing_in_database,match_games,"{""id"": 6123893}",,,,,,False,
missing_in_database,match_games,"{""id"": 6123894}",,,,,,False,
missing_in_database,match_games,"{""id"": 6123895}",,,,,,False,
missing_in_database,match_games,"{""id"": 6123896}",,,,,,False,
missing_in_database,match_games,"{""id"": 6123897}",,,,,,False,
missing_in_database,match_games,"{""id"": 6123898}",,,,,,False,
missing_in_database,match_games,"{""id"": 6123899}",,,,,,False,
missing_in_database,match_games,"{""id"": 6123900}",,,,,,False,
missing_in_database,match_games,"{""id"": 6123901}",,,,,,False,
missing_in_database,match_games,"{""id"": 6123902}",,,,,,False,
missing_in_database,match_games,"{""id"": 6123903}",,,,,,False,
missing_in_database,match_games,"{""id"": 6123904}",,,,,,False,
missing_in_database,match_games,"{""id"": 6123905}",,,,,,False,
missing_in_database,match_games,"{""id"": 6123906}",,,,,,False,
missing_in_database,match_games,"{""id"": 6123907}",,,,,,False,
missing_in_database,match_games,"{""id"": 6123908}",,,,,,False,
missing_in_database,match_games,"{""id"": 6123909}",,,,,,False,
missing_in_database,match_games,"{""id"": 6123910}",,,,,,False,
missing_in_database,match_games,"{""id"": 6123911}",,,,,,False,
missing_in_database,match_games,"{""id"": 6123912}",,,,,,False,
missing_in_database,match_games,"{""id"": 6123913}",,,,,,False,
missing_in_database,match_games,"{""id"": 6123914}",,,,,,False,
missing_in_database,match_games,"{""id"": 6123915}",,,,,,False,
missing_in_database,match_games,"{""id"": 6123916}",,,,,,False,
missing_in_database,match_games,"{""id"": 6123917}",,,,,,False,
missing_in_database,match_games,"{""id"": 6123918}",,,,,,False,
missing_in_database,match_games,"{""id"": 6123919}",,,,,,False,
missing_in_database,match_games,"{""id"": 6123920}",,,,,,False,
missing_in_database,match_games,"{""id"": 6123921}",,,,,,False,
missing_in_database,match_games,"{""id"": 6123922}",,,,,,False,
missing_in_database,match_games,"{""id"": 6123923}",,,,,,False,
missing_in_database,match_games,"{""id"": 6123924}",,,,,,False,
missing_in_database,match_games,"{""id"": 6123925}",,,,,,False,
missing_in_database,match_games,"{""id"": 6123926}",,,,,,False,
missing_in_database,match_games,"{""id"": 6123927}",,,,,,False,
missing_in_database,match_games,"{""id"": 6123928}",,,,,,False,
missing_in_database,match_games,"{""id"": 6123929}",,,,,,False,
missing_in_database,match_games,"{""id"": 6123930}",,,,,,False,
missing_in_database,match_games,"{""id"": 6123931}",,,,,,False,
missing_in_database,match_games,"{""id"": 6123932}",,,,,,False,
missing_in_database,match_games,"{""id"": 6123933}",,,,,,False,
missing_in_database,match_games,"{""id"": 6123934}",,,,,,False,
missing_in_database,match_games,"{""id"": 6123935}",,,,,,False,
missing_in_database,match_games,"{""id"": 6123936}",,,,,,False,
missing_in_database,match_games,"{""id"": 6123937}",,,,,,False,
missing_in_database,match_games,"{""id"": 6123938}",,,,,,False,
missing_in_database,match_games,"{""id"": 6123939}",,,,,,False,
missing_in_database,match_games,"{""id"": 6123940}",,,,,,False,
missing_in_database,match_games,"{""id"": 6123941}",,,,,,False,
missing_in_database,match_games,"{""id"": 6123942}",,,,,,False,
missing_in_database,match_games,"{""id"": 6123943}",,,,,,False,
missing_in_database,match_games,"{""id"": 6123944}",,,,,,False,
missing_in_database,match_games,"{""id"": 6123945}",,,,,,False,
missing_in_database,match_games,"{""id"": 6123946}",,,,,,False,
missing_in_database,match_games,"{""id"": 6123947}",,,,,,False,
missing_in_database,match_games,"{""id"": 6123948}",,,,,,False,
missing_in_database,match_games,"{""id"": 6123949}",,,,,,False,
missing_in_database,match_games,"{""id"": 6123950}",,,,,,False,
missing_in_database,match_games,"{""id"": 6123951}",,,,,,False,
missing_in_database,match_games,"{""id"": 6123952}",,,,,,False,
missing_in_database,match_games,"{""id"": 6123953}",,,,,,False,
missing_in_database,match_games,"{""id"": 6123954}",,,,,,False,
missing_in_database,match_games,"{""id"": 6123955}",,,,,,False,
missing_in_database,match_games,"{""id"": 6123956}",,,,,,False,
missing_in_database,match_games,"{""id"": 6123957}",,,,,,False,
missing_in_database,match_games,"{""id"": 6123958}",,,,,,False,
missing_in_database,match_games,"{""id"": 6123959}",,,,,,False,
missing_in_database,match_games,"{""id"": 6123960}",,,,,,False,
missing_in_database,match_games,"{""id"": 6123961}",,,,,,False,
missing_in_database,match_games,"{""id"": 6123962}",,,,,,False,
missing_in_database,match_games,"{""id"": 6123963}",,,,,,False,
missing_in_database,match_games,"{""id"": 6123964}",,,,,,False,
missing_in_database,match_games,"{""id"": 6123965}",,,,,,False,
missing_in_database,match_games,"{""id"": 6123966}",,,,,,False,
missing_in_database,match_games,"{""id"": 6123967}",,,,,,False,
missing_in_database,match_games,"{""id"": 6123968}",,,,,,False,
missing_in_database,match_games,"{""id"": 6123969}",,,,,,False,
missing_in_database,match_games,"{""id"": 6123970}",,,,,,False,
missing_in_database,match_games,"{""id"": 6123971}",,,,,,False,
missing_in_database,match_games,"{""id"": 6123972}",,,,,,False,
missing_in_database,match_games,"{""id"": 6123973}",,,,,,False,
missing_in_database,match_games,"{""id"": 6123974}",,,,,,False,
missing_in_database,match_games,"{""id"": 6123975}",,,,,,False,
missing_in_database,match_games,"{""id"": 6123976}",,,,,,False,
missing_in_database,match_games,"{""id"": 6123977}",,,,,,False,
missing_in_database,match_games,"{""id"": 6123978}",,,,,,False,
missing_in_database,match_games,"{""id"": 6123979}",,,,,,False,
missing_in_database,match_games,"{""id"": 6123980}",,,,,,False,
missing_in_database,match_games,"{""id"": 6123981}",,,,,,False,
missing_in_database,match_games,"{""id"": 6123982}",,,,,,False,
missing_in_database,match_games,"{""id"": 6123983}",,,,,,False,
missing_in_database,match_games,"{""id"": 6123984}",,,,,,False,
missing_in_database,match_games,"{""id"": 6123985}",,,,,,False,
missing_in_database,match_games,"{""id"": 6123986}",,,,,,False,
missing_in_database,match_games,"{""id"": 6123987}",,,,,,False,
missing_in_database,match_games,"{""id"": 6123988}",,,,,,False,
missing_in_database,match_games,"{""id"": 6123989}",,,,,,False,
missing_in_database,match_games,"{""id"": 6123990}",,,,,,False,
missing_in_database,match_games,"{""id"": 6123991}",,,,,,False,
missing_in_database,match_games,"{""id"": 6123992}",,,,,,False,
missing_in_database,match_games,"{""id"": 6123993}",,,,,,False,
missing_in_database,match_games,"{""id"": 6123994}",,,,,,False,
missing_in_database,match_games,"{""id"": 6123995}",,,,,,False,
missing_in_database,match_games,"{""id"": 6123996}",,,,,,False,
missing_in_database,match_games,"{""id"": 6123997}",,,,,,False,
missing_in_database,match_games,"{""id"": 6123998}",,,,,,False,
missing_in_database,match_games,"{""id"": 6123999}",,,,,,False,
missing_in_database,match_games,"{""id"": 6124000}",,,,,,False,
missing_in_database,match_games,"{""id"": 6124001}",,,,,,False,
missing_in_database,match_games,"{""id"": 6124002}",,,,,,False,
missing_in_database,match_games,"{""id"": 6124003}",,,,,,False,
missing_in_database,match_games,"{""id"": 6124004}",,,,,,False,
missing_in_database,match_games,"{""id"": 6124005}",,,,,,False,
missing_in_database,match_games,"{""id"": 6124006}",,,,,,False,
missing_in_database,match_games,"{""id"": 6124007}",,,,,,False,
missing_in_database,match_games,"{""id"": 6124008}",,,,,,False,
missing_in_database,match_games,"{""id"": 6124009}",,,,,,False,
missing_in_database,match_games,"{""id"": 6124010}",,,,,,False,
missing_in_database,match_games,"{""id"": 6124011}",,,,,,False,
missing_in_database,match_games,"{""id"": 6124012}",,,,,,False,
missing_in_database,match_games,"{""id"": 6124013}",,,,,,False,
missing_in_database,match_games,"{""id"": 6124014}",,,,,,False,
missing_in_database,match_games,"{""id"": 6124015}",,,,,,False,
missing_in_database,match_games,"{""id"": 6124016}",,,,,,False,
missing_in_database,match_games,"{""id"": 6124017}",,,,,,False,
missing_in_database,match_games,"{""id"": 6124018}",,,,,,False,
missing_in_database,match_games,"{""id"": 6124019}",,,,,,False,
missing_in_database,match_games,"{""id"": 6124020}",,,,,,False,
missing_in_database,match_games,"{""id"": 6124021}",,,,,,False,
missing_in_database,match_games,"{""id"": 6124022}",,,,,,False,
missing_in_database,match_games,"{""id"": 6124023}",,,,,,False,
missing_in_database,match_games,"{""id"": 6124024}",,,,,,False,
missing_in_database,match_games,"{""id"": 6124025}",,,,,,False,
missing_in_database,match_games,"{""id"": 6124026}",,,,,,False,
missing_in_database,match_games,"{""id"": 6124027}",,,,,,False,
missing_in_database,match_games,"{""id"": 6124028}",,,,,,False,
missing_in_database,match_games,"{""id"": 6124029}",,,,,,False,
missing_in_database,match_games,"{""id"": 6124030}",,,,,,False,
missing_in_database,match_games,"{""id"": 6124031}",,,,,,False,
missing_in_database,match_games,"{""id"": 6124032}",,,,,,False,
missing_in_database,match_games,"{""id"": 6124033}",,,,,,False,
missing_in_database,match_games,"{""id"": 6124034}",,,,,,False,
missing_in_database,match_games,"{""id"": 6124035}",,,,,,False,
missing_in_database,match_games,"{""id"": 6124036}",,,,,,False,
missing_in_database,match_games,"{""id"": 6124037}",,,,,,False,
missing_in_database,match_games,"{""id"": 6124038}",,,,,,False,
missing_in_database,match_games,"{""id"": 6124039}",,,,,,False,
missing_in_database,match_games,"{""id"": 6124040}",,,,,,False,
missing_in_database,match_games,"{""id"": 6124041}",,,,,,False,
missing_in_database,match_games,"{""id"": 6124042}",,,,,,False,
missing_in_database,match_games,"{""id"": 6124043}",,,,,,False,
missing_in_database,match_games,"{""id"": 6124044}",,,,,,False,
missing_in_database,match_games,"{""id"": 6124045}",,,,,,False,
missing_in_database,match_games,"{""id"": 6124046}",,,,,,False,
missing_in_database,match_games,"{""id"": 6124047}",,,,,,False,
missing_in_database,match_games,"{""id"": 6124048}",,,,,,False,
missing_in_database,match_games,"{""id"": 6124049}",,,,,,False,
missing_in_database,match_games,"{""id"": 6124050}",,,,,,False,
missing_in_database,match_games,"{""id"": 6124051}",,,,,,False,
missing_in_database,match_games,"{""id"": 6124052}",,,,,,False,
missing_in_database,match_games,"{""id"": 6124053}",,,,,,False,
missing_in_database,match_games,"{""id"": 6124054}",,,,,,False,
missing_in_database,match_games,"{""id"": 6124055}",,,,,,False,
missing_in_database,match_games,"{""id"": 6124056}",,,,,,False,
missing_in_database,match_games,"{""id"": 6124057}",,,,,,False,
missing_in_database,match_games,"{""id"": 6124058}",,,,,,False,
missing_in_database,match_games,"{""id"": 6124059}",,,,,,False,
missing_in_database,match_games,"{""id"": 6124060}",,,,,,False,
missing_in_database,match_games,"{""id"": 6124061}",,,,,,False,
missing_in_database,match_games,"{""id"": 6124062}",,,,,,False,
missing_in_database,match_games,"{""id"": 6124063}",,,,,,False,
missing_in_database,match_games,"{""id"": 6124064}",,,,,,False,
missing_in_database,match_games,"{""id"": 6124065}",,,,,,False,
missing_in_database,match_games,"{""id"": 6124066}",,,,,,False,
missing_in_database,match_games,"{""id"": 6124067}",,,,,,False,
missing_in_database,match_games,"{""id"": 6124068}",,,,,,False,
missing_in_database,match_games,"{""id"": 6124069}",,,,,,False,
missing_in_database,match_games,"{""id"": 6124070}",,,,,,False,
missing_in_database,match_games,"{""id"": 6124071}",,,,,,False,
missing_in_database,match_games,"{""id"": 6124072}",,,,,,False,
missing_in_database,match_games,"{""id"": 6124073}",,,,,,False,
missing_in_database,match_games,"{""id"": 6124074}",,,,,,False,
missing_in_database,match_games,"{""id"": 6124075}",,,,,,False,
missing_in_database,match_games,"{""id"": 6124076}",,,,,,False,
missing_in_database,match_games,"{""id"": 6124077}",,,,,,False,
missing_in_database,match_games,"{""id"": 6124078}",,,,,,False,
missing_in_database,match_games,"{""id"": 6124079}",,,,,,False,
missing_in_database,match_games,"{""id"": 6124080}",,,,,,False,
missing_in_database,match_games,"{""id"": 6124081}",,,,,,False,
missing_in_database,match_games,"{""id"": 6124082}",,,,,,False,
missing_in_database,match_games,"{""id"": 6124083}",,,,,,False,
missing_in_database,match_games,"{""id"": 6124084}",,,,,,False,
missing_in_database,match_games,"{""id"": 6124085}",,,,,,False,
missing_in_database,match_games,"{""id"": 6124086}",,,,,,False,
missing_in_database,match_games,"{""id"": 6124087}",,,,,,False,
missing_in_database,match_games,"{""id"": 6124088}",,,,,,False,
missing_in_database,match_games,"{""id"": 6124089}",,,,,,False,
