club_seed_id,country,state_province_code,state_province_name,club_name,club_type,size_tier,generation_method
1,US,AL,Alabama,Heart of Dixie Pickleball Community,Private Athletic Club,Small,ai_seed_template_v1
2,US,AL,Alabama,Gulf Shores Pickleball Paddle Club,Public Park Club,Tiny,ai_seed_template_v1
3,US,AL,Alabama,Gulf Shores Court Academy,Indoor Facility Club,Tiny,ai_seed_template_v1
4,US,AL,Alabama,Cotton State Dink Club,League Organization,Tiny,ai_seed_template_v1
5,US,AL,Alabama,Cotton State Dink League,Community Recreation Club,Small,ai_seed_template_v1
6,US,AL,Alabama,Magnolia Court Club,Community Recreation Club,Large,ai_seed_template_v1
7,US,AL,Alabama,Gulf Shores Rally Racquet & Paddle Club,Retirement Community Club,Small,ai_seed_template_v1
8,US,AL,Alabama,Riverbend Pickleball Community,Community Recreation Club,Small,ai_seed_template_v1
9,US,AL,Alabama,Cotton State Rally Association,Retirement Community Club,Small,ai_seed_template_v1
10,US,AL,Alabama,Community Lob League,Tournament Club,Small,ai_seed_template_v1
11,US,AL,Alabama,Birmingham Pickleball Club,League Organization,Medium,ai_seed_template_v1
12,US,AL,Alabama,Riverbend Dink Club,Competitive Training Club,Tiny,ai_seed_template_v1
13,US,AL,Alabama,Parkside Dink Pickleball Club,Social Club,Tiny,ai_seed_template_v1
14,US,AL,Alabama,Victory Pickleball Club,Indoor Facility Club,Medium,ai_seed_template_v1
15,US,AL,Alabama,Riverbend Academy,Public Park Club,Medium,ai_seed_template_v1
16,US,AL,Alabama,Pacesetter Pickleball Club,Community Recreation Club,Small,ai_seed_template_v1
17,US,AL,Alabama,Birmingham Court Community,Community Recreation Club,Small,ai_seed_template_v1
18,US,AL,Alabama,Magnolia Pickleball Club,Competitive Training Club,Small,ai_seed_template_v1
19,US,AL,Alabama,Ace Point Serve Community,Tournament Club,Medium,ai_seed_template_v1
20,US,AL,Alabama,Ace Point Pickleball Club,Retirement Community Club,Tiny,ai_seed_template_v1
21,US,AL,Alabama,Premier Pickleball Club,League Organization,Small,ai_seed_template_v1
22,US,AL,Alabama,Magnolia Pickleball Athletic Club,Public Park Club,Tiny,ai_seed_template_v1
23,US,AL,Alabama,Heart of Dixie Rec Club,Tournament Club,Medium,ai_seed_template_v1
24,US,AL,Alabama,Birmingham Court Association,Indoor Facility Club,Large,ai_seed_template_v1
25,US,AL,Alabama,Lakeside Rally Community,Social Club,Medium,ai_seed_template_v1
26,US,AL,Alabama,Riverbend Rally League,Tournament Club,Tiny,ai_seed_template_v1
27,US,AL,Alabama,Heart of Dixie Pickleball Club,Community Recreation Club,Medium,ai_seed_template_v1
28,US,AL,Alabama,Northside Paddle Collective,Retirement Community Club,Small,ai_seed_template_v1
29,US,AL,Alabama,Gulf Shores Paddle Center,Indoor Facility Club,Tiny,ai_seed_template_v1
30,US,AL,Alabama,Birmingham Paddle Society,Public Park Club,Small,ai_seed_template_v1
31,US,AL,Alabama,Southside Society,Retirement Community Club,Tiny,ai_seed_template_v1
32,US,AL,Alabama,Riverbend Paddle Association,Retirement Community Club,Medium,ai_seed_template_v1
33,US,AL,Alabama,Cotton State Racquet & Paddle Club,Public Park Club,Small,ai_seed_template_v1
34,US,AL,Alabama,True North Pickleball Athletic Club,Indoor Facility Club,Small,ai_seed_template_v1
35,US,AL,Alabama,Birmingham Paddle Association,Indoor Facility Club,Tiny,ai_seed_template_v1
36,US,AL,Alabama,Summit Paddle Society,Private Athletic Club,Tiny,ai_seed_template_v1
37,US,AL,Alabama,Heart of Dixie Drop Shot Rec Club,League Organization,Tiny,ai_seed_template_v1
38,US,AL,Alabama,Gulf Shores Side Out Academy,Tournament Club,Tiny,ai_seed_template_v1
39,US,AL,Alabama,Gulf Shores Dink Pickleball Club,Community Recreation Club,Medium,ai_seed_template_v1
40,US,AL,Alabama,Gulf Shores Club,Indoor Facility Club,Small,ai_seed_template_v1
41,US,AL,Alabama,Magnolia Pickleball Collective,Competitive Training Club,Small,ai_seed_template_v1
42,US,AL,Alabama,Magnolia Third Shot Crew,Social Club,Small,ai_seed_template_v1
43,US,AL,Alabama,Heart of Dixie Court Academy,Competitive Training Club,Tiny,ai_seed_template_v1
44,US,AL,Alabama,Next Point Rally Crew,Social Club,Medium,ai_seed_template_v1
45,US,AL,Alabama,Gulf Shores Baseline Pickleball Club,Tournament Club,Tiny,ai_seed_template_v1
46,US,AL,Alabama,Riverbend Court League,Private Athletic Club,Tiny,ai_seed_template_v1
47,US,AL,Alabama,Red Mountain Court Collective,Social Club,Tiny,ai_seed_template_v1
48,US,AL,Alabama,Victory Baseline Association,Social Club,Small,ai_seed_template_v1
49,US,AL,Alabama,Heart of Dixie Court League,Public Park Club,Medium,ai_seed_template_v1
50,US,AK,Alaska,Classic Association,League Organization,Medium,ai_seed_template_v1
51,US,AK,Alaska,Central Collective,League Organization,Medium,ai_seed_template_v1
52,US,AK,Alaska,Heritage Pickleball Rec Club,Private Athletic Club,Large,ai_seed_template_v1
53,US,AK,Alaska,Heritage Dink Association,Retirement Community Club,Tiny,ai_seed_template_v1
54,US,AZ,Arizona,Southside Paddle Racquet & Paddle Club,Retirement Community Club,Medium,ai_seed_template_v1
55,US,AZ,Arizona,Canyon Pickleball Racquet & Paddle Club,Public Park Club,Small,ai_seed_template_v1
56,US,AZ,Arizona,Sonoran Court Community,Indoor Facility Club,Medium,ai_seed_template_v1
57,US,AZ,Arizona,Four Corners Pickleball Club,Retirement Community Club,Small,ai_seed_template_v1
58,US,AZ,Arizona,Canyon Court Society,Community Recreation Club,Small,ai_seed_template_v1
59,US,AZ,Arizona,Mesa Court Club,Retirement Community Club,Tiny,ai_seed_template_v1
60,US,AZ,Arizona,Active Life Crew,Tournament Club,Small,ai_seed_template_v1
61,US,AZ,Arizona,Scottsdale Dink Association,Indoor Facility Club,Medium,ai_seed_template_v1
62,US,AZ,Arizona,Premier Academy,Retirement Community Club,Medium,ai_seed_template_v1
63,US,AZ,Arizona,Scottsdale Pickleball Center,Tournament Club,Medium,ai_seed_template_v1
64,US,AZ,Arizona,Eastside Court League,Retirement Community Club,Large,ai_seed_template_v1
65,US,AZ,Arizona,Golden Paddle Rally Athletic Club,Retirement Community Club,Large,ai_seed_template_v1
66,US,AZ,Arizona,Pacesetter Pickleball Club,Retirement Community Club,Small,ai_seed_template_v1
67,US,AZ,Arizona,Desert Ridge Rec Club,Retirement Community Club,Medium,ai_seed_template_v1
68,US,AZ,Arizona,Cactus Valley Academy,Retirement Community Club,Small,ai_seed_template_v1
69,US,AZ,Arizona,Home Court Pickleball Club,Tournament Club,Medium,ai_seed_template_v1
70,US,AZ,Arizona,Desert Ridge Paddle Racquet & Paddle Club,Competitive Training Club,Medium,ai_seed_template_v1
71,US,AZ,Arizona,True North Center,Retirement Community Club,Tiny,ai_seed_template_v1
72,US,AZ,Arizona,All-Court Court League,Retirement Community Club,Tiny,ai_seed_template_v1
73,US,AZ,Arizona,Cactus Valley Paddle Crew,Retirement Community Club,Medium,ai_seed_template_v1
74,US,AZ,Arizona,Premier Pickleball Club,Indoor Facility Club,Medium,ai_seed_template_v1
75,US,AZ,Arizona,Cactus Valley Court Racquet & Paddle Club,Tournament Club,Medium,ai_seed_template_v1
76,US,AZ,Arizona,Scottsdale Dink Center,League Organization,Medium,ai_seed_template_v1
77,US,AZ,Arizona,Canyon Court Association,Public Park Club,Small,ai_seed_template_v1
78,US,AZ,Arizona,Sonoran Paddle Society,Retirement Community Club,Small,ai_seed_template_v1
79,US,AZ,Arizona,Cornerstone Athletic Club,Indoor Facility Club,Tiny,ai_seed_template_v1
80,US,AZ,Arizona,Red Rock Crew,Public Park Club,Medium,ai_seed_template_v1
81,US,AZ,Arizona,True North Drop Shot Association,Social Club,Small,ai_seed_template_v1
82,US,AZ,Arizona,Heritage Kitchen Athletic Club,Community Recreation Club,Tiny,ai_seed_template_v1
83,US,AZ,Arizona,Red Rock Dink Community,Indoor Facility Club,Tiny,ai_seed_template_v1
84,US,AZ,Arizona,Active Life Collective,Community Recreation Club,Small,ai_seed_template_v1
85,US,AZ,Arizona,Red Rock Pickleball Club,Tournament Club,Tiny,ai_seed_template_v1
86,US,AZ,Arizona,Cactus Valley Paddle Society,Private Athletic Club,Small,ai_seed_template_v1
87,US,AZ,Arizona,Valley Paddle Athletic Club,Social Club,Small,ai_seed_template_v1
88,US,AZ,Arizona,Open Play Racquet & Paddle Club,Retirement Community Club,Small,ai_seed_template_v1
89,US,AZ,Arizona,Cactus Valley Rally Club,Private Athletic Club,Small,ai_seed_template_v1
90,US,AZ,Arizona,Scottsdale Court Rec Club,Public Park Club,Tiny,ai_seed_template_v1
91,US,AZ,Arizona,Cactus Valley Paddle Academy,Social Club,Tiny,ai_seed_template_v1
92,US,AZ,Arizona,Next Point Pickleball Club,League Organization,Small,ai_seed_template_v1
93,US,AZ,Arizona,Mesa Paddle Crew,Competitive Training Club,Tiny,ai_seed_template_v1
94,US,AZ,Arizona,Match Point Pickleball Rec Club,Retirement Community Club,Small,ai_seed_template_v1
95,US,AZ,Arizona,Canyon Paddle Club,Retirement Community Club,Small,ai_seed_template_v1
96,US,AZ,Arizona,Mesa Court Association,Public Park Club,Small,ai_seed_template_v1
97,US,AZ,Arizona,Canyon Baseline Center,Competitive Training Club,Small,ai_seed_template_v1
98,US,AZ,Arizona,Sonoran Racquet & Paddle Club,Community Recreation Club,Tiny,ai_seed_template_v1
99,US,AZ,Arizona,Baseline Association,Community Recreation Club,Tiny,ai_seed_template_v1
100,US,AZ,Arizona,Red Rock Pickleball Athletic Club,Tournament Club,Medium,ai_seed_template_v1
101,US,AZ,Arizona,Baseline Pickleball Club,Public Park Club,Small,ai_seed_template_v1
102,US,AZ,Arizona,Lakeside Collective,Retirement Community Club,Small,ai_seed_template_v1
103,US,AZ,Arizona,Cactus Valley Paddle Rec Club,Retirement Community Club,Tiny,ai_seed_template_v1
104,US,AZ,Arizona,True North League,Retirement Community Club,Small,ai_seed_template_v1
105,US,AZ,Arizona,Scottsdale Side Out Association,Private Athletic Club,Small,ai_seed_template_v1
106,US,AZ,Arizona,Home Court League,Indoor Facility Club,Small,ai_seed_template_v1
107,US,AZ,Arizona,Sonoran Rally Club,Retirement Community Club,Tiny,ai_seed_template_v1
108,US,AZ,Arizona,Premier Paddle Club,Public Park Club,Tiny,ai_seed_template_v1
109,US,AZ,Arizona,Cactus Valley Dink Association,Social Club,Small,ai_seed_template_v1
110,US,AZ,Arizona,Scottsdale Rally League,Indoor Facility Club,Tiny,ai_seed_template_v1
111,US,AZ,Arizona,Pioneer Rally Center,Competitive Training Club,Large,ai_seed_template_v1
112,US,AZ,Arizona,Red Rock Paddle Club,Retirement Community Club,Small,ai_seed_template_v1
113,US,AZ,Arizona,Cactus Valley Pickleball Center,Competitive Training Club,Medium,ai_seed_template_v1
114,US,AZ,Arizona,Eastside Court Academy,Retirement Community Club,Mega,ai_seed_template_v1
115,US,AZ,Arizona,Summit Paddle Pickleball Club,Competitive Training Club,Tiny,ai_seed_template_v1
116,US,AZ,Arizona,Match Point Rally Center,Retirement Community Club,Small,ai_seed_template_v1
117,US,AZ,Arizona,Desert Ridge Dink League,League Organization,Small,ai_seed_template_v1
118,US,AZ,Arizona,Civic Court Association,Social Club,Small,ai_seed_template_v1
119,US,AZ,Arizona,Cactus Valley Pickleball Racquet & Paddle Club,Retirement Community Club,Medium,ai_seed_template_v1
120,US,AZ,Arizona,Mesa Dink Rec Club,Private Athletic Club,Tiny,ai_seed_template_v1
121,US,AZ,Arizona,Red Rock Paddle Racquet & Paddle Club,Community Recreation Club,Small,ai_seed_template_v1
122,US,AZ,Arizona,Cactus Valley Pickleball Club,Social Club,Tiny,ai_seed_template_v1
123,US,AZ,Arizona,Cactus Valley Court League,Indoor Facility Club,Small,ai_seed_template_v1
124,US,AZ,Arizona,Classic Pickleball Club,Retirement Community Club,Small,ai_seed_template_v1
125,US,AZ,Arizona,Desert Ridge League,Community Recreation Club,Small,ai_seed_template_v1
126,US,AZ,Arizona,Classic Athletic Club,League Organization,Tiny,ai_seed_template_v1
127,US,AZ,Arizona,Four Corners Lob Athletic Club,Retirement Community Club,Medium,ai_seed_template_v1
128,US,AZ,Arizona,Desert Ridge Pickleball Paddle Club,Social Club,Small,ai_seed_template_v1
129,US,AZ,Arizona,Match Point Third Shot Community,Community Recreation Club,Tiny,ai_seed_template_v1
130,US,AZ,Arizona,Mesa Paddle Rec Club,Retirement Community Club,Small,ai_seed_template_v1
131,US,AZ,Arizona,Heritage Pickleball Club,Competitive Training Club,Tiny,ai_seed_template_v1
132,US,AZ,Arizona,Uptown Kitchen Club,Social Club,Medium,ai_seed_template_v1
133,US,AZ,Arizona,Desert Ridge Pickleball Athletic Club,Retirement Community Club,Small,ai_seed_template_v1
134,US,AZ,Arizona,Mesa Racquet & Paddle Club,Public Park Club,Small,ai_seed_template_v1
135,US,AZ,Arizona,Mesa Rally League,Retirement Community Club,Tiny,ai_seed_template_v1
136,US,AZ,Arizona,Victory Court Academy,Competitive Training Club,Medium,ai_seed_template_v1
137,US,AZ,Arizona,Highland Racquet & Paddle Club,Social Club,Tiny,ai_seed_template_v1
138,US,AZ,Arizona,Uptown Rally Athletic Club,Community Recreation Club,Tiny,ai_seed_template_v1
139,US,AZ,Arizona,Victory Pickleball Club,Indoor Facility Club,Medium,ai_seed_template_v1
140,US,AZ,Arizona,Desert Ridge Court Club,League Organization,Tiny,ai_seed_template_v1
141,US,AZ,Arizona,Canyon Dink Rec Club,Retirement Community Club,Medium,ai_seed_template_v1
142,US,AZ,Arizona,Cactus Valley Dink Pickleball Club,Private Athletic Club,Small,ai_seed_template_v1
143,US,AZ,Arizona,Desert Ridge Rally Crew,Tournament Club,Small,ai_seed_template_v1
144,US,AZ,Arizona,Scottsdale League,Retirement Community Club,Small,ai_seed_template_v1
145,US,AZ,Arizona,All-Court Pickleball Club,Retirement Community Club,Medium,ai_seed_template_v1
146,US,AZ,Arizona,Desert Ridge Rally Racquet & Paddle Club,Private Athletic Club,Small,ai_seed_template_v1
147,US,AZ,Arizona,Victory Dink Academy,Community Recreation Club,Tiny,ai_seed_template_v1
148,US,AZ,Arizona,Canyon Rally Collective,Retirement Community Club,Tiny,ai_seed_template_v1
149,US,AZ,Arizona,Red Rock Paddle Rec Club,Social Club,Small,ai_seed_template_v1
150,US,AZ,Arizona,Red Rock Court Paddle Club,Competitive Training Club,Large,ai_seed_template_v1
151,US,AZ,Arizona,Cactus Valley Society,Social Club,Small,ai_seed_template_v1
152,US,AZ,Arizona,Open Play Drop Shot Association,Competitive Training Club,Small,ai_seed_template_v1
153,US,AZ,Arizona,Cactus Valley Court Athletic Club,Retirement Community Club,Medium,ai_seed_template_v1
154,US,AZ,Arizona,Canyon Society,League Organization,Small,ai_seed_template_v1
155,US,AZ,Arizona,Desert Ridge Center,Retirement Community Club,Tiny,ai_seed_template_v1
156,US,AZ,Arizona,Pioneer Dink Pickleball Club,League Organization,Medium,ai_seed_template_v1
157,US,AZ,Arizona,Community Community,Retirement Community Club,Small,ai_seed_template_v1
158,US,AZ,Arizona,Cactus Valley Rally Racquet & Paddle Club,Tournament Club,Medium,ai_seed_template_v1
159,US,AZ,Arizona,Match Point Pickleball Club,Retirement Community Club,Medium,ai_seed_template_v1
160,US,AZ,Arizona,Victory Association,League Organization,Tiny,ai_seed_template_v1
161,US,AZ,Arizona,Mesa Net League,Community Recreation Club,Tiny,ai_seed_template_v1
162,US,AZ,Arizona,Scottsdale Rally Crew,Community Recreation Club,Tiny,ai_seed_template_v1
163,US,AZ,Arizona,Sonoran Paddle League,Indoor Facility Club,Small,ai_seed_template_v1
164,US,AZ,Arizona,Canyon Dink League,Community Recreation Club,Small,ai_seed_template_v1
165,US,AZ,Arizona,Mesa Dink Club,Retirement Community Club,Tiny,ai_seed_template_v1
166,US,AZ,Arizona,Desert Ridge Rally Community,Retirement Community Club,Small,ai_seed_template_v1
167,US,AR,Arkansas,Little Rock Court Rec Club,Tournament Club,Medium,ai_seed_template_v1
168,US,AR,Arkansas,Northside Dink Racquet & Paddle Club,Public Park Club,Small,ai_seed_template_v1
169,US,AR,Arkansas,River Valley Dink Society,Indoor Facility Club,Tiny,ai_seed_template_v1
170,US,AR,Arkansas,River Valley Paddle Athletic Club,League Organization,Tiny,ai_seed_template_v1
171,US,AR,Arkansas,Riverside Court Paddle Club,Community Recreation Club,Small,ai_seed_template_v1
172,US,AR,Arkansas,River Valley Crew,Tournament Club,Small,ai_seed_template_v1
173,US,AR,Arkansas,Heritage Baseline Crew,Retirement Community Club,Tiny,ai_seed_template_v1
174,US,AR,Arkansas,Open Play Drop Shot Association,Social Club,Small,ai_seed_template_v1
175,US,AR,Arkansas,Baseline Pickleball Club,League Organization,Medium,ai_seed_template_v1
176,US,AR,Arkansas,Natural State Paddle League,Competitive Training Club,Medium,ai_seed_template_v1
177,US,AR,Arkansas,River Valley Paddle League,Social Club,Tiny,ai_seed_template_v1
178,US,AR,Arkansas,Open Play Pickleball Club,Tournament Club,Small,ai_seed_template_v1
179,US,AR,Arkansas,Ozark Pickleball Athletic Club,League Organization,Small,ai_seed_template_v1
180,US,AR,Arkansas,Ozark League,Tournament Club,Small,ai_seed_template_v1
181,US,AR,Arkansas,Ace Point Pickleball Club,Private Athletic Club,Small,ai_seed_template_v1
182,US,AR,Arkansas,Prime Time Pickleball Club,Public Park Club,Medium,ai_seed_template_v1
183,US,AR,Arkansas,Ozark Dink League,Competitive Training Club,Tiny,ai_seed_template_v1
184,US,AR,Arkansas,Baseline Smash League,League Organization,Tiny,ai_seed_template_v1
185,US,AR,Arkansas,Open Play Paddle Club,Tournament Club,Small,ai_seed_template_v1
186,US,AR,Arkansas,Westside Rec Club,Indoor Facility Club,Small,ai_seed_template_v1
187,US,AR,Arkansas,River Valley Paddle Collective,Retirement Community Club,Tiny,ai_seed_template_v1
188,US,AR,Arkansas,Ozark Court Racquet & Paddle Club,Tournament Club,Medium,ai_seed_template_v1
189,US,AR,Arkansas,Community Lob Crew,Indoor Facility Club,Tiny,ai_seed_template_v1
190,US,AR,Arkansas,Delta Ridge Baseline Association,Indoor Facility Club,Small,ai_seed_template_v1
191,US,AR,Arkansas,Little Rock Pickleball Community,Tournament Club,Tiny,ai_seed_template_v1
192,US,AR,Arkansas,Heritage Pickleball Club,Social Club,Small,ai_seed_template_v1
193,US,AR,Arkansas,Pacesetter Court Academy,Retirement Community Club,Medium,ai_seed_template_v1
194,US,AR,Arkansas,River Valley Rally Pickleball Club,Tournament Club,Medium,ai_seed_template_v1
195,US,AR,Arkansas,Delta Ridge League,Private Athletic Club,Tiny,ai_seed_template_v1
196,US,AR,Arkansas,Westside Pickleball Society,Social Club,Medium,ai_seed_template_v1
197,US,CA,California,Heritage Rally Society,Retirement Community Club,Tiny,ai_seed_template_v1
198,US,CA,California,Prime Time Pickleball Racquet & Paddle Club,Tournament Club,Medium,ai_seed_template_v1
199,US,CA,California,Bay Area Paddle Rec Club,Public Park Club,Tiny,ai_seed_template_v1
200,US,CA,California,Bay Area Court Rec Club,Tournament Club,Tiny,ai_seed_template_v1
201,US,CA,California,Golden State Paddle Society,Tournament Club,Medium,ai_seed_template_v1
202,US,CA,California,Golden State Pickleball Academy,Private Athletic Club,Tiny,ai_seed_template_v1
203,US,CA,California,Central Valley Court Pickleball Club,Tournament Club,Small,ai_seed_template_v1
204,US,CA,California,San Diego Paddle Club,Public Park Club,Large,ai_seed_template_v1
205,US,CA,California,Golden State Rally Athletic Club,Retirement Community Club,Small,ai_seed_template_v1
206,US,CA,California,Redwood Court Club,League Organization,Tiny,ai_seed_template_v1
207,US,CA,California,Four Corners Serve Center,Community Recreation Club,Medium,ai_seed_template_v1
208,US,CA,California,SoCal Paddle Athletic Club,League Organization,Small,ai_seed_template_v1
209,US,CA,California,Pioneer Pickleball Community,Competitive Training Club,Medium,ai_seed_template_v1
210,US,CA,California,Parkside Dink League,Indoor Facility Club,Medium,ai_seed_template_v1
211,US,CA,California,Bay Area Rally Rec Club,Tournament Club,Tiny,ai_seed_template_v1
212,US,CA,California,Central Valley Court Racquet & Paddle Club,Competitive Training Club,Tiny,ai_seed_template_v1
213,US,CA,California,Pacesetter Third Shot Paddle Club,Social Club,Tiny,ai_seed_template_v1
214,US,CA,California,Downtown Drop Shot Society,Community Recreation Club,Small,ai_seed_template_v1
215,US,CA,California,Bay Area Paddle Association,Public Park Club,Tiny,ai_seed_template_v1
216,US,CA,California,Classic Pickleball Club,Private Athletic Club,Medium,ai_seed_template_v1
217,US,CA,California,Pacific Coast Rally Association,Indoor Facility Club,Tiny,ai_seed_template_v1
218,US,CA,California,Metro Court Association,Indoor Facility Club,Tiny,ai_seed_template_v1
219,US,CA,California,Orange County Paddle Club,Retirement Community Club,Medium,ai_seed_template_v1
220,US,CA,California,Orange County Rally Athletic Club,Community Recreation Club,Tiny,ai_seed_template_v1
221,US,CA,California,Pacific Coast Pickleball Athletic Club,Tournament Club,Small,ai_seed_template_v1
222,US,CA,California,Pacesetter Pickleball Club,Community Recreation Club,Tiny,ai_seed_template_v1
223,US,CA,California,Heritage Lob Academy,Tournament Club,Tiny,ai_seed_template_v1
224,US,CA,California,Heritage Racquet & Paddle Club,Tournament Club,Tiny,ai_seed_template_v1
225,US,CA,California,SoCal Academy,Competitive Training Club,Large,ai_seed_template_v1
226,US,CA,California,Sierra Court Academy,Private Athletic Club,Small,ai_seed_template_v1
227,US,CA,California,Redwood Side Out Paddle Club,Tournament Club,Small,ai_seed_template_v1
228,US,CA,California,Next Point Academy,Social Club,Medium,ai_seed_template_v1
229,US,CA,California,Classic Pickleball Rec Club,Social Club,Small,ai_seed_template_v1
230,US,CA,California,Bay Area Rally Racquet & Paddle Club,Indoor Facility Club,Small,ai_seed_template_v1
231,US,CA,California,Active Life Center,Social Club,Tiny,ai_seed_template_v1
232,US,CA,California,Central Valley Pickleball Paddle Club,Private Athletic Club,Medium,ai_seed_template_v1
233,US,CA,California,SoCal Court Association,Social Club,Tiny,ai_seed_template_v1
234,US,CA,California,Central Valley Pickleball Center,Tournament Club,Tiny,ai_seed_template_v1
235,US,CA,California,Orange County Academy,Indoor Facility Club,Tiny,ai_seed_template_v1
236,US,CA,California,Central Valley Smash Club,Tournament Club,Small,ai_seed_template_v1
237,US,CA,California,Match Point Athletic Club,Community Recreation Club,Tiny,ai_seed_template_v1
238,US,CA,California,Redwood Pickleball Crew,Tournament Club,Tiny,ai_seed_template_v1
239,US,CA,California,Redwood Paddle Center,Private Athletic Club,Small,ai_seed_template_v1
240,US,CA,California,Community Society,League Organization,Small,ai_seed_template_v1
241,US,CA,California,Sierra Rally Racquet & Paddle Club,League Organization,Large,ai_seed_template_v1
242,US,CA,California,Victory Pickleball Club,Retirement Community Club,Small,ai_seed_template_v1
243,US,CA,California,Central Valley Dink Racquet & Paddle Club,Community Recreation Club,Small,ai_seed_template_v1
244,US,CA,California,Central Valley Court Collective,Social Club,Small,ai_seed_template_v1
245,US,CA,California,Bay Area Rally Collective,Social Club,Tiny,ai_seed_template_v1
246,US,CA,California,Heritage Academy,Social Club,Tiny,ai_seed_template_v1
247,US,CA,California,SoCal Pickleball Athletic Club,Social Club,Tiny,ai_seed_template_v1
248,US,CA,California,Valley Court League,Indoor Facility Club,Small,ai_seed_template_v1
249,US,CA,California,Bay Area Club,League Organization,Small,ai_seed_template_v1
250,US,CA,California,Match Point Racquet & Paddle Club,Tournament Club,Tiny,ai_seed_template_v1
251,US,CA,California,SoCal Pickleball Club,Tournament Club,Small,ai_seed_template_v1
252,US,CA,California,Pacific Coast Lob Athletic Club,Tournament Club,Tiny,ai_seed_template_v1
253,US,CA,California,Golden Paddle Pickleball Club,League Organization,Tiny,ai_seed_template_v1
254,US,CA,California,Classic Court Rec Club,Indoor Facility Club,Tiny,ai_seed_template_v1
255,US,CA,California,Four Corners Center,Tournament Club,Small,ai_seed_template_v1
256,US,CA,California,Redwood Court Center,Social Club,Tiny,ai_seed_template_v1
257,US,CA,California,Sierra Rally Athletic Club,Private Athletic Club,Small,ai_seed_template_v1
258,US,CA,California,Next Point Pickleball Club,Retirement Community Club,Medium,ai_seed_template_v1
259,US,CA,California,Heritage Dink Crew,Community Recreation Club,Tiny,ai_seed_template_v1
260,US,CA,California,SoCal Pickleball Community,Social Club,Large,ai_seed_template_v1
261,US,CA,California,Golden State Pickleball Club,Public Park Club,Small,ai_seed_template_v1
262,US,CA,California,San Diego Athletic Club,Competitive Training Club,Tiny,ai_seed_template_v1
263,US,CA,California,Civic Rally Center,Indoor Facility Club,Medium,ai_seed_template_v1
264,US,CA,California,SoCal Collective,Tournament Club,Small,ai_seed_template_v1
265,US,CA,California,Pacific Coast Court Racquet & Paddle Club,Retirement Community Club,Tiny,ai_seed_template_v1
266,US,CA,California,San Diego Paddle Athletic Club,Private Athletic Club,Small,ai_seed_template_v1
267,US,CA,California,Orange County Lob Athletic Club,Indoor Facility Club,Tiny,ai_seed_template_v1
268,US,CA,California,Pacific Coast Society,Tournament Club,Medium,ai_seed_template_v1
269,US,CA,California,Pacesetter Paddle Community,Private Athletic Club,Large,ai_seed_template_v1
270,US,CA,California,Central Valley Dink Society,Tournament Club,Large,ai_seed_template_v1
271,US,CA,California,Westside Racquet & Paddle Club,Private Athletic Club,Small,ai_seed_template_v1
272,US,CA,California,Premier Club,Social Club,Small,ai_seed_template_v1
273,US,CA,California,Heritage Rally Center,Competitive Training Club,Medium,ai_seed_template_v1
274,US,CA,California,Golden State Collective,Public Park Club,Small,ai_seed_template_v1
275,US,CA,California,Riverside Paddle Club,Retirement Community Club,Medium,ai_seed_template_v1
276,US,CA,California,True North Pickleball Club,League Organization,Medium,ai_seed_template_v1
277,US,CA,California,Riverside Pickleball Association,Indoor Facility Club,Tiny,ai_seed_template_v1
278,US,CA,California,Eastside Court Pickleball Club,Tournament Club,Tiny,ai_seed_template_v1
279,US,CA,California,Central Valley Dink Academy,Indoor Facility Club,Small,ai_seed_template_v1
280,US,CA,California,True North Racquet & Paddle Club,Private Athletic Club,Medium,ai_seed_template_v1
281,US,CA,California,SoCal Paddle Pickleball Club,Tournament Club,Small,ai_seed_template_v1
282,US,CA,California,Community Pickleball Club,Public Park Club,Tiny,ai_seed_template_v1
283,US,CA,California,San Diego Rally Center,Competitive Training Club,Tiny,ai_seed_template_v1
284,US,CA,California,Southside Pickleball Athletic Club,Retirement Community Club,Tiny,ai_seed_template_v1
285,US,CA,California,Sierra Rally Center,Competitive Training Club,Small,ai_seed_template_v1
286,US,CA,California,Pacific Coast Rally Rec Club,Retirement Community Club,Small,ai_seed_template_v1
287,US,CA,California,Premier Association,Tournament Club,Small,ai_seed_template_v1
288,US,CA,California,Bay Area Dink Crew,Retirement Community Club,Small,ai_seed_template_v1
289,US,CA,California,Sierra Paddle Racquet & Paddle Club,Social Club,Medium,ai_seed_template_v1
290,US,CA,California,San Diego Third Shot Association,Tournament Club,Medium,ai_seed_template_v1
291,US,CA,California,Pacesetter Baseline Club,Tournament Club,Tiny,ai_seed_template_v1
292,US,CA,California,Civic Court Club,Tournament Club,Small,ai_seed_template_v1
293,US,CA,California,Pacesetter Paddle Academy,Community Recreation Club,Small,ai_seed_template_v1
294,US,CA,California,Home Court Pickleball Club,Retirement Community Club,Tiny,ai_seed_template_v1
295,US,CA,California,Pacific Coast Racquet & Paddle Club,Indoor Facility Club,Small,ai_seed_template_v1
296,US,CA,California,Golden State Paddle Association,Indoor Facility Club,Tiny,ai_seed_template_v1
297,US,CA,California,Southside Pickleball Club,Social Club,Medium,ai_seed_template_v1
298,US,CA,California,Classic Court Paddle Club,Tournament Club,Tiny,ai_seed_template_v1
299,US,CA,California,Four Corners Pickleball Club,Retirement Community Club,Medium,ai_seed_template_v1
300,US,CA,California,San Diego Society,Tournament Club,Tiny,ai_seed_template_v1
301,US,CA,California,Prime Time Pickleball Club,Indoor Facility Club,Tiny,ai_seed_template_v1
302,US,CA,California,Orange County Court Collective,Indoor Facility Club,Small,ai_seed_template_v1
303,US,CA,California,Pacific Coast Pickleball Paddle Club,Tournament Club,Tiny,ai_seed_template_v1
304,US,CA,California,Bay Area Rally Society,Tournament Club,Medium,ai_seed_template_v1
305,US,CA,California,Open Play Pickleball Association,Indoor Facility Club,Small,ai_seed_template_v1
306,US,CA,California,Golden State Crew,League Organization,Tiny,ai_seed_template_v1
307,US,CA,California,Victory Association,Competitive Training Club,Tiny,ai_seed_template_v1
308,US,CA,California,Central Valley Rally Center,Competitive Training Club,Small,ai_seed_template_v1
309,US,CA,California,All-Court League,Public Park Club,Tiny,ai_seed_template_v1
310,US,CA,California,Redwood Paddle Rec Club,League Organization,Small,ai_seed_template_v1
311,US,CA,California,Central Valley Pickleball League,Tournament Club,Medium,ai_seed_template_v1
312,US,CA,California,Home Court Collective,Community Recreation Club,Medium,ai_seed_template_v1
313,US,CA,California,Orange County Pickleball Club,Competitive Training Club,Small,ai_seed_template_v1
314,US,CA,California,Courtyard Pickleball Club,Indoor Facility Club,Medium,ai_seed_template_v1
315,US,CA,California,Heritage Court Club,Tournament Club,Tiny,ai_seed_template_v1
316,US,CA,California,Uptown Crew,Tournament Club,Tiny,ai_seed_template_v1
317,US,CA,California,San Diego Pickleball Rec Club,Social Club,Small,ai_seed_template_v1
318,US,CA,California,San Diego Paddle Crew,Community Recreation Club,Medium,ai_seed_template_v1
319,US,CA,California,Bay Area Paddle Community,Retirement Community Club,Tiny,ai_seed_template_v1
320,US,CA,California,Orange County Smash League,Tournament Club,Tiny,ai_seed_template_v1
321,US,CA,California,Ace Point Serve Collective,Tournament Club,Small,ai_seed_template_v1
322,US,CA,California,Four Corners Baseline Society,Indoor Facility Club,Small,ai_seed_template_v1
323,US,CA,California,Summit Drop Shot Society,Retirement Community Club,Medium,ai_seed_template_v1
324,US,CA,California,Match Point Drop Shot League,League Organization,Small,ai_seed_template_v1
325,US,CA,California,Central Valley Rally League,Social Club,Medium,ai_seed_template_v1
326,US,CA,California,Open Play Drop Shot Paddle Club,Tournament Club,Tiny,ai_seed_template_v1
327,US,CA,California,Central Valley Court Association,Private Athletic Club,Small,ai_seed_template_v1
328,US,CA,California,Redwood Side Out Center,League Organization,Small,ai_seed_template_v1
329,US,CA,California,Central Valley Paddle Racquet & Paddle Club,Tournament Club,Tiny,ai_seed_template_v1
330,US,CA,California,Sierra Court Community,Competitive Training Club,Small,ai_seed_template_v1
331,US,CA,California,Active Life Pickleball Club,Community Recreation Club,Small,ai_seed_template_v1
332,US,CA,California,Pioneer Paddle Athletic Club,Tournament Club,Small,ai_seed_template_v1
333,US,CA,California,SoCal Paddle Racquet & Paddle Club,Competitive Training Club,Medium,ai_seed_template_v1
334,US,CA,California,Downtown Dink Rec Club,Private Athletic Club,Medium,ai_seed_template_v1
335,US,CA,California,Match Point Crew,Tournament Club,Large,ai_seed_template_v1
336,US,CA,California,Active Life Side Out Academy,Indoor Facility Club,Mega,ai_seed_template_v1
337,US,CA,California,Westside Pickleball Racquet & Paddle Club,Private Athletic Club,Medium,ai_seed_template_v1
338,US,CA,California,Baseline Association,Indoor Facility Club,Tiny,ai_seed_template_v1
339,US,CA,California,Northside Rally Academy,Social Club,Tiny,ai_seed_template_v1
340,US,CA,California,Pacific Coast Center,Tournament Club,Large,ai_seed_template_v1
341,US,CA,California,Civic Rally Crew,Tournament Club,Small,ai_seed_template_v1
342,US,CA,California,Redwood Lob Athletic Club,Community Recreation Club,Medium,ai_seed_template_v1
343,US,CA,California,Bay Area Dink Center,Retirement Community Club,Medium,ai_seed_template_v1
344,US,CA,California,Highland Racquet & Paddle Club,League Organization,Small,ai_seed_template_v1
345,US,CA,California,Eastside Pickleball Society,Indoor Facility Club,Small,ai_seed_template_v1
346,US,CA,California,Orange County Pickleball Association,Tournament Club,Tiny,ai_seed_template_v1
347,US,CA,California,Pacific Coast Paddle Society,Community Recreation Club,Tiny,ai_seed_template_v1
348,US,CA,California,Next Point Smash Crew,Indoor Facility Club,Medium,ai_seed_template_v1
349,US,CA,California,Bay Area Pickleball Academy,Private Athletic Club,Small,ai_seed_template_v1
350,US,CA,California,Bay Area Pickleball Paddle Club,Community Recreation Club,Tiny,ai_seed_template_v1
351,US,CA,California,Prime Time Smash Society,Retirement Community Club,Tiny,ai_seed_template_v1
352,US,CA,California,Premier Rec Club,Retirement Community Club,Small,ai_seed_template_v1
353,US,CA,California,Sierra Paddle Club,Tournament Club,Small,ai_seed_template_v1
354,US,CA,California,Prime Time Paddle Crew,Indoor Facility Club,Small,ai_seed_template_v1
355,US,CA,California,Bay Area Baseline Center,Tournament Club,Tiny,ai_seed_template_v1
356,US,CA,California,Uptown Dink Community,Indoor Facility Club,Tiny,ai_seed_template_v1
357,US,CA,California,Bay Area League,Tournament Club,Large,ai_seed_template_v1
358,US,CA,California,Open Play Paddle Club,Indoor Facility Club,Medium,ai_seed_template_v1
359,US,CA,California,Sierra Rec Club,Public Park Club,Small,ai_seed_template_v1
360,US,CA,California,Victory Court Academy,League Organization,Medium,ai_seed_template_v1
361,US,CA,California,Pacific Coast Dink Club,Competitive Training Club,Tiny,ai_seed_template_v1
362,US,CA,California,Northside Rally Center,Public Park Club,Small,ai_seed_template_v1
363,US,CA,California,Sierra League,Retirement Community Club,Tiny,ai_seed_template_v1
364,US,CA,California,Metro Rally Club,Indoor Facility Club,Tiny,ai_seed_template_v1
365,US,CA,California,Central Pickleball Athletic Club,League Organization,Medium,ai_seed_template_v1
366,US,CA,California,Pacific Coast Court Crew,Public Park Club,Medium,ai_seed_template_v1
367,US,CA,California,Next Point Center,Tournament Club,Small,ai_seed_template_v1
368,US,CA,California,SoCal Dink Club,Retirement Community Club,Small,ai_seed_template_v1
369,US,CA,California,Cornerstone Club,Community Recreation Club,Large,ai_seed_template_v1
370,US,CA,California,Golden State Rec Club,Public Park Club,Medium,ai_seed_template_v1
371,US,CA,California,Open Play Pickleball Club,Community Recreation Club,Small,ai_seed_template_v1
372,US,CA,California,Redwood Rally Society,Social Club,Tiny,ai_seed_template_v1
373,US,CA,California,Pacific Coast Paddle League,Social Club,Tiny,ai_seed_template_v1
374,US,CA,California,Home Court Community,Tournament Club,Medium,ai_seed_template_v1
375,US,CA,California,Prime Time Rally Racquet & Paddle Club,Community Recreation Club,Large,ai_seed_template_v1
376,US,CA,California,Victory Lob Community,Public Park Club,Medium,ai_seed_template_v1
377,US,CA,California,San Diego League,Private Athletic Club,Tiny,ai_seed_template_v1
378,US,CA,California,Riverside Rally Collective,Community Recreation Club,Tiny,ai_seed_template_v1
379,US,CA,California,Home Court Pickleball Collective,Community Recreation Club,Medium,ai_seed_template_v1
380,US,CA,California,Central Valley Dink Club,Private Athletic Club,Medium,ai_seed_template_v1
381,US,CA,California,Sierra Paddle Society,Tournament Club,Small,ai_seed_template_v1
382,US,CA,California,San Diego Rally Pickleball Club,Indoor Facility Club,Small,ai_seed_template_v1
383,US,CA,California,Orange County Rally Paddle Club,Indoor Facility Club,Tiny,ai_seed_template_v1
384,US,CA,California,Golden State Baseline Athletic Club,Social Club,Medium,ai_seed_template_v1
385,US,CA,California,True North Collective,Tournament Club,Medium,ai_seed_template_v1
386,US,CA,California,SoCal Rally Racquet & Paddle Club,Private Athletic Club,Small,ai_seed_template_v1
387,US,CA,California,Heritage Pickleball Club,Private Athletic Club,Tiny,ai_seed_template_v1
388,US,CA,California,Civic Paddle Community,Tournament Club,Tiny,ai_seed_template_v1
389,US,CA,California,Bay Area Rec Club,Tournament Club,Large,ai_seed_template_v1
390,US,CA,California,Prime Time League,League Organization,Tiny,ai_seed_template_v1
391,US,CA,California,Civic Court Crew,League Organization,Small,ai_seed_template_v1
392,US,CA,California,Next Point Serve Rec Club,Private Athletic Club,Medium,ai_seed_template_v1
393,US,CA,California,Uptown Side Out Athletic Club,Private Athletic Club,Medium,ai_seed_template_v1
394,US,CA,California,Prime Time Rally Crew,Community Recreation Club,Small,ai_seed_template_v1
395,US,CA,California,Redwood Pickleball Club,Retirement Community Club,Small,ai_seed_template_v1
396,US,CA,California,Metro Dink Society,Private Athletic Club,Small,ai_seed_template_v1
397,US,CA,California,SoCal Dink Center,Tournament Club,Tiny,ai_seed_template_v1
398,US,CA,California,Redwood Society,Tournament Club,Large,ai_seed_template_v1
399,US,CA,California,Pacesetter Serve Club,Indoor Facility Club,Tiny,ai_seed_template_v1
400,US,CA,California,SoCal Court Rec Club,Competitive Training Club,Tiny,ai_seed_template_v1
401,US,CA,California,Courtyard Drop Shot Academy,Public Park Club,Small,ai_seed_template_v1
402,US,CA,California,Orange County Pickleball League,Private Athletic Club,Large,ai_seed_template_v1
403,US,CA,California,Pacific Coast Paddle Athletic Club,Social Club,Tiny,ai_seed_template_v1
404,US,CA,California,Central Valley Rally Crew,Private Athletic Club,Tiny,ai_seed_template_v1
405,US,CA,California,SoCal Side Out Community,Private Athletic Club,Small,ai_seed_template_v1
406,US,CA,California,Golden State Dink Society,Tournament Club,Medium,ai_seed_template_v1
407,US,CA,California,SoCal Dink Community,Public Park Club,Medium,ai_seed_template_v1
408,US,CA,California,Home Court Pickleball Athletic Club,Private Athletic Club,Medium,ai_seed_template_v1
409,US,CA,California,Central Valley Pickleball Club,Private Athletic Club,Tiny,ai_seed_template_v1
410,US,CA,California,Northside Dink Society,Tournament Club,Tiny,ai_seed_template_v1
411,US,CA,California,All-Court Pickleball Society,Community Recreation Club,Small,ai_seed_template_v1
412,US,CA,California,Sierra Dink Academy,Competitive Training Club,Small,ai_seed_template_v1
413,US,CA,California,Cornerstone Dink Community,Tournament Club,Medium,ai_seed_template_v1
414,US,CA,California,Courtyard Rec Club,Tournament Club,Medium,ai_seed_template_v1
415,US,CA,California,Sierra Pickleball Center,Private Athletic Club,Small,ai_seed_template_v1
416,US,CA,California,SoCal Paddle Collective,Tournament Club,Medium,ai_seed_template_v1
417,US,CA,California,Bay Area Dink Community,Private Athletic Club,Small,ai_seed_template_v1
418,US,CA,California,Golden Paddle Crew,League Organization,Small,ai_seed_template_v1
419,US,CA,California,Pacific Coast Rally Club,Social Club,Tiny,ai_seed_template_v1
420,US,CA,California,Four Corners Crew,Community Recreation Club,Small,ai_seed_template_v1
421,US,CA,California,SoCal Pickleball Collective,Competitive Training Club,Small,ai_seed_template_v1
422,US,CA,California,Next Point Paddle Club,Indoor Facility Club,Medium,ai_seed_template_v1
423,US,CA,California,Ace Point Pickleball Club,Indoor Facility Club,Tiny,ai_seed_template_v1
424,US,CA,California,Sierra Pickleball Club,Private Athletic Club,Tiny,ai_seed_template_v1
425,US,CA,California,Central Valley Lob Crew,Social Club,Tiny,ai_seed_template_v1
426,US,CA,California,Baseline Pickleball Club,Retirement Community Club,Small,ai_seed_template_v1
427,US,CA,California,Ace Point Crew,Private Athletic Club,Medium,ai_seed_template_v1
428,US,CA,California,Pacific Coast Court Association,Private Athletic Club,Medium,ai_seed_template_v1
429,US,CA,California,SoCal Dink Collective,League Organization,Small,ai_seed_template_v1
430,US,CA,California,Northside Collective,Indoor Facility Club,Small,ai_seed_template_v1
431,US,CA,California,Westside Dink Collective,Social Club,Medium,ai_seed_template_v1
432,US,CA,California,Pacific Coast Rally Crew,Tournament Club,Tiny,ai_seed_template_v1
433,US,CA,California,Bay Area Paddle Athletic Club,Community Recreation Club,Small,ai_seed_template_v1
434,US,CA,California,Central Valley Third Shot Society,Tournament Club,Small,ai_seed_template_v1
435,US,CA,California,Redwood Pickleball Racquet & Paddle Club,Public Park Club,Small,ai_seed_template_v1
436,US,CA,California,Redwood Dink Association,Tournament Club,Tiny,ai_seed_template_v1
437,US,CA,California,Central Valley Paddle Association,League Organization,Tiny,ai_seed_template_v1
438,US,CA,California,True North Paddle Collective,Retirement Community Club,Small,ai_seed_template_v1
439,US,CA,California,Redwood Dink Pickleball Club,Competitive Training Club,Small,ai_seed_template_v1
440,US,CA,California,Golden State Lob League,Community Recreation Club,Small,ai_seed_template_v1
441,US,CA,California,Orange County Serve Association,Competitive Training Club,Tiny,ai_seed_template_v1
442,US,CA,California,Bay Area Court Racquet & Paddle Club,Community Recreation Club,Medium,ai_seed_template_v1
443,US,CA,California,SoCal Pickleball Center,Tournament Club,Tiny,ai_seed_template_v1
444,US,CA,California,Orange County League,Community Recreation Club,Small,ai_seed_template_v1
445,US,CA,California,Sierra Center,Private Athletic Club,Medium,ai_seed_template_v1
446,US,CA,California,Redwood Rec Club,Tournament Club,Tiny,ai_seed_template_v1
447,US,CA,California,Community Center,Community Recreation Club,Tiny,ai_seed_template_v1
448,US,CA,California,Central Valley Paddle Community,Indoor Facility Club,Medium,ai_seed_template_v1
449,US,CA,California,Golden State Dink Association,Social Club,Small,ai_seed_template_v1
450,US,CA,California,Central Valley Baseline Crew,Private Athletic Club,Small,ai_seed_template_v1
451,US,CA,California,Summit Rally League,Public Park Club,Small,ai_seed_template_v1
452,US,CA,California,SoCal Court Racquet & Paddle Club,Tournament Club,Small,ai_seed_template_v1
453,US,CA,California,Cornerstone Third Shot Crew,Tournament Club,Small,ai_seed_template_v1
454,US,CA,California,Bay Area Paddle Racquet & Paddle Club,Tournament Club,Small,ai_seed_template_v1
455,US,CA,California,Central Valley Paddle Collective,Social Club,Small,ai_seed_template_v1
456,US,CA,California,Summit Smash League,Community Recreation Club,Tiny,ai_seed_template_v1
457,US,CA,California,Community Paddle Club,Tournament Club,Small,ai_seed_template_v1
458,US,CA,California,Redwood Center,Tournament Club,Small,ai_seed_template_v1
459,US,CA,California,Sierra Academy,Public Park Club,Small,ai_seed_template_v1
460,US,CA,California,Heritage Pickleball Community,Retirement Community Club,Medium,ai_seed_template_v1
461,US,CA,California,SoCal Dink Crew,Public Park Club,Medium,ai_seed_template_v1
462,US,CA,California,Orange County Court Pickleball Club,Private Athletic Club,Tiny,ai_seed_template_v1
463,US,CA,California,San Diego Paddle Racquet & Paddle Club,Tournament Club,Medium,ai_seed_template_v1
464,US,CA,California,Bay Area Racquet & Paddle Club,Indoor Facility Club,Small,ai_seed_template_v1
465,US,CA,California,True North Paddle Club,Indoor Facility Club,Large,ai_seed_template_v1
466,US,CA,California,Bay Area Court Society,Competitive Training Club,Small,ai_seed_template_v1
467,US,CA,California,San Diego Pickleball Collective,Competitive Training Club,Medium,ai_seed_template_v1
468,US,CA,California,Bay Area Academy,League Organization,Small,ai_seed_template_v1
469,US,CA,California,Match Point Rec Club,Indoor Facility Club,Small,ai_seed_template_v1
470,US,CA,California,Bay Area Pickleball Club,Competitive Training Club,Tiny,ai_seed_template_v1
471,US,CA,California,Classic Racquet & Paddle Club,Retirement Community Club,Tiny,ai_seed_template_v1
472,US,CA,California,Southside Pickleball Racquet & Paddle Club,Tournament Club,Small,ai_seed_template_v1
473,US,CA,California,Highland Dink Pickleball Club,Indoor Facility Club,Medium,ai_seed_template_v1
474,US,CA,California,San Diego Pickleball Club,Social Club,Medium,ai_seed_template_v1
475,US,CA,California,Match Point Pickleball Club,Retirement Community Club,Large,ai_seed_template_v1
476,US,CA,California,Four Corners Lob League,Tournament Club,Tiny,ai_seed_template_v1
477,US,CA,California,Classic Serve Association,League Organization,Medium,ai_seed_template_v1
478,US,CA,California,Sierra Court Athletic Club,Tournament Club,Small,ai_seed_template_v1
479,US,CA,California,Ace Point Court League,Indoor Facility Club,Small,ai_seed_template_v1
480,US,CA,California,SoCal Rally Crew,Competitive Training Club,Medium,ai_seed_template_v1
481,US,CA,California,San Diego Court Community,League Organization,Small,ai_seed_template_v1
482,US,CA,California,Sierra Court Collective,Community Recreation Club,Tiny,ai_seed_template_v1
483,US,CA,California,Pioneer Pickleball Club,Retirement Community Club,Small,ai_seed_template_v1
484,US,CA,California,San Diego Rec Club,Tournament Club,Small,ai_seed_template_v1
485,US,CA,California,SoCal Paddle Society,Indoor Facility Club,Tiny,ai_seed_template_v1
486,US,CA,California,Golden State Rally Racquet & Paddle Club,Tournament Club,Medium,ai_seed_template_v1
487,US,CA,California,Pacific Coast Dink Athletic Club,Indoor Facility Club,Tiny,ai_seed_template_v1
488,US,CA,California,Bay Area Kitchen Pickleball Club,Tournament Club,Tiny,ai_seed_template_v1
489,US,CA,California,Open Play Academy,Retirement Community Club,Medium,ai_seed_template_v1
490,US,CA,California,Ace Point Lob Racquet & Paddle Club,Private Athletic Club,Small,ai_seed_template_v1
491,US,CA,California,Pacific Coast Dink Pickleball Club,Tournament Club,Small,ai_seed_template_v1
492,US,CA,California,Redwood Association,Competitive Training Club,Medium,ai_seed_template_v1
493,US,CA,California,Pacesetter Baseline Crew,Public Park Club,Medium,ai_seed_template_v1
494,US,CA,California,Heritage Kitchen Racquet & Paddle Club,League Organization,Small,ai_seed_template_v1
495,US,CA,California,Active Life Third Shot Academy,Community Recreation Club,Medium,ai_seed_template_v1
496,US,CA,California,San Diego Community,Public Park Club,Small,ai_seed_template_v1
497,US,CA,California,Uptown Baseline Paddle Club,Tournament Club,Medium,ai_seed_template_v1
498,US,CA,California,Sierra Court Center,Community Recreation Club,Small,ai_seed_template_v1
499,US,CA,California,Bay Area Paddle Academy,Private Athletic Club,Medium,ai_seed_template_v1
500,US,CA,California,Orange County Rally League,Tournament Club,Tiny,ai_seed_template_v1
501,US,CA,California,Downtown Net Center,Public Park Club,Tiny,ai_seed_template_v1
502,US,CA,California,Victory Racquet & Paddle Club,Tournament Club,Small,ai_seed_template_v1
503,US,CA,California,Pacific Coast Pickleball Community,Tournament Club,Medium,ai_seed_template_v1
504,US,CA,California,Ace Point Drop Shot Club,Social Club,Tiny,ai_seed_template_v1
505,US,CA,California,SoCal Rally Association,Community Recreation Club,Small,ai_seed_template_v1
506,US,CA,California,Pacific Coast Paddle Pickleball Club,Retirement Community Club,Small,ai_seed_template_v1
507,US,CA,California,Redwood Paddle Club,Retirement Community Club,Tiny,ai_seed_template_v1
508,US,CA,California,Pacesetter Side Out Academy,Community Recreation Club,Medium,ai_seed_template_v1
509,US,CA,California,Bay Area Dink Academy,Tournament Club,Medium,ai_seed_template_v1
510,US,CA,California,Central Valley Dink Athletic Club,League Organization,Small,ai_seed_template_v1
511,US,CA,California,Pacific Coast Paddle Association,Retirement Community Club,Tiny,ai_seed_template_v1
512,US,CA,California,San Diego Net Community,Public Park Club,Tiny,ai_seed_template_v1
513,US,CA,California,SoCal Dink Athletic Club,Tournament Club,Small,ai_seed_template_v1
514,US,CA,California,Sierra Dink Society,Tournament Club,Small,ai_seed_template_v1
515,US,CA,California,Central Valley Pickleball Association,Social Club,Medium,ai_seed_template_v1
516,US,CA,California,San Diego Court Athletic Club,Public Park Club,Large,ai_seed_template_v1
517,US,CA,California,Pacific Coast Collective,Public Park Club,Medium,ai_seed_template_v1
518,US,CA,California,San Diego Kitchen Rec Club,Private Athletic Club,Small,ai_seed_template_v1
519,US,CA,California,Golden State Dink League,League Organization,Small,ai_seed_template_v1
520,US,CA,California,Heritage Crew,Retirement Community Club,Tiny,ai_seed_template_v1
521,US,CA,California,Pacific Coast Community,Tournament Club,Medium,ai_seed_template_v1
522,US,CA,California,Cornerstone Pickleball Club,Social Club,Medium,ai_seed_template_v1
523,US,CA,California,Summit Lob Center,Tournament Club,Tiny,ai_seed_template_v1
524,US,CA,California,SoCal Rally Rec Club,Indoor Facility Club,Small,ai_seed_template_v1
525,US,CA,California,Sierra Dink Community,Tournament Club,Medium,ai_seed_template_v1
526,US,CA,California,Victory Rally Paddle Club,Retirement Community Club,Tiny,ai_seed_template_v1
527,US,CA,California,Sierra Pickleball Collective,League Organization,Tiny,ai_seed_template_v1
528,US,CA,California,Civic Drop Shot Club,Social Club,Tiny,ai_seed_template_v1
529,US,CA,California,Ace Point Association,Indoor Facility Club,Small,ai_seed_template_v1
530,US,CA,California,Central Valley Court Academy,League Organization,Small,ai_seed_template_v1
531,US,CA,California,Pacific Coast Rally Academy,Tournament Club,Tiny,ai_seed_template_v1
532,US,CA,California,Victory Smash Paddle Club,Tournament Club,Tiny,ai_seed_template_v1
533,US,CA,California,Parkside Dink Association,Retirement Community Club,Medium,ai_seed_template_v1
534,US,CA,California,SoCal Pickleball League,Tournament Club,Small,ai_seed_template_v1
535,US,CA,California,Premier Third Shot Athletic Club,Indoor Facility Club,Mega,ai_seed_template_v1
536,US,CA,California,Sunset Paddle Rec Club,Competitive Training Club,Medium,ai_seed_template_v1
537,US,CA,California,Pacific Coast Pickleball Association,Competitive Training Club,Small,ai_seed_template_v1
538,US,CA,California,Redwood Court Crew,Tournament Club,Tiny,ai_seed_template_v1
539,US,CA,California,Pacific Coast Pickleball Racquet & Paddle Club,Tournament Club,Medium,ai_seed_template_v1
540,US,CA,California,All-Court Third Shot Pickleball Club,League Organization,Small,ai_seed_template_v1
541,US,CA,California,Orange County Net Association,Private Athletic Club,Small,ai_seed_template_v1
542,US,CA,California,Northside Association,Tournament Club,Medium,ai_seed_template_v1
543,US,CA,California,Golden State Society,Community Recreation Club,Tiny,ai_seed_template_v1
544,US,CA,California,Redwood Paddle Crew,Tournament Club,Small,ai_seed_template_v1
545,US,CA,California,Civic Paddle Collective,Competitive Training Club,Tiny,ai_seed_template_v1
546,US,CA,California,San Diego Paddle Rec Club,Tournament Club,Small,ai_seed_template_v1
547,US,CA,California,SoCal Rally Club,Retirement Community Club,Small,ai_seed_template_v1
548,US,CA,California,Bay Area Dink Rec Club,Retirement Community Club,Small,ai_seed_template_v1
549,US,CA,California,Pacific Coast Association,Social Club,Tiny,ai_seed_template_v1
550,US,CA,California,SoCal Smash Club,Tournament Club,Large,ai_seed_template_v1
551,US,CA,California,Bay Area Pickleball Center,Community Recreation Club,Small,ai_seed_template_v1
552,US,CA,California,Golden State Smash League,Competitive Training Club,Tiny,ai_seed_template_v1
553,US,CA,California,Golden State Court Center,Retirement Community Club,Small,ai_seed_template_v1
554,US,CA,California,Redwood Court Pickleball Club,Tournament Club,Small,ai_seed_template_v1
555,US,CA,California,Redwood Racquet & Paddle Club,Retirement Community Club,Tiny,ai_seed_template_v1
556,US,CA,California,Sierra Pickleball League,Public Park Club,Small,ai_seed_template_v1
557,US,CA,California,Bay Area Pickleball Athletic Club,Private Athletic Club,Small,ai_seed_template_v1
558,US,CA,California,Golden State Court Crew,Community Recreation Club,Tiny,ai_seed_template_v1
559,US,CA,California,Downtown Baseline Center,Indoor Facility Club,Tiny,ai_seed_template_v1
560,US,CA,California,Match Point Center,Tournament Club,Tiny,ai_seed_template_v1
561,US,CA,California,Home Court Rec Club,Tournament Club,Small,ai_seed_template_v1
562,US,CA,California,Sierra Court Crew,Tournament Club,Tiny,ai_seed_template_v1
563,US,CA,California,Redwood Rally Paddle Club,Community Recreation Club,Small,ai_seed_template_v1
564,US,CA,California,Match Point Lob Center,Competitive Training Club,Small,ai_seed_template_v1
565,US,CA,California,Classic Lob League,Private Athletic Club,Tiny,ai_seed_template_v1
566,US,CA,California,Pacific Coast Paddle Club,Tournament Club,Small,ai_seed_template_v1
567,US,CA,California,SoCal Drop Shot Rec Club,Retirement Community Club,Medium,ai_seed_template_v1
568,US,CA,California,Summit Rally Pickleball Club,Tournament Club,Medium,ai_seed_template_v1
569,US,CA,California,Central Court Paddle Club,Public Park Club,Medium,ai_seed_template_v1
570,US,CA,California,Redwood Dink Crew,League Organization,Small,ai_seed_template_v1
571,US,CA,California,San Diego Paddle Community,Social Club,Tiny,ai_seed_template_v1
572,US,CA,California,Highland Pickleball Community,Tournament Club,Medium,ai_seed_template_v1
573,US,CA,California,Westside Rally Club,Private Athletic Club,Small,ai_seed_template_v1
574,US,CA,California,SoCal Athletic Club,Indoor Facility Club,Tiny,ai_seed_template_v1
575,US,CA,California,Southside Drop Shot Pickleball Club,Tournament Club,Tiny,ai_seed_template_v1
576,US,CA,California,Riverside Serve Pickleball Club,Tournament Club,Small,ai_seed_template_v1
577,US,CA,California,True North Smash Academy,Public Park Club,Mega,ai_seed_template_v1
578,US,CA,California,Pacesetter Collective,Indoor Facility Club,Tiny,ai_seed_template_v1
579,US,CA,California,All-Court Baseline Rec Club,Social Club,Small,ai_seed_template_v1
580,US,CA,California,SoCal Pickleball Paddle Club,Tournament Club,Medium,ai_seed_template_v1
581,US,CA,California,SoCal Smash Crew,Competitive Training Club,Tiny,ai_seed_template_v1
582,US,CA,California,Summit Drop Shot Association,Retirement Community Club,Small,ai_seed_template_v1
583,US,CA,California,Pacific Coast Pickleball Rec Club,Private Athletic Club,Medium,ai_seed_template_v1
584,US,CA,California,Pacific Coast Kitchen Center,League Organization,Small,ai_seed_template_v1
585,US,CA,California,Sierra Racquet & Paddle Club,Public Park Club,Medium,ai_seed_template_v1
586,US,CA,California,Central Valley Rally Rec Club,Social Club,Small,ai_seed_template_v1
587,US,CA,California,San Diego Third Shot Academy,Retirement Community Club,Tiny,ai_seed_template_v1
588,US,CA,California,Bay Area Rally Crew,Competitive Training Club,Large,ai_seed_template_v1
589,US,CA,California,Golden State Lob Community,Tournament Club,Tiny,ai_seed_template_v1
590,US,CA,California,Central Valley Dink Association,Tournament Club,Small,ai_seed_template_v1
591,US,CA,California,Baseline Net Collective,Indoor Facility Club,Medium,ai_seed_template_v1
592,US,CA,California,All-Court Pickleball Club,Tournament Club,Tiny,ai_seed_template_v1
593,US,CA,California,Parkside Academy,Private Athletic Club,Medium,ai_seed_template_v1
594,US,CA,California,Redwood Paddle Society,Competitive Training Club,Tiny,ai_seed_template_v1
595,US,CA,California,SoCal Drop Shot Collective,Tournament Club,Medium,ai_seed_template_v1
596,US,CA,California,Heritage Serve Pickleball Club,Indoor Facility Club,Tiny,ai_seed_template_v1
597,US,CA,California,Premier Athletic Club,Indoor Facility Club,Small,ai_seed_template_v1
598,US,CA,California,Redwood Dink Center,Indoor Facility Club,Small,ai_seed_template_v1
599,US,CA,California,Golden State Paddle League,Public Park Club,Tiny,ai_seed_template_v1
600,US,CA,California,Golden State Court Society,Retirement Community Club,Small,ai_seed_template_v1
601,US,CA,California,Pacesetter Association,Public Park Club,Medium,ai_seed_template_v1
602,US,CA,California,Orange County Rec Club,Private Athletic Club,Medium,ai_seed_template_v1
603,US,CA,California,Bay Area Paddle Society,Public Park Club,Small,ai_seed_template_v1
604,US,CA,California,SoCal Rally League,Private Athletic Club,Tiny,ai_seed_template_v1
605,US,CA,California,Orange County Court Crew,Indoor Facility Club,Large,ai_seed_template_v1
606,US,CA,California,Bay Area Net Academy,Private Athletic Club,Small,ai_seed_template_v1
607,US,CA,California,All-Court Dink Racquet & Paddle Club,Public Park Club,Tiny,ai_seed_template_v1
608,US,CA,California,Lakeside Paddle Club,Social Club,Small,ai_seed_template_v1
609,US,CA,California,Orange County Pickleball Paddle Club,Retirement Community Club,Tiny,ai_seed_template_v1
610,US,CA,California,SoCal Paddle Association,Tournament Club,Medium,ai_seed_template_v1
611,US,CA,California,Northside Rally Community,Indoor Facility Club,Medium,ai_seed_template_v1
612,US,CA,California,Northside Center,Competitive Training Club,Small,ai_seed_template_v1
613,US,CA,California,Bay Area Court Paddle Club,Social Club,Tiny,ai_seed_template_v1
614,US,CA,California,Sierra Rally Club,Social Club,Tiny,ai_seed_template_v1
615,US,CA,California,Heritage Rally Club,Tournament Club,Tiny,ai_seed_template_v1
616,US,CA,California,Open Play Athletic Club,Competitive Training Club,Tiny,ai_seed_template_v1
617,US,CA,California,Eastside Paddle Crew,Social Club,Small,ai_seed_template_v1
618,US,CA,California,Orange County Paddle Academy,Indoor Facility Club,Tiny,ai_seed_template_v1
619,US,CA,California,Redwood Pickleball Academy,League Organization,Medium,ai_seed_template_v1
620,US,CA,California,Pacific Coast Rally Athletic Club,Public Park Club,Tiny,ai_seed_template_v1
621,US,CA,California,Downtown Pickleball Racquet & Paddle Club,Tournament Club,Tiny,ai_seed_template_v1
622,US,CA,California,Lakeside Pickleball Center,Social Club,Tiny,ai_seed_template_v1
623,US,CA,California,Ace Point Racquet & Paddle Club,League Organization,Medium,ai_seed_template_v1
624,US,CA,California,Sunset Lob Association,Social Club,Medium,ai_seed_template_v1
625,US,CA,California,Sierra Crew,Competitive Training Club,Tiny,ai_seed_template_v1
626,US,CO,Colorado,Foothills Pickleball Academy,Tournament Club,Small,ai_seed_template_v1
627,US,CO,Colorado,Next Point Pickleball Club,Retirement Community Club,Tiny,ai_seed_template_v1
628,US,CO,Colorado,Classic Court Center,Public Park Club,Small,ai_seed_template_v1
629,US,CO,Colorado,Rocky Mountain Dink Club,Indoor Facility Club,Tiny,ai_seed_template_v1
630,US,CO,Colorado,Home Court Pickleball Club,League Organization,Tiny,ai_seed_template_v1
631,US,CO,Colorado,Home Court League,Social Club,Small,ai_seed_template_v1
632,US,CO,Colorado,Westside Rally Paddle Club,Indoor Facility Club,Tiny,ai_seed_template_v1
633,US,CO,Colorado,Parkside Paddle Racquet & Paddle Club,Social Club,Tiny,ai_seed_template_v1
634,US,CO,Colorado,Four Corners Center,League Organization,Small,ai_seed_template_v1
635,US,CO,Colorado,Rocky Mountain Rally Racquet & Paddle Club,Tournament Club,Small,ai_seed_template_v1
636,US,CO,Colorado,Pioneer Dink Society,Retirement Community Club,Small,ai_seed_template_v1
637,US,CO,Colorado,Aspen Pickleball League,Indoor Facility Club,Medium,ai_seed_template_v1
638,US,CO,Colorado,True North Court Rec Club,Community Recreation Club,Small,ai_seed_template_v1
639,US,CO,Colorado,Aspen Paddle Club,League Organization,Small,ai_seed_template_v1
640,US,CO,Colorado,Open Play Pickleball Club,Community Recreation Club,Small,ai_seed_template_v1
641,US,CO,Colorado,Aspen Center,Retirement Community Club,Medium,ai_seed_template_v1
642,US,CO,Colorado,Metro Paddle Association,Tournament Club,Tiny,ai_seed_template_v1
643,US,CO,Colorado,Prime Time Collective,Competitive Training Club,Medium,ai_seed_template_v1
644,US,CO,Colorado,Premier Pickleball Club,Tournament Club,Small,ai_seed_template_v1
645,US,CO,Colorado,Mile High Paddle Crew,Public Park Club,Small,ai_seed_template_v1
646,US,CO,Colorado,Downtown Pickleball Racquet & Paddle Club,Retirement Community Club,Small,ai_seed_template_v1
647,US,CO,Colorado,Summit Dink Rec Club,Indoor Facility Club,Small,ai_seed_template_v1
648,US,CO,Colorado,Front Range Court Association,Indoor Facility Club,Medium,ai_seed_template_v1
649,US,CO,Colorado,All-Court Dink Community,Public Park Club,Tiny,ai_seed_template_v1
650,US,CO,Colorado,Pacesetter Third Shot Pickleball Club,Community Recreation Club,Tiny,ai_seed_template_v1
651,US,CO,Colorado,Aspen Paddle Society,Indoor Facility Club,Small,ai_seed_template_v1
652,US,CO,Colorado,Foothills Pickleball Paddle Club,Tournament Club,Tiny,ai_seed_template_v1
653,US,CO,Colorado,Downtown Paddle Club,League Organization,Tiny,ai_seed_template_v1
654,US,CO,Colorado,Ace Point Association,Social Club,Small,ai_seed_template_v1
655,US,CO,Colorado,Foothills Collective,Tournament Club,Medium,ai_seed_template_v1
656,US,CO,Colorado,Rocky Mountain Paddle Academy,Social Club,Small,ai_seed_template_v1
657,US,CO,Colorado,Heritage Society,Competitive Training Club,Tiny,ai_seed_template_v1
658,US,CO,Colorado,Baseline Community,Public Park Club,Small,ai_seed_template_v1
659,US,CO,Colorado,Aspen Association,Competitive Training Club,Tiny,ai_seed_template_v1
660,US,CO,Colorado,Mile High Community,Private Athletic Club,Medium,ai_seed_template_v1
661,US,CO,Colorado,Four Corners Crew,Retirement Community Club,Small,ai_seed_template_v1
662,US,CO,Colorado,All-Court Pickleball Club,Private Athletic Club,Medium,ai_seed_template_v1
663,US,CO,Colorado,Front Range Rally Paddle Club,Competitive Training Club,Medium,ai_seed_template_v1
664,US,CO,Colorado,Courtyard Society,Social Club,Small,ai_seed_template_v1
665,US,CO,Colorado,Foothills Paddle Society,Competitive Training Club,Tiny,ai_seed_template_v1
666,US,CO,Colorado,Metro Dink Athletic Club,League Organization,Large,ai_seed_template_v1
667,US,CO,Colorado,Rocky Mountain Dink Academy,Competitive Training Club,Tiny,ai_seed_template_v1
668,US,CO,Colorado,Rocky Mountain Dink Pickleball Club,Social Club,Medium,ai_seed_template_v1
669,US,CO,Colorado,Summit Court Paddle Club,League Organization,Small,ai_seed_template_v1
670,US,CO,Colorado,Parkside Club,Public Park Club,Small,ai_seed_template_v1
671,US,CO,Colorado,True North Crew,Competitive Training Club,Tiny,ai_seed_template_v1
672,US,CO,Colorado,Golden Paddle Pickleball Club,Community Recreation Club,Small,ai_seed_template_v1
673,US,CO,Colorado,Baseline Dink Society,Community Recreation Club,Small,ai_seed_template_v1
674,US,CO,Colorado,Prime Time Athletic Club,Private Athletic Club,Medium,ai_seed_template_v1
675,US,CO,Colorado,Rocky Mountain Net Society,Competitive Training Club,Large,ai_seed_template_v1
676,US,CO,Colorado,Summit Court League,Indoor Facility Club,Tiny,ai_seed_template_v1
677,US,CO,Colorado,Aspen Serve Community,Community Recreation Club,Tiny,ai_seed_template_v1
678,US,CO,Colorado,Aspen Paddle Center,Public Park Club,Small,ai_seed_template_v1
679,US,CO,Colorado,Summit Smash Society,Tournament Club,Small,ai_seed_template_v1
680,US,CO,Colorado,Aspen Court Society,Retirement Community Club,Tiny,ai_seed_template_v1
681,US,CO,Colorado,Civic Rally Paddle Club,League Organization,Small,ai_seed_template_v1
682,US,CO,Colorado,Home Court Racquet & Paddle Club,Retirement Community Club,Tiny,ai_seed_template_v1
683,US,CO,Colorado,Aspen Dink Collective,Community Recreation Club,Small,ai_seed_template_v1
684,US,CO,Colorado,Golden Paddle Lob Center,Public Park Club,Tiny,ai_seed_template_v1
685,US,CO,Colorado,Foothills Center,Tournament Club,Small,ai_seed_template_v1
686,US,CO,Colorado,Summit Pickleball Society,Tournament Club,Small,ai_seed_template_v1
687,US,CO,Colorado,Foothills Pickleball Rec Club,Community Recreation Club,Tiny,ai_seed_template_v1
688,US,CO,Colorado,Summit Paddle Center,Retirement Community Club,Small,ai_seed_template_v1
689,US,CO,Colorado,Front Range Club,Social Club,Small,ai_seed_template_v1
690,US,CO,Colorado,Northside Racquet & Paddle Club,Social Club,Small,ai_seed_template_v1
691,US,CT,Connecticut,Nutmeg Rally Collective,Indoor Facility Club,Tiny,ai_seed_template_v1
692,US,CT,Connecticut,Pioneer Dink Crew,Private Athletic Club,Tiny,ai_seed_template_v1
693,US,CT,Connecticut,Shoreline Rally Society,Tournament Club,Tiny,ai_seed_template_v1
694,US,CT,Connecticut,Active Life Pickleball Club,Indoor Facility Club,Medium,ai_seed_template_v1
695,US,CT,Connecticut,Premier Pickleball Club,Community Recreation Club,Small,ai_seed_template_v1
696,US,CT,Connecticut,Courtyard Net Rec Club,Retirement Community Club,Tiny,ai_seed_template_v1
697,US,CT,Connecticut,Four Corners Pickleball Club,Public Park Club,Small,ai_seed_template_v1
698,US,CT,Connecticut,New England Rally Pickleball Club,Indoor Facility Club,Tiny,ai_seed_template_v1
699,US,CT,Connecticut,Nutmeg Rally League,Tournament Club,Small,ai_seed_template_v1
700,US,CT,Connecticut,Shoreline Club,Private Athletic Club,Small,ai_seed_template_v1
701,US,CT,Connecticut,Civic Third Shot Association,Public Park Club,Small,ai_seed_template_v1
702,US,CT,Connecticut,Fairfield Paddle Crew,Public Park Club,Tiny,ai_seed_template_v1
703,US,CT,Connecticut,New England Paddle Association,Tournament Club,Tiny,ai_seed_template_v1
704,US,CT,Connecticut,Summit Dink Paddle Club,Retirement Community Club,Small,ai_seed_template_v1
705,US,CT,Connecticut,Riverside Pickleball League,Community Recreation Club,Tiny,ai_seed_template_v1
706,US,CT,Connecticut,Shoreline Paddle Collective,Social Club,Tiny,ai_seed_template_v1
707,US,CT,Connecticut,Shoreline Dink Center,League Organization,Tiny,ai_seed_template_v1
708,US,CT,Connecticut,Prime Time Kitchen Collective,Public Park Club,Small,ai_seed_template_v1
709,US,CT,Connecticut,Shoreline Paddle Racquet & Paddle Club,Indoor Facility Club,Tiny,ai_seed_template_v1
710,US,CT,Connecticut,Community Drop Shot Association,Tournament Club,Medium,ai_seed_template_v1
711,US,CT,Connecticut,Golden Paddle Pickleball Club,Social Club,Medium,ai_seed_template_v1
712,US,CT,Connecticut,Fairfield Pickleball Racquet & Paddle Club,League Organization,Small,ai_seed_template_v1
713,US,CT,Connecticut,New England Dink Paddle Club,Public Park Club,Tiny,ai_seed_template_v1
714,US,CT,Connecticut,New England Dink Society,Social Club,Medium,ai_seed_template_v1
715,US,CT,Connecticut,Nutmeg Center,Tournament Club,Medium,ai_seed_template_v1
716,US,CT,Connecticut,Heritage Association,Retirement Community Club,Small,ai_seed_template_v1
717,US,CT,Connecticut,Fairfield Paddle Community,Public Park Club,Large,ai_seed_template_v1
718,US,CT,Connecticut,Cornerstone Side Out Rec Club,League Organization,Small,ai_seed_template_v1
719,US,CT,Connecticut,Nutmeg Dink Pickleball Club,League Organization,Small,ai_seed_template_v1
720,US,CT,Connecticut,Match Point Pickleball Club,Retirement Community Club,Medium,ai_seed_template_v1
721,US,CT,Connecticut,Hartford Rally Club,Public Park Club,Tiny,ai_seed_template_v1
722,US,CT,Connecticut,Heritage Paddle Crew,Tournament Club,Small,ai_seed_template_v1
723,US,CT,Connecticut,Shoreline Court Crew,Community Recreation Club,Small,ai_seed_template_v1
724,US,CT,Connecticut,New England Pickleball Rec Club,League Organization,Small,ai_seed_template_v1
725,US,DE,Delaware,Coastal Delaware Rally Club,League Organization,Small,ai_seed_template_v1
726,US,DE,Delaware,First State Court Rec Club,Competitive Training Club,Small,ai_seed_template_v1
727,US,DE,Delaware,First State Center,Indoor Facility Club,Medium,ai_seed_template_v1
728,US,DE,Delaware,First State Association,Private Athletic Club,Small,ai_seed_template_v1
729,US,DE,Delaware,Sunset Dink Club,Tournament Club,Medium,ai_seed_template_v1
730,US,DE,Delaware,Premier Rec Club,Retirement Community Club,Tiny,ai_seed_template_v1
731,US,DE,Delaware,Riverside Dink Academy,League Organization,Small,ai_seed_template_v1
732,US,DE,Delaware,Civic Court Pickleball Club,Social Club,Small,ai_seed_template_v1
733,US,DE,Delaware,Dover Pickleball Athletic Club,Social Club,Small,ai_seed_template_v1
734,US,DE,Delaware,First State Paddle Crew,Private Athletic Club,Small,ai_seed_template_v1
735,US,DC,District of Columbia,Four Corners Kitchen Association,Private Athletic Club,Tiny,ai_seed_template_v1
736,US,DC,District of Columbia,Home Court Association,League Organization,Tiny,ai_seed_template_v1
737,US,DC,District of Columbia,Heritage Lob Crew,League Organization,Small,ai_seed_template_v1
738,US,DC,District of Columbia,Pioneer Dink League,Social Club,Medium,ai_seed_template_v1
739,US,DC,District of Columbia,Parkside Court Club,League Organization,Small,ai_seed_template_v1
740,US,DC,District of Columbia,All-Court Pickleball Club,Social Club,Tiny,ai_seed_template_v1
741,US,FL,Florida,Atlantic Coast Association,Retirement Community Club,Tiny,ai_seed_template_v1
742,US,FL,Florida,Golden Paddle Pickleball Club,Retirement Community Club,Tiny,ai_seed_template_v1
743,US,FL,Florida,Tampa Bay Court Center,Retirement Community Club,Small,ai_seed_template_v1
744,US,FL,Florida,Downtown Rally Association,Indoor Facility Club,Small,ai_seed_template_v1
745,US,FL,Florida,Pioneer Dink Collective,Social Club,Large,ai_seed_template_v1
746,US,FL,Florida,Baseline Pickleball Club,Retirement Community Club,Large,ai_seed_template_v1
747,US,FL,Florida,Sarasota Paddle Club,Public Park Club,Small,ai_seed_template_v1
748,US,FL,Florida,Golden Paddle Baseline Association,Indoor Facility Club,Medium,ai_seed_template_v1
749,US,FL,Florida,Keys Paddle Center,Tournament Club,Tiny,ai_seed_template_v1
750,US,FL,Florida,Civic Dink Pickleball Club,Private Athletic Club,Tiny,ai_seed_template_v1
751,US,FL,Florida,Orlando Rally League,Social Club,Small,ai_seed_template_v1
752,US,FL,Florida,Sunshine State Smash Academy,Tournament Club,Tiny,ai_seed_template_v1
753,US,FL,Florida,Classic Association,League Organization,Small,ai_seed_template_v1
754,US,FL,Florida,Tampa Bay Pickleball League,Private Athletic Club,Tiny,ai_seed_template_v1
755,US,FL,Florida,Next Point Racquet & Paddle Club,Retirement Community Club,Medium,ai_seed_template_v1
756,US,FL,Florida,Tampa Bay Dink Crew,League Organization,Tiny,ai_seed_template_v1
757,US,FL,Florida,Palm Coast Court Academy,Tournament Club,Medium,ai_seed_template_v1
758,US,FL,Florida,Sunshine State Pickleball Racquet & Paddle Club,Social Club,Tiny,ai_seed_template_v1
759,US,FL,Florida,Prime Time Court Athletic Club,Retirement Community Club,Tiny,ai_seed_template_v1
760,US,FL,Florida,Next Point Serve Collective,Tournament Club,Small,ai_seed_template_v1
761,US,FL,Florida,Northside Dink Athletic Club,Tournament Club,Small,ai_seed_template_v1
762,US,FL,Florida,Atlantic Coast Community,Competitive Training Club,Medium,ai_seed_template_v1
763,US,FL,Florida,Lakeside Rally Collective,Retirement Community Club,Medium,ai_seed_template_v1
764,US,FL,Florida,Ace Point Pickleball Club,Tournament Club,Medium,ai_seed_template_v1
765,US,FL,Florida,Golden Paddle Rec Club,Private Athletic Club,Large,ai_seed_template_v1
766,US,FL,Florida,Palm Coast Rally Racquet & Paddle Club,Private Athletic Club,Tiny,ai_seed_template_v1
767,US,FL,Florida,Boca Pickleball Collective,Retirement Community Club,Tiny,ai_seed_template_v1
768,US,FL,Florida,Heritage Athletic Club,Tournament Club,Small,ai_seed_template_v1
769,US,FL,Florida,Atlantic Coast Paddle Rec Club,Retirement Community Club,Medium,ai_seed_template_v1
770,US,FL,Florida,Sunshine State Rally Athletic Club,Retirement Community Club,Small,ai_seed_template_v1
771,US,FL,Florida,Tampa Bay Pickleball Club,Private Athletic Club,Large,ai_seed_template_v1
772,US,FL,Florida,Naples Rally Crew,Retirement Community Club,Tiny,ai_seed_template_v1
773,US,FL,Florida,Boca Dink Center,Social Club,Small,ai_seed_template_v1
774,US,FL,Florida,Atlantic Coast Third Shot Collective,Community Recreation Club,Small,ai_seed_template_v1
775,US,FL,Florida,Prime Time Net Paddle Club,Tournament Club,Tiny,ai_seed_template_v1
776,US,FL,Florida,Golden Paddle Center,Social Club,Tiny,ai_seed_template_v1
777,US,FL,Florida,Pioneer Dink Athletic Club,Community Recreation Club,Small,ai_seed_template_v1
778,US,FL,Florida,Next Point Dink Academy,Social Club,Small,ai_seed_template_v1
779,US,FL,Florida,Keys Court Center,Social Club,Small,ai_seed_template_v1
780,US,FL,Florida,Atlantic Coast Rally Society,Tournament Club,Tiny,ai_seed_template_v1
781,US,FL,Florida,Downtown Baseline Rec Club,League Organization,Mega,ai_seed_template_v1
782,US,FL,Florida,Gulf Coast Pickleball Collective,Competitive Training Club,Tiny,ai_seed_template_v1
783,US,FL,Florida,Sarasota Rally Club,Public Park Club,Small,ai_seed_template_v1
784,US,FL,Florida,Courtyard Pickleball Club,Public Park Club,Small,ai_seed_template_v1
785,US,FL,Florida,Atlantic Coast Rally Rec Club,Social Club,Tiny,ai_seed_template_v1
786,US,FL,Florida,Sarasota Collective,Retirement Community Club,Tiny,ai_seed_template_v1
787,US,FL,Florida,Open Play Pickleball Club,Community Recreation Club,Small,ai_seed_template_v1
788,US,FL,Florida,Open Play Crew,Tournament Club,Small,ai_seed_template_v1
789,US,FL,Florida,Boca Paddle Club,Tournament Club,Small,ai_seed_template_v1
790,US,FL,Florida,Home Court Pickleball Club,Tournament Club,Medium,ai_seed_template_v1
791,US,FL,Florida,Central Paddle Collective,Retirement Community Club,Medium,ai_seed_template_v1
792,US,FL,Florida,Heritage Pickleball Racquet & Paddle Club,Indoor Facility Club,Tiny,ai_seed_template_v1
793,US,FL,Florida,Active Life Net Collective,Retirement Community Club,Tiny,ai_seed_template_v1
794,US,FL,Florida,Boca Pickleball Club,Tournament Club,Medium,ai_seed_template_v1
795,US,FL,Florida,Tampa Bay Paddle Pickleball Club,Retirement Community Club,Tiny,ai_seed_template_v1
796,US,FL,Florida,Sunshine State Dink Crew,Retirement Community Club,Small,ai_seed_template_v1
797,US,FL,Florida,Keys Paddle Academy,Retirement Community Club,Medium,ai_seed_template_v1
798,US,FL,Florida,Keys Dink Society,Retirement Community Club,Large,ai_seed_template_v1
799,US,FL,Florida,Orlando Paddle Club,Tournament Club,Tiny,ai_seed_template_v1
800,US,FL,Florida,Palm Coast Rally Athletic Club,Social Club,Tiny,ai_seed_template_v1
801,US,FL,Florida,Central Pickleball Rec Club,Competitive Training Club,Large,ai_seed_template_v1
802,US,FL,Florida,Sunshine State Paddle Racquet & Paddle Club,Retirement Community Club,Medium,ai_seed_template_v1
803,US,FL,Florida,True North Racquet & Paddle Club,Retirement Community Club,Small,ai_seed_template_v1
804,US,FL,Florida,Boca Club,Social Club,Medium,ai_seed_template_v1
805,US,FL,Florida,Sunshine State Court Association,Community Recreation Club,Medium,ai_seed_template_v1
806,US,FL,Florida,Classic Serve Club,Social Club,Small,ai_seed_template_v1
807,US,FL,Florida,Active Life Drop Shot League,Retirement Community Club,Medium,ai_seed_template_v1
808,US,FL,Florida,Keys Paddle Society,Social Club,Tiny,ai_seed_template_v1
809,US,FL,Florida,Sarasota Community,Indoor Facility Club,Small,ai_seed_template_v1
810,US,FL,Florida,Match Point Pickleball Club,Retirement Community Club,Tiny,ai_seed_template_v1
811,US,FL,Florida,Naples Dink Society,Retirement Community Club,Tiny,ai_seed_template_v1
812,US,FL,Florida,Gulf Coast Paddle Academy,Retirement Community Club,Tiny,ai_seed_template_v1
813,US,FL,Florida,Valley Dink Rec Club,Private Athletic Club,Tiny,ai_seed_template_v1
814,US,FL,Florida,Pacesetter Net Association,Public Park Club,Small,ai_seed_template_v1
815,US,FL,Florida,Downtown Pickleball Club,Public Park Club,Large,ai_seed_template_v1
816,US,FL,Florida,Pacesetter Pickleball Club,Retirement Community Club,Tiny,ai_seed_template_v1
817,US,FL,Florida,Civic Smash Paddle Club,Public Park Club,Tiny,ai_seed_template_v1
818,US,FL,Florida,Classic Pickleball Club,Private Athletic Club,Medium,ai_seed_template_v1
819,US,FL,Florida,Westside Dink Crew,Private Athletic Club,Large,ai_seed_template_v1
820,US,FL,Florida,Pacesetter Crew,Competitive Training Club,Tiny,ai_seed_template_v1
821,US,FL,Florida,Courtyard Smash Rec Club,Tournament Club,Medium,ai_seed_template_v1
822,US,FL,Florida,Naples Paddle Collective,Social Club,Small,ai_seed_template_v1
823,US,FL,Florida,Civic Court Center,Tournament Club,Small,ai_seed_template_v1
824,US,FL,Florida,Next Point Pickleball Collective,Private Athletic Club,Small,ai_seed_template_v1
825,US,FL,Florida,Sunshine State Athletic Club,Retirement Community Club,Small,ai_seed_template_v1
826,US,FL,Florida,Prime Time Pickleball Racquet & Paddle Club,Retirement Community Club,Small,ai_seed_template_v1
827,US,FL,Florida,Orlando Rally Pickleball Club,Public Park Club,Tiny,ai_seed_template_v1
828,US,FL,Florida,Classic Collective,League Organization,Small,ai_seed_template_v1
829,US,FL,Florida,Sunshine State Pickleball Community,Retirement Community Club,Tiny,ai_seed_template_v1
830,US,FL,Florida,Orlando Athletic Club,Competitive Training Club,Medium,ai_seed_template_v1
831,US,FL,Florida,Keys Rally Crew,Retirement Community Club,Small,ai_seed_template_v1
832,US,FL,Florida,Keys Rally League,Private Athletic Club,Tiny,ai_seed_template_v1
833,US,FL,Florida,Atlantic Coast Paddle Collective,Tournament Club,Tiny,ai_seed_template_v1
834,US,FL,Florida,All-Court Association,Retirement Community Club,Tiny,ai_seed_template_v1
835,US,FL,Florida,Gulf Coast Dink League,Retirement Community Club,Small,ai_seed_template_v1
836,US,FL,Florida,Orlando Drop Shot League,Community Recreation Club,Medium,ai_seed_template_v1
837,US,FL,Florida,Central Rally Society,Social Club,Medium,ai_seed_template_v1
838,US,FL,Florida,Sunshine State Net Academy,Retirement Community Club,Small,ai_seed_template_v1
839,US,FL,Florida,Next Point Pickleball Club,League Organization,Small,ai_seed_template_v1
840,US,FL,Florida,Northside Pickleball Association,Community Recreation Club,Tiny,ai_seed_template_v1
841,US,FL,Florida,Atlantic Coast Dink Association,Retirement Community Club,Small,ai_seed_template_v1
842,US,FL,Florida,Gulf Coast Paddle Association,Social Club,Small,ai_seed_template_v1
843,US,FL,Florida,Keys Side Out Racquet & Paddle Club,Retirement Community Club,Small,ai_seed_template_v1
844,US,FL,Florida,Civic Court Paddle Club,Retirement Community Club,Small,ai_seed_template_v1
845,US,FL,Florida,Atlantic Coast Court Rec Club,Public Park Club,Tiny,ai_seed_template_v1
846,US,FL,Florida,Downtown Third Shot Rec Club,Private Athletic Club,Tiny,ai_seed_template_v1
847,US,FL,Florida,Prime Time Pickleball Club,Retirement Community Club,Small,ai_seed_template_v1
848,US,FL,Florida,Four Corners Pickleball Club,Retirement Community Club,Small,ai_seed_template_v1
849,US,FL,Florida,Palm Coast Paddle Club,Indoor Facility Club,Tiny,ai_seed_template_v1
850,US,FL,Florida,Heritage Smash Community,Private Athletic Club,Tiny,ai_seed_template_v1
851,US,FL,Florida,Atlantic Coast Kitchen Crew,Tournament Club,Small,ai_seed_template_v1
852,US,FL,Florida,Sunshine State Paddle Club,Community Recreation Club,Small,ai_seed_template_v1
853,US,FL,Florida,Southside Court Academy,Tournament Club,Tiny,ai_seed_template_v1
854,US,FL,Florida,Orlando Paddle Center,Retirement Community Club,Medium,ai_seed_template_v1
855,US,FL,Florida,Palm Coast Pickleball Society,Social Club,Tiny,ai_seed_template_v1
856,US,FL,Florida,True North Smash Pickleball Club,Tournament Club,Medium,ai_seed_template_v1
857,US,FL,Florida,Boca Rally Racquet & Paddle Club,Public Park Club,Small,ai_seed_template_v1
858,US,FL,Florida,Eastside Net Club,Tournament Club,Small,ai_seed_template_v1
859,US,FL,Florida,Tampa Bay Court Society,Competitive Training Club,Tiny,ai_seed_template_v1
860,US,FL,Florida,Sunset Paddle Association,Retirement Community Club,Small,ai_seed_template_v1
861,US,FL,Florida,Sarasota Pickleball Athletic Club,Retirement Community Club,Small,ai_seed_template_v1
862,US,FL,Florida,Naples Pickleball Academy,Community Recreation Club,Tiny,ai_seed_template_v1
863,US,FL,Florida,Orlando Society,Public Park Club,Small,ai_seed_template_v1
864,US,FL,Florida,Sunshine State Third Shot Community,Social Club,Small,ai_seed_template_v1
865,US,FL,Florida,Tampa Bay Rally Paddle Club,Competitive Training Club,Small,ai_seed_template_v1
866,US,FL,Florida,Boca Rec Club,League Organization,Medium,ai_seed_template_v1
867,US,FL,Florida,Naples Society,Retirement Community Club,Small,ai_seed_template_v1
868,US,FL,Florida,Cornerstone Pickleball Club,Tournament Club,Tiny,ai_seed_template_v1
869,US,FL,Florida,Boca Dink Rec Club,Retirement Community Club,Small,ai_seed_template_v1
870,US,FL,Florida,Tampa Bay Pickleball Academy,Social Club,Medium,ai_seed_template_v1
871,US,FL,Florida,Sunshine State Racquet & Paddle Club,Community Recreation Club,Small,ai_seed_template_v1
872,US,FL,Florida,Orlando Paddle Community,Public Park Club,Small,ai_seed_template_v1
873,US,FL,Florida,Orlando Paddle Collective,Retirement Community Club,Medium,ai_seed_template_v1
874,US,FL,Florida,Keys Rally Paddle Club,Indoor Facility Club,Small,ai_seed_template_v1
875,US,FL,Florida,Tampa Bay Paddle Center,Private Athletic Club,Medium,ai_seed_template_v1
876,US,FL,Florida,Boca Rally Collective,Retirement Community Club,Small,ai_seed_template_v1
877,US,FL,Florida,Premier Pickleball Club,Competitive Training Club,Small,ai_seed_template_v1
878,US,FL,Florida,Atlantic Coast Court Club,Private Athletic Club,Tiny,ai_seed_template_v1
879,US,FL,Florida,Keys Rally Center,Tournament Club,Small,ai_seed_template_v1
880,US,FL,Florida,Match Point Pickleball League,Retirement Community Club,Tiny,ai_seed_template_v1
881,US,FL,Florida,Classic Rec Club,Retirement Community Club,Medium,ai_seed_template_v1
882,US,FL,Florida,True North Pickleball Club,Retirement Community Club,Small,ai_seed_template_v1
883,US,FL,Florida,Gulf Coast Dink Center,Community Recreation Club,Tiny,ai_seed_template_v1
884,US,FL,Florida,Valley Pickleball Paddle Club,Tournament Club,Small,ai_seed_template_v1
885,US,FL,Florida,Tampa Bay Rally Athletic Club,Tournament Club,Small,ai_seed_template_v1
886,US,FL,Florida,Tampa Bay Paddle Club,Competitive Training Club,Tiny,ai_seed_template_v1
887,US,FL,Florida,Valley Rally Community,Retirement Community Club,Tiny,ai_seed_template_v1
888,US,FL,Florida,Keys Dink Community,Community Recreation Club,Mega,ai_seed_template_v1
889,US,FL,Florida,Lakeside Rally Academy,Competitive Training Club,Tiny,ai_seed_template_v1
890,US,FL,Florida,Naples Paddle Club,Public Park Club,Small,ai_seed_template_v1
891,US,FL,Florida,Civic Society,Community Recreation Club,Medium,ai_seed_template_v1
892,US,FL,Florida,Naples Athletic Club,Social Club,Tiny,ai_seed_template_v1
893,US,FL,Florida,Orlando Pickleball Rec Club,Community Recreation Club,Medium,ai_seed_template_v1
894,US,FL,Florida,Atlantic Coast Paddle Club,Retirement Community Club,Small,ai_seed_template_v1
895,US,FL,Florida,Courtyard Drop Shot Academy,Retirement Community Club,Small,ai_seed_template_v1
896,US,FL,Florida,Ace Point Collective,Tournament Club,Large,ai_seed_template_v1
897,US,FL,Florida,Keys Paddle Pickleball Club,Public Park Club,Medium,ai_seed_template_v1
898,US,FL,Florida,Pacesetter Racquet & Paddle Club,Community Recreation Club,Small,ai_seed_template_v1
899,US,FL,Florida,Palm Coast Court Community,Social Club,Tiny,ai_seed_template_v1
900,US,FL,Florida,Metro Collective,Retirement Community Club,Tiny,ai_seed_template_v1
901,US,FL,Florida,Parkside Community,Retirement Community Club,Tiny,ai_seed_template_v1
902,US,FL,Florida,Community Pickleball Club,Social Club,Small,ai_seed_template_v1
903,US,FL,Florida,Gulf Coast Society,Retirement Community Club,Tiny,ai_seed_template_v1
904,US,FL,Florida,Boca Court League,Public Park Club,Tiny,ai_seed_template_v1
905,US,FL,Florida,Palm Coast Side Out Paddle Club,Social Club,Medium,ai_seed_template_v1
906,US,FL,Florida,Sarasota Paddle Pickleball Club,Tournament Club,Tiny,ai_seed_template_v1
907,US,FL,Florida,Tampa Bay Paddle Crew,Retirement Community Club,Tiny,ai_seed_template_v1
908,US,FL,Florida,Heritage Academy,Tournament Club,Tiny,ai_seed_template_v1
909,US,FL,Florida,Baseline Paddle Academy,Retirement Community Club,Small,ai_seed_template_v1
910,US,FL,Florida,Community Crew,Tournament Club,Medium,ai_seed_template_v1
911,US,FL,Florida,Civic Pickleball Club,Social Club,Small,ai_seed_template_v1
912,US,FL,Florida,Parkside Pickleball Rec Club,Retirement Community Club,Small,ai_seed_template_v1
913,US,FL,Florida,All-Court League,Retirement Community Club,Medium,ai_seed_template_v1
914,US,FL,Florida,Next Point Rally Collective,Retirement Community Club,Tiny,ai_seed_template_v1
915,US,FL,Florida,Four Corners Club,Retirement Community Club,Small,ai_seed_template_v1
916,US,FL,Florida,Southside Paddle Collective,Retirement Community Club,Tiny,ai_seed_template_v1
917,US,FL,Florida,Keys Rec Club,Private Athletic Club,Tiny,ai_seed_template_v1
918,US,FL,Florida,Sarasota Pickleball Paddle Club,Public Park Club,Medium,ai_seed_template_v1
919,US,FL,Florida,Sunset Center,Social Club,Tiny,ai_seed_template_v1
920,US,FL,Florida,Sarasota Paddle Rec Club,Social Club,Medium,ai_seed_template_v1
921,US,FL,Florida,Gulf Coast Paddle Collective,Retirement Community Club,Medium,ai_seed_template_v1
922,US,FL,Florida,Open Play Kitchen Academy,Community Recreation Club,Tiny,ai_seed_template_v1
923,US,FL,Florida,Boca Rally Athletic Club,Competitive Training Club,Tiny,ai_seed_template_v1
924,US,FL,Florida,Sarasota Court Community,Tournament Club,Medium,ai_seed_template_v1
925,US,FL,Florida,Sunshine State Pickleball Club,Retirement Community Club,Tiny,ai_seed_template_v1
926,US,FL,Florida,Community Rally Rec Club,Tournament Club,Tiny,ai_seed_template_v1
927,US,FL,Florida,Uptown Net Racquet & Paddle Club,Social Club,Large,ai_seed_template_v1
928,US,FL,Florida,Riverside Paddle Rec Club,Retirement Community Club,Medium,ai_seed_template_v1
929,US,FL,Florida,Atlantic Coast Rally Athletic Club,Retirement Community Club,Small,ai_seed_template_v1
930,US,FL,Florida,All-Court Pickleball Club,Private Athletic Club,Small,ai_seed_template_v1
931,US,FL,Florida,Sarasota Dink Collective,Indoor Facility Club,Tiny,ai_seed_template_v1
932,US,FL,Florida,All-Court Baseline Club,League Organization,Medium,ai_seed_template_v1
933,US,FL,Florida,Boca Collective,Tournament Club,Tiny,ai_seed_template_v1
934,US,FL,Florida,Highland Court Association,Retirement Community Club,Small,ai_seed_template_v1
935,US,FL,Florida,Tampa Bay Rally Center,Retirement Community Club,Medium,ai_seed_template_v1
936,US,FL,Florida,Sunshine State Paddle Academy,Community Recreation Club,Tiny,ai_seed_template_v1
937,US,FL,Florida,Courtyard Net Racquet & Paddle Club,Competitive Training Club,Small,ai_seed_template_v1
938,US,FL,Florida,Palm Coast Paddle Crew,Tournament Club,Tiny,ai_seed_template_v1
939,US,FL,Florida,Atlantic Coast Dink Rec Club,Private Athletic Club,Small,ai_seed_template_v1
940,US,FL,Florida,Boca Association,Tournament Club,Medium,ai_seed_template_v1
941,US,FL,Florida,Heritage Rally Academy,Community Recreation Club,Medium,ai_seed_template_v1
942,US,FL,Florida,Naples Kitchen Collective,Retirement Community Club,Small,ai_seed_template_v1
943,US,FL,Florida,Sarasota Dink Society,Tournament Club,Medium,ai_seed_template_v1
944,US,FL,Florida,Atlantic Coast Center,Tournament Club,Small,ai_seed_template_v1
945,US,FL,Florida,Orlando Side Out Association,Retirement Community Club,Small,ai_seed_template_v1
946,US,FL,Florida,Gulf Coast Paddle Community,Retirement Community Club,Medium,ai_seed_template_v1
947,US,FL,Florida,Atlantic Coast Club,Indoor Facility Club,Small,ai_seed_template_v1
948,US,FL,Florida,Lakeside Pickleball Club,Public Park Club,Small,ai_seed_template_v1
949,US,FL,Florida,Four Corners Baseline Racquet & Paddle Club,Tournament Club,Tiny,ai_seed_template_v1
950,US,FL,Florida,Palm Coast Dink Collective,Retirement Community Club,Small,ai_seed_template_v1
951,US,FL,Florida,Boca Dink Crew,Tournament Club,Medium,ai_seed_template_v1
952,US,FL,Florida,Sarasota Dink League,Competitive Training Club,Mega,ai_seed_template_v1
953,US,FL,Florida,Active Life Pickleball Club,League Organization,Small,ai_seed_template_v1
954,US,FL,Florida,Westside Paddle Association,Community Recreation Club,Small,ai_seed_template_v1
955,US,FL,Florida,Palm Coast Pickleball Paddle Club,Public Park Club,Tiny,ai_seed_template_v1
956,US,FL,Florida,Classic Drop Shot League,League Organization,Small,ai_seed_template_v1
957,US,FL,Florida,Palm Coast Rally Paddle Club,Private Athletic Club,Medium,ai_seed_template_v1
958,US,FL,Florida,Boca Lob Racquet & Paddle Club,Retirement Community Club,Tiny,ai_seed_template_v1
959,US,FL,Florida,Sunset Smash Association,Tournament Club,Tiny,ai_seed_template_v1
960,US,FL,Florida,Open Play Rally Association,Tournament Club,Tiny,ai_seed_template_v1
961,US,FL,Florida,Atlantic Coast Pickleball Association,Retirement Community Club,Tiny,ai_seed_template_v1
962,US,FL,Florida,Palm Coast Racquet & Paddle Club,League Organization,Small,ai_seed_template_v1
963,US,FL,Florida,Boca Baseline Association,Tournament Club,Medium,ai_seed_template_v1
964,US,FL,Florida,Four Corners Academy,Indoor Facility Club,Small,ai_seed_template_v1
965,US,FL,Florida,Sunshine State Pickleball Association,Tournament Club,Medium,ai_seed_template_v1
966,US,FL,Florida,Baseline Pickleball Society,Retirement Community Club,Medium,ai_seed_template_v1
967,US,FL,Florida,Sarasota Rally Rec Club,Public Park Club,Small,ai_seed_template_v1
968,US,FL,Florida,Premier Side Out Crew,Competitive Training Club,Tiny,ai_seed_template_v1
969,US,FL,Florida,Keys Lob Racquet & Paddle Club,Community Recreation Club,Medium,ai_seed_template_v1
970,US,FL,Florida,Keys Dink Academy,Private Athletic Club,Tiny,ai_seed_template_v1
971,US,FL,Florida,Uptown Community,Community Recreation Club,Tiny,ai_seed_template_v1
972,US,FL,Florida,Palm Coast Serve Society,Tournament Club,Tiny,ai_seed_template_v1
973,US,FL,Florida,Tampa Bay Dink Pickleball Club,Retirement Community Club,Tiny,ai_seed_template_v1
974,US,FL,Florida,Tampa Bay Pickleball Center,Retirement Community Club,Medium,ai_seed_template_v1
975,US,FL,Florida,Eastside Dink Community,Community Recreation Club,Small,ai_seed_template_v1
976,US,FL,Florida,Tampa Bay Paddle Community,League Organization,Small,ai_seed_template_v1
977,US,FL,Florida,Gulf Coast Racquet & Paddle Club,Public Park Club,Small,ai_seed_template_v1
978,US,FL,Florida,Westside Court Paddle Club,Competitive Training Club,Tiny,ai_seed_template_v1
979,US,FL,Florida,Atlantic Coast Court Society,Retirement Community Club,Tiny,ai_seed_template_v1
980,US,FL,Florida,Keys Dink League,Social Club,Medium,ai_seed_template_v1
981,US,FL,Florida,Orlando Court Collective,Retirement Community Club,Tiny,ai_seed_template_v1
982,US,FL,Florida,Pioneer Paddle Center,Community Recreation Club,Tiny,ai_seed_template_v1
983,US,FL,Florida,Premier Pickleball Society,League Organization,Tiny,ai_seed_template_v1
984,US,FL,Florida,Atlantic Coast Court League,Retirement Community Club,Medium,ai_seed_template_v1
985,US,FL,Florida,Northside Dink Crew,Tournament Club,Tiny,ai_seed_template_v1
986,US,FL,Florida,Palm Coast Rally League,Private Athletic Club,Small,ai_seed_template_v1
987,US,FL,Florida,Gulf Coast Dink Academy,Indoor Facility Club,Small,ai_seed_template_v1
988,US,FL,Florida,Sunset Pickleball Paddle Club,Community Recreation Club,Small,ai_seed_template_v1
989,US,FL,Florida,Victory Pickleball Club,Social Club,Tiny,ai_seed_template_v1
990,US,FL,Florida,Central Pickleball Crew,Tournament Club,Medium,ai_seed_template_v1
991,US,FL,Florida,Next Point Serve Society,Public Park Club,Small,ai_seed_template_v1
992,US,FL,Florida,Ace Point League,Competitive Training Club,Medium,ai_seed_template_v1
993,US,FL,Florida,Naples Smash Athletic Club,Competitive Training Club,Tiny,ai_seed_template_v1
994,US,FL,Florida,Orlando Pickleball Collective,Public Park Club,Tiny,ai_seed_template_v1
995,US,FL,Florida,Westside Net Society,Community Recreation Club,Medium,ai_seed_template_v1
996,US,FL,Florida,Uptown Pickleball Club,Indoor Facility Club,Large,ai_seed_template_v1
997,US,FL,Florida,Boca Paddle Rec Club,Indoor Facility Club,Small,ai_seed_template_v1
998,US,FL,Florida,Sunshine State Pickleball Center,Public Park Club,Small,ai_seed_template_v1
999,US,FL,Florida,Sunshine State Dink Paddle Club,Social Club,Tiny,ai_seed_template_v1
1000,US,FL,Florida,Match Point Pickleball Rec Club,Tournament Club,Small,ai_seed_template_v1
1001,US,FL,Florida,Keys Court Association,Social Club,Tiny,ai_seed_template_v1
1002,US,FL,Florida,Sunshine State Court Community,Private Athletic Club,Tiny,ai_seed_template_v1
1003,US,FL,Florida,Atlantic Coast Rally Crew,Tournament Club,Small,ai_seed_template_v1
1004,US,FL,Florida,Gulf Coast Pickleball Association,Private Athletic Club,Small,ai_seed_template_v1
1005,US,FL,Florida,Match Point League,Competitive Training Club,Small,ai_seed_template_v1
1006,US,FL,Florida,Orlando Court Society,Retirement Community Club,Mega,ai_seed_template_v1
1007,US,FL,Florida,Palm Coast Court Crew,Private Athletic Club,Mega,ai_seed_template_v1
1008,US,FL,Florida,Open Play Collective,Community Recreation Club,Small,ai_seed_template_v1
1009,US,FL,Florida,Victory Smash Crew,Tournament Club,Large,ai_seed_template_v1
1010,US,FL,Florida,Sunshine State Court League,Competitive Training Club,Tiny,ai_seed_template_v1
1011,US,FL,Florida,Match Point Community,Community Recreation Club,Medium,ai_seed_template_v1
1012,US,FL,Florida,Sarasota Court Rec Club,Indoor Facility Club,Tiny,ai_seed_template_v1
1013,US,FL,Florida,Naples Dink Association,Retirement Community Club,Large,ai_seed_template_v1
1014,US,FL,Florida,Ace Point Center,Competitive Training Club,Small,ai_seed_template_v1
1015,US,FL,Florida,Sarasota League,Retirement Community Club,Tiny,ai_seed_template_v1
1016,US,FL,Florida,Tampa Bay Dink Athletic Club,Tournament Club,Small,ai_seed_template_v1
1017,US,FL,Florida,Tampa Bay Serve League,Retirement Community Club,Small,ai_seed_template_v1
1018,US,FL,Florida,Atlantic Coast Pickleball Club,Retirement Community Club,Small,ai_seed_template_v1
1019,US,FL,Florida,Heritage Rally Society,Community Recreation Club,Medium,ai_seed_template_v1
1020,US,FL,Florida,Courtyard Community,Retirement Community Club,Small,ai_seed_template_v1
1021,US,FL,Florida,Orlando Paddle Academy,Tournament Club,Small,ai_seed_template_v1
1022,US,FL,Florida,Sunshine State Center,Tournament Club,Tiny,ai_seed_template_v1
1023,US,FL,Florida,Naples Pickleball Club,Social Club,Small,ai_seed_template_v1
1024,US,FL,Florida,Home Court Pickleball Center,Private Athletic Club,Small,ai_seed_template_v1
1025,US,FL,Florida,Lakeside Pickleball Collective,Private Athletic Club,Medium,ai_seed_template_v1
1026,US,FL,Florida,Palm Coast Pickleball Club,Indoor Facility Club,Small,ai_seed_template_v1
1027,US,FL,Florida,Cornerstone Court Rec Club,Community Recreation Club,Tiny,ai_seed_template_v1
1028,US,FL,Florida,Gulf Coast Baseline Pickleball Club,League Organization,Tiny,ai_seed_template_v1
1029,US,FL,Florida,Orlando Pickleball League,Private Athletic Club,Tiny,ai_seed_template_v1
1030,US,FL,Florida,Keys Pickleball Club,Tournament Club,Mega,ai_seed_template_v1
1031,US,FL,Florida,Heritage Paddle Club,Public Park Club,Small,ai_seed_template_v1
1032,US,FL,Florida,Riverside Smash Society,Tournament Club,Tiny,ai_seed_template_v1
1033,US,FL,Florida,Sarasota Rally Society,Tournament Club,Small,ai_seed_template_v1
1034,US,FL,Florida,Orlando Community,Retirement Community Club,Small,ai_seed_template_v1
1035,US,FL,Florida,Match Point Lob Club,League Organization,Small,ai_seed_template_v1
1036,US,FL,Florida,Keys Pickleball Collective,Tournament Club,Small,ai_seed_template_v1
1037,US,FL,Florida,Gulf Coast Pickleball Club,Tournament Club,Small,ai_seed_template_v1
1038,US,FL,Florida,Match Point Baseline Collective,Retirement Community Club,Small,ai_seed_template_v1
1039,US,FL,Florida,Pioneer Crew,Retirement Community Club,Medium,ai_seed_template_v1
1040,US,FL,Florida,Victory Dink Paddle Club,Retirement Community Club,Medium,ai_seed_template_v1
1041,US,FL,Florida,Boca Court Pickleball Club,Retirement Community Club,Small,ai_seed_template_v1
1042,US,FL,Florida,Golden Paddle Drop Shot Community,Retirement Community Club,Small,ai_seed_template_v1
1043,US,FL,Florida,Ace Point Academy,Competitive Training Club,Tiny,ai_seed_template_v1
1044,US,FL,Florida,True North Academy,Public Park Club,Tiny,ai_seed_template_v1
1045,US,FL,Florida,Gulf Coast Court Collective,Retirement Community Club,Small,ai_seed_template_v1
1046,US,FL,Florida,Victory Serve Academy,Indoor Facility Club,Large,ai_seed_template_v1
1047,US,FL,Florida,True North Crew,Tournament Club,Small,ai_seed_template_v1
1048,US,FL,Florida,Cornerstone Rec Club,Retirement Community Club,Tiny,ai_seed_template_v1
1049,US,FL,Florida,Atlantic Coast Paddle Center,Private Athletic Club,Small,ai_seed_template_v1
1050,US,FL,Florida,Premier Community,Private Athletic Club,Small,ai_seed_template_v1
1051,US,FL,Florida,Naples Paddle Society,Retirement Community Club,Small,ai_seed_template_v1
1052,US,FL,Florida,Southside Society,Public Park Club,Tiny,ai_seed_template_v1
1053,US,FL,Florida,Sunshine State Kitchen Association,Tournament Club,Small,ai_seed_template_v1
1054,US,FL,Florida,Courtyard Kitchen Crew,Retirement Community Club,Small,ai_seed_template_v1
1055,US,FL,Florida,Gulf Coast Academy,Tournament Club,Tiny,ai_seed_template_v1
1056,US,FL,Florida,Palm Coast Rally Society,Retirement Community Club,Small,ai_seed_template_v1
1057,US,FL,Florida,Southside Pickleball Association,Community Recreation Club,Tiny,ai_seed_template_v1
1058,US,FL,Florida,Tampa Bay Dink Paddle Club,Private Athletic Club,Small,ai_seed_template_v1
1059,US,FL,Florida,Heritage Center,Community Recreation Club,Large,ai_seed_template_v1
1060,US,FL,Florida,Naples Paddle Association,Tournament Club,Small,ai_seed_template_v1
1061,US,FL,Florida,All-Court Pickleball Crew,Indoor Facility Club,Small,ai_seed_template_v1
1062,US,FL,Florida,Parkside Dink Athletic Club,Indoor Facility Club,Small,ai_seed_template_v1
1063,US,FL,Florida,Palm Coast Dink League,Tournament Club,Small,ai_seed_template_v1
1064,US,FL,Florida,Palm Coast Smash Club,League Organization,Medium,ai_seed_template_v1
1065,US,FL,Florida,All-Court Racquet & Paddle Club,Retirement Community Club,Large,ai_seed_template_v1
1066,US,FL,Florida,Riverside Rally Racquet & Paddle Club,Retirement Community Club,Tiny,ai_seed_template_v1
1067,US,FL,Florida,Premier Side Out Association,Retirement Community Club,Tiny,ai_seed_template_v1
1068,US,FL,Florida,Heritage Paddle Athletic Club,Private Athletic Club,Tiny,ai_seed_template_v1
1069,US,FL,Florida,Premier Athletic Club,Retirement Community Club,Tiny,ai_seed_template_v1
1070,US,FL,Florida,Tampa Bay Dink Club,Social Club,Medium,ai_seed_template_v1
1071,US,FL,Florida,Palm Coast Association,Tournament Club,Small,ai_seed_template_v1
1072,US,FL,Florida,Gulf Coast Court Society,Community Recreation Club,Tiny,ai_seed_template_v1
1073,US,FL,Florida,Boca Dink Club,Tournament Club,Small,ai_seed_template_v1
1074,US,FL,Florida,Next Point Paddle Collective,Retirement Community Club,Tiny,ai_seed_template_v1
1075,US,FL,Florida,Keys Paddle Club,Tournament Club,Tiny,ai_seed_template_v1
1076,US,FL,Florida,Highland Rally Academy,Indoor Facility Club,Small,ai_seed_template_v1
1077,US,FL,Florida,Boca Court Academy,Retirement Community Club,Small,ai_seed_template_v1
1078,US,FL,Florida,Central Paddle Association,Tournament Club,Small,ai_seed_template_v1
1079,US,FL,Florida,Westside Court Rec Club,Tournament Club,Small,ai_seed_template_v1
1080,US,FL,Florida,Prime Time Association,League Organization,Tiny,ai_seed_template_v1
1081,US,FL,Florida,Westside Court Racquet & Paddle Club,Community Recreation Club,Tiny,ai_seed_template_v1
1082,US,FL,Florida,Sunshine State Rally Paddle Club,Retirement Community Club,Small,ai_seed_template_v1
1083,US,FL,Florida,Valley Center,Retirement Community Club,Small,ai_seed_template_v1
1084,US,FL,Florida,Downtown Court Pickleball Club,Social Club,Small,ai_seed_template_v1
1085,US,FL,Florida,Gulf Coast Court Athletic Club,Tournament Club,Small,ai_seed_template_v1
1086,US,FL,Florida,Sunshine State Society,League Organization,Medium,ai_seed_template_v1
1087,US,FL,Florida,Sunshine State Dink Rec Club,Retirement Community Club,Tiny,ai_seed_template_v1
1088,US,FL,Florida,Civic Rec Club,Competitive Training Club,Medium,ai_seed_template_v1
1089,US,FL,Florida,Gulf Coast Paddle Crew,Retirement Community Club,Large,ai_seed_template_v1
1090,US,FL,Florida,Orlando Pickleball Club,Retirement Community Club,Tiny,ai_seed_template_v1
1091,US,FL,Florida,Victory Court Collective,Retirement Community Club,Tiny,ai_seed_template_v1
1092,US,FL,Florida,Naples Paddle Crew,Social Club,Large,ai_seed_template_v1
1093,US,FL,Florida,Keys Court Racquet & Paddle Club,Retirement Community Club,Small,ai_seed_template_v1
1094,US,FL,Florida,Home Court Paddle Association,Tournament Club,Large,ai_seed_template_v1
1095,US,FL,Florida,Home Court Serve Club,Social Club,Tiny,ai_seed_template_v1
1096,US,FL,Florida,Match Point Net Rec Club,Retirement Community Club,Tiny,ai_seed_template_v1
1097,US,FL,Florida,Gulf Coast Smash Racquet & Paddle Club,Competitive Training Club,Medium,ai_seed_template_v1
1098,US,FL,Florida,Summit Court Crew,Private Athletic Club,Medium,ai_seed_template_v1
1099,US,FL,Florida,Boca Community,Tournament Club,Small,ai_seed_template_v1
1100,US,FL,Florida,Boca Court Center,Community Recreation Club,Medium,ai_seed_template_v1
1101,US,FL,Florida,Boca Court Collective,Retirement Community Club,Large,ai_seed_template_v1
1102,US,FL,Florida,Atlantic Coast Net Racquet & Paddle Club,League Organization,Tiny,ai_seed_template_v1
1103,US,FL,Florida,Orlando Pickleball Athletic Club,Public Park Club,Tiny,ai_seed_template_v1
1104,US,FL,Florida,Naples Court Society,Retirement Community Club,Medium,ai_seed_template_v1
1105,US,FL,Florida,Cornerstone Dink Pickleball Club,Indoor Facility Club,Small,ai_seed_template_v1
1106,US,FL,Florida,Naples Dink League,Competitive Training Club,Tiny,ai_seed_template_v1
1107,US,FL,Florida,Baseline Net Club,Public Park Club,Large,ai_seed_template_v1
1108,US,FL,Florida,Gulf Coast Paddle Rec Club,Retirement Community Club,Tiny,ai_seed_template_v1
1109,US,FL,Florida,Cornerstone Athletic Club,Public Park Club,Small,ai_seed_template_v1
1110,US,FL,Florida,Keys Paddle League,Retirement Community Club,Medium,ai_seed_template_v1
1111,US,FL,Florida,Atlantic Coast Dink Crew,Tournament Club,Tiny,ai_seed_template_v1
1112,US,FL,Florida,Northside Dink Pickleball Club,League Organization,Tiny,ai_seed_template_v1
1113,US,FL,Florida,Naples Lob Paddle Club,Community Recreation Club,Small,ai_seed_template_v1
1114,US,FL,Florida,Ace Point Association,Tournament Club,Tiny,ai_seed_template_v1
1115,US,FL,Florida,Naples Racquet & Paddle Club,Retirement Community Club,Tiny,ai_seed_template_v1
1116,US,FL,Florida,Naples Pickleball Community,Community Recreation Club,Tiny,ai_seed_template_v1
1117,US,FL,Florida,Atlantic Coast Pickleball Academy,Retirement Community Club,Medium,ai_seed_template_v1
1118,US,FL,Florida,Baseline Paddle Club,Private Athletic Club,Small,ai_seed_template_v1
1119,US,FL,Florida,Heritage Rally Rec Club,Community Recreation Club,Small,ai_seed_template_v1
1120,US,FL,Florida,Boca Rally Paddle Club,Retirement Community Club,Tiny,ai_seed_template_v1
1121,US,FL,Florida,Downtown Rally League,Retirement Community Club,Tiny,ai_seed_template_v1
1122,US,FL,Florida,Sarasota Rally Center,Retirement Community Club,Small,ai_seed_template_v1
1123,US,FL,Florida,Sunshine State Community,Indoor Facility Club,Medium,ai_seed_template_v1
1124,US,FL,Florida,Gulf Coast Baseline Center,Competitive Training Club,Tiny,ai_seed_template_v1
1125,US,FL,Florida,Premier Paddle Club,Public Park Club,Large,ai_seed_template_v1
1126,US,FL,Florida,Highland Dink Racquet & Paddle Club,Tournament Club,Small,ai_seed_template_v1
1127,US,FL,Florida,Pacesetter Athletic Club,Competitive Training Club,Tiny,ai_seed_template_v1
1128,US,FL,Florida,Cornerstone Club,Social Club,Medium,ai_seed_template_v1
1129,US,FL,Florida,Sarasota Pickleball Rec Club,Retirement Community Club,Medium,ai_seed_template_v1
1130,US,GA,Georgia,Classic Rec Club,Public Park Club,Tiny,ai_seed_template_v1
1131,US,GA,Georgia,Northside Dink Crew,Competitive Training Club,Small,ai_seed_template_v1
1132,US,GA,Georgia,Prime Time Pickleball Association,Indoor Facility Club,Small,ai_seed_template_v1
1133,US,GA,Georgia,Chattahoochee Paddle Collective,Social Club,Large,ai_seed_template_v1
1134,US,GA,Georgia,Open Play Collective,Competitive Training Club,Small,ai_seed_template_v1
1135,US,GA,Georgia,Atlanta Pickleball Club,Community Recreation Club,Large,ai_seed_template_v1
1136,US,GA,Georgia,Peachtree Dink Collective,Retirement Community Club,Small,ai_seed_template_v1
1137,US,GA,Georgia,Chattahoochee Rally Academy,Competitive Training Club,Small,ai_seed_template_v1
1138,US,GA,Georgia,Chattahoochee Rally Association,Indoor Facility Club,Large,ai_seed_template_v1
1139,US,GA,Georgia,Sunset Pickleball Athletic Club,Community Recreation Club,Tiny,ai_seed_template_v1
1140,US,GA,Georgia,Active Life Side Out Paddle Club,Social Club,Medium,ai_seed_template_v1
1141,US,GA,Georgia,Four Corners Center,Public Park Club,Small,ai_seed_template_v1
1142,US,GA,Georgia,Savannah League,League Organization,Small,ai_seed_template_v1
1143,US,GA,Georgia,Chattahoochee Net Academy,Social Club,Tiny,ai_seed_template_v1
1144,US,GA,Georgia,Georgia Pines Pickleball Rec Club,Competitive Training Club,Tiny,ai_seed_template_v1
1145,US,GA,Georgia,Savannah Court Paddle Club,Indoor Facility Club,Tiny,ai_seed_template_v1
1146,US,GA,Georgia,Atlanta Pickleball Collective,Public Park Club,Small,ai_seed_template_v1
1147,US,GA,Georgia,True North Pickleball Club,Indoor Facility Club,Small,ai_seed_template_v1
1148,US,GA,Georgia,Georgia Pines Paddle Rec Club,Retirement Community Club,Tiny,ai_seed_template_v1
1149,US,GA,Georgia,Community Rec Club,Public Park Club,Tiny,ai_seed_template_v1
1150,US,GA,Georgia,Georgia Pines Pickleball Center,Private Athletic Club,Tiny,ai_seed_template_v1
1151,US,GA,Georgia,Atlanta Smash Center,Social Club,Small,ai_seed_template_v1
1152,US,GA,Georgia,Premier Pickleball Club,League Organization,Large,ai_seed_template_v1
1153,US,GA,Georgia,Piedmont Collective,Public Park Club,Medium,ai_seed_template_v1
1154,US,GA,Georgia,Savannah Court Collective,Private Athletic Club,Medium,ai_seed_template_v1
1155,US,GA,Georgia,Peachtree Paddle Athletic Club,Social Club,Small,ai_seed_template_v1
1156,US,GA,Georgia,Valley Rally Center,Social Club,Tiny,ai_seed_template_v1
1157,US,GA,Georgia,Georgia Pines Paddle Academy,Community Recreation Club,Tiny,ai_seed_template_v1
1158,US,GA,Georgia,Georgia Pines Pickleball Association,Private Athletic Club,Small,ai_seed_template_v1
1159,US,GA,Georgia,Chattahoochee Rally Rec Club,Retirement Community Club,Small,ai_seed_template_v1
1160,US,GA,Georgia,Piedmont Court League,Social Club,Large,ai_seed_template_v1
1161,US,GA,Georgia,Eastside Rally Pickleball Club,Indoor Facility Club,Small,ai_seed_template_v1
1162,US,GA,Georgia,Classic Pickleball Club,Tournament Club,Small,ai_seed_template_v1
1163,US,GA,Georgia,Home Court Pickleball Club,League Organization,Tiny,ai_seed_template_v1
1164,US,GA,Georgia,Home Court Lob Association,Tournament Club,Large,ai_seed_template_v1
1165,US,GA,Georgia,Courtyard Community,Community Recreation Club,Medium,ai_seed_template_v1
1166,US,GA,Georgia,Peachtree Community,Public Park Club,Small,ai_seed_template_v1
1167,US,GA,Georgia,Savannah Lob Racquet & Paddle Club,Competitive Training Club,Tiny,ai_seed_template_v1
1168,US,GA,Georgia,Match Point Lob Athletic Club,Community Recreation Club,Small,ai_seed_template_v1
1169,US,GA,Georgia,Georgia Pines Society,Competitive Training Club,Tiny,ai_seed_template_v1
1170,US,GA,Georgia,Savannah Dink Athletic Club,Indoor Facility Club,Large,ai_seed_template_v1
1171,US,GA,Georgia,Next Point Kitchen Paddle Club,Indoor Facility Club,Small,ai_seed_template_v1
1172,US,GA,Georgia,Golden Paddle Pickleball Club,Private Athletic Club,Small,ai_seed_template_v1
1173,US,GA,Georgia,Savannah Paddle Community,Tournament Club,Tiny,ai_seed_template_v1
1174,US,GA,Georgia,Heritage Paddle Association,League Organization,Small,ai_seed_template_v1
1175,US,GA,Georgia,Savannah Paddle Crew,Indoor Facility Club,Large,ai_seed_template_v1
1176,US,GA,Georgia,Chattahoochee Athletic Club,Private Athletic Club,Small,ai_seed_template_v1
1177,US,GA,Georgia,Heritage Drop Shot Academy,Tournament Club,Medium,ai_seed_template_v1
1178,US,GA,Georgia,Cornerstone Baseline Racquet & Paddle Club,Indoor Facility Club,Small,ai_seed_template_v1
1179,US,GA,Georgia,Chattahoochee Racquet & Paddle Club,Public Park Club,Tiny,ai_seed_template_v1
1180,US,GA,Georgia,Active Life Paddle Club,Social Club,Small,ai_seed_template_v1
1181,US,GA,Georgia,Southside Serve Paddle Club,Retirement Community Club,Small,ai_seed_template_v1
1182,US,GA,Georgia,All-Court Collective,Competitive Training Club,Small,ai_seed_template_v1
1183,US,GA,Georgia,Civic Rec Club,Community Recreation Club,Tiny,ai_seed_template_v1
1184,US,GA,Georgia,Peachtree Pickleball League,Community Recreation Club,Small,ai_seed_template_v1
1185,US,GA,Georgia,Active Life Club,Indoor Facility Club,Small,ai_seed_template_v1
1186,US,GA,Georgia,Match Point Racquet & Paddle Club,Social Club,Medium,ai_seed_template_v1
1187,US,GA,Georgia,Premier Dink Pickleball Club,Private Athletic Club,Medium,ai_seed_template_v1
1188,US,GA,Georgia,Atlanta Pickleball Rec Club,Social Club,Small,ai_seed_template_v1
1189,US,GA,Georgia,Heritage Center,Indoor Facility Club,Small,ai_seed_template_v1
1190,US,GA,Georgia,Pacesetter Net Racquet & Paddle Club,Public Park Club,Tiny,ai_seed_template_v1
1191,US,GA,Georgia,Piedmont Paddle Club,Social Club,Tiny,ai_seed_template_v1
1192,US,GA,Georgia,Home Court Rec Club,Public Park Club,Large,ai_seed_template_v1
1193,US,GA,Georgia,Chattahoochee Dink Crew,Tournament Club,Tiny,ai_seed_template_v1
1194,US,GA,Georgia,Savannah Rally Rec Club,Social Club,Small,ai_seed_template_v1
1195,US,GA,Georgia,Valley Dink Athletic Club,Community Recreation Club,Medium,ai_seed_template_v1
1196,US,GA,Georgia,Four Corners Pickleball Club,Tournament Club,Medium,ai_seed_template_v1
1197,US,GA,Georgia,Baseline Pickleball Club,League Organization,Small,ai_seed_template_v1
1198,US,GA,Georgia,Northside Pickleball Club,Community Recreation Club,Small,ai_seed_template_v1
1199,US,GA,Georgia,Georgia Pines Pickleball Crew,Community Recreation Club,Medium,ai_seed_template_v1
1200,US,GA,Georgia,Piedmont Baseline Society,Competitive Training Club,Tiny,ai_seed_template_v1
1201,US,GA,Georgia,Heritage Pickleball Club,Public Park Club,Medium,ai_seed_template_v1
1202,US,GA,Georgia,All-Court Pickleball Club,Tournament Club,Tiny,ai_seed_template_v1
1203,US,GA,Georgia,Piedmont Pickleball Community,Private Athletic Club,Small,ai_seed_template_v1
1204,US,GA,Georgia,Atlanta Paddle Club,Retirement Community Club,Tiny,ai_seed_template_v1
1205,US,GA,Georgia,Pacesetter Pickleball Club,Tournament Club,Medium,ai_seed_template_v1
1206,US,GA,Georgia,Atlanta Court Racquet & Paddle Club,League Organization,Small,ai_seed_template_v1
1207,US,GA,Georgia,Westside Dink League,Indoor Facility Club,Medium,ai_seed_template_v1
1208,US,GA,Georgia,Atlanta Academy,Community Recreation Club,Small,ai_seed_template_v1
1209,US,GA,Georgia,True North Club,Competitive Training Club,Small,ai_seed_template_v1
1210,US,GA,Georgia,Match Point Pickleball Club,Retirement Community Club,Medium,ai_seed_template_v1
1211,US,GA,Georgia,Sunset Kitchen Society,Tournament Club,Small,ai_seed_template_v1
1212,US,GA,Georgia,Piedmont Kitchen Pickleball Club,League Organization,Small,ai_seed_template_v1
1213,US,GA,Georgia,Peachtree Rally Collective,Public Park Club,Tiny,ai_seed_template_v1
1214,US,GA,Georgia,Heritage Rec Club,Tournament Club,Small,ai_seed_template_v1
1215,US,GA,Georgia,Georgia Pines Paddle League,Tournament Club,Tiny,ai_seed_template_v1
1216,US,GA,Georgia,Piedmont Kitchen Athletic Club,Public Park Club,Tiny,ai_seed_template_v1
1217,US,GA,Georgia,Lakeside Court Paddle Club,Tournament Club,Small,ai_seed_template_v1
1218,US,GA,Georgia,Piedmont Dink Association,Tournament Club,Tiny,ai_seed_template_v1
1219,US,GA,Georgia,Chattahoochee Rally Crew,Indoor Facility Club,Medium,ai_seed_template_v1
1220,US,GA,Georgia,Peachtree Dink Club,Tournament Club,Small,ai_seed_template_v1
1221,US,GA,Georgia,Metro Side Out Rec Club,Community Recreation Club,Tiny,ai_seed_template_v1
1222,US,GA,Georgia,Atlanta Dink Association,Social Club,Small,ai_seed_template_v1
1223,US,GA,Georgia,Peachtree Paddle Academy,League Organization,Medium,ai_seed_template_v1
1224,US,GA,Georgia,Summit Court Community,Competitive Training Club,Medium,ai_seed_template_v1
1225,US,GA,Georgia,Savannah Court Rec Club,Community Recreation Club,Tiny,ai_seed_template_v1
1226,US,GA,Georgia,Golden Paddle Kitchen League,Tournament Club,Tiny,ai_seed_template_v1
1227,US,GA,Georgia,Atlanta Pickleball Crew,Retirement Community Club,Small,ai_seed_template_v1
1228,US,GA,Georgia,Piedmont Pickleball Club,Competitive Training Club,Tiny,ai_seed_template_v1
1229,US,GA,Georgia,Peachtree Dink Community,Social Club,Tiny,ai_seed_template_v1
1230,US,GA,Georgia,Piedmont Dink Collective,Private Athletic Club,Small,ai_seed_template_v1
1231,US,GA,Georgia,Georgia Pines Rally Club,Public Park Club,Medium,ai_seed_template_v1
1232,US,GA,Georgia,Savannah Pickleball Community,Public Park Club,Tiny,ai_seed_template_v1
1233,US,GA,Georgia,Heritage Society,Tournament Club,Small,ai_seed_template_v1
1234,US,GA,Georgia,Georgia Pines Paddle Racquet & Paddle Club,Indoor Facility Club,Small,ai_seed_template_v1
1235,US,GA,Georgia,Chattahoochee Paddle Association,Retirement Community Club,Tiny,ai_seed_template_v1
1236,US,GA,Georgia,Georgia Pines Court League,Competitive Training Club,Tiny,ai_seed_template_v1
1237,US,GA,Georgia,Victory Crew,Public Park Club,Tiny,ai_seed_template_v1
1238,US,GA,Georgia,Piedmont Rally Center,Social Club,Small,ai_seed_template_v1
1239,US,GA,Georgia,Open Play Paddle Club,Tournament Club,Tiny,ai_seed_template_v1
1240,US,GA,Georgia,Victory Athletic Club,Social Club,Tiny,ai_seed_template_v1
1241,US,GA,Georgia,Atlanta Pickleball Paddle Club,Community Recreation Club,Small,ai_seed_template_v1
1242,US,GA,Georgia,Chattahoochee Rally Center,Public Park Club,Small,ai_seed_template_v1
1243,US,GA,Georgia,Georgia Pines Rally Community,Tournament Club,Small,ai_seed_template_v1
1244,US,GA,Georgia,Savannah Paddle League,Community Recreation Club,Small,ai_seed_template_v1
1245,US,GA,Georgia,Savannah Crew,Indoor Facility Club,Medium,ai_seed_template_v1
1246,US,GA,Georgia,Savannah Rally Athletic Club,Indoor Facility Club,Medium,ai_seed_template_v1
1247,US,GA,Georgia,Savannah Rally Club,Public Park Club,Tiny,ai_seed_template_v1
1248,US,GA,Georgia,Chattahoochee Pickleball League,League Organization,Small,ai_seed_template_v1
1249,US,GA,Georgia,Sunset Pickleball Paddle Club,Indoor Facility Club,Medium,ai_seed_template_v1
1250,US,GA,Georgia,Riverside Court Academy,Indoor Facility Club,Small,ai_seed_template_v1
1251,US,HI,Hawaii,Kona Paddle Club,Tournament Club,Small,ai_seed_template_v1
1252,US,HI,Hawaii,Pacific Island Pickleball Paddle Club,League Organization,Tiny,ai_seed_template_v1
1253,US,HI,Hawaii,Maui Center,Retirement Community Club,Small,ai_seed_template_v1
1254,US,HI,Hawaii,Heritage Court League,Tournament Club,Tiny,ai_seed_template_v1
1255,US,HI,Hawaii,Oahu Dink Collective,Retirement Community Club,Small,ai_seed_template_v1
1256,US,HI,Hawaii,Pacesetter Pickleball Club,Private Athletic Club,Small,ai_seed_template_v1
1257,US,HI,Hawaii,Parkside Dink League,Indoor Facility Club,Small,ai_seed_template_v1
1258,US,HI,Hawaii,Golden Paddle Lob Athletic Club,Social Club,Tiny,ai_seed_template_v1
1259,US,HI,Hawaii,Maui Academy,Private Athletic Club,Medium,ai_seed_template_v1
1260,US,HI,Hawaii,Open Play Serve Association,Tournament Club,Medium,ai_seed_template_v1
1261,US,HI,Hawaii,Heritage Court Association,Retirement Community Club,Small,ai_seed_template_v1
1262,US,HI,Hawaii,Maui Paddle Club,Public Park Club,Tiny,ai_seed_template_v1
1263,US,HI,Hawaii,Summit Dink Pickleball Club,Competitive Training Club,Medium,ai_seed_template_v1
1264,US,ID,Idaho,Boise Court Athletic Club,Community Recreation Club,Tiny,ai_seed_template_v1
1265,US,ID,Idaho,Treasure Valley Dink Pickleball Club,League Organization,Small,ai_seed_template_v1
1266,US,ID,Idaho,Treasure Valley Pickleball Athletic Club,Competitive Training Club,Small,ai_seed_template_v1
1267,US,ID,Idaho,Treasure Valley Dink Paddle Club,Competitive Training Club,Tiny,ai_seed_template_v1
1268,US,ID,Idaho,Boise Dink Club,Tournament Club,Tiny,ai_seed_template_v1
1269,US,ID,Idaho,Next Point Pickleball Crew,Community Recreation Club,Tiny,ai_seed_template_v1
1270,US,ID,Idaho,Victory Pickleball Club,Community Recreation Club,Medium,ai_seed_template_v1
1271,US,ID,Idaho,Boise Court Collective,Private Athletic Club,Tiny,ai_seed_template_v1
1272,US,ID,Idaho,Pioneer Court Athletic Club,Social Club,Medium,ai_seed_template_v1
1273,US,ID,Idaho,Boise Paddle Club,Tournament Club,Tiny,ai_seed_template_v1
1274,US,ID,Idaho,Gem State Paddle Rec Club,Indoor Facility Club,Small,ai_seed_template_v1
1275,US,ID,Idaho,Boise Rally Rec Club,Community Recreation Club,Small,ai_seed_template_v1
1276,US,ID,Idaho,Gem State Rally Association,Competitive Training Club,Small,ai_seed_template_v1
1277,US,ID,Idaho,Gem State Serve Rec Club,Indoor Facility Club,Tiny,ai_seed_template_v1
1278,US,ID,Idaho,Treasure Valley Smash Collective,Public Park Club,Tiny,ai_seed_template_v1
1279,US,ID,Idaho,Boise Paddle Collective,Private Athletic Club,Small,ai_seed_template_v1
1280,US,ID,Idaho,Snake River Association,Tournament Club,Medium,ai_seed_template_v1
1281,US,ID,Idaho,Gem State Court League,Retirement Community Club,Small,ai_seed_template_v1
1282,US,ID,Idaho,Sawtooth Pickleball Society,League Organization,Small,ai_seed_template_v1
1283,US,ID,Idaho,True North Racquet & Paddle Club,Social Club,Small,ai_seed_template_v1
1284,US,ID,Idaho,Courtyard Academy,Community Recreation Club,Tiny,ai_seed_template_v1
1285,US,IL,Illinois,Highland Pickleball Center,Indoor Facility Club,Tiny,ai_seed_template_v1
1286,US,IL,Illinois,Lincoln Park Dink League,Private Athletic Club,Medium,ai_seed_template_v1
1287,US,IL,Illinois,Great Lakes Drop Shot Society,Competitive Training Club,Tiny,ai_seed_template_v1
1288,US,IL,Illinois,Prime Time Academy,League Organization,Small,ai_seed_template_v1
1289,US,IL,Illinois,Classic Community,Social Club,Small,ai_seed_template_v1
1290,US,IL,Illinois,Prairie State Pickleball Center,Private Athletic Club,Small,ai_seed_template_v1
1291,US,IL,Illinois,Prime Time Drop Shot Paddle Club,Tournament Club,Tiny,ai_seed_template_v1
1292,US,IL,Illinois,Great Lakes Rally Athletic Club,Tournament Club,Tiny,ai_seed_template_v1
1293,US,IL,Illinois,Golden Paddle Smash Academy,Tournament Club,Small,ai_seed_template_v1
1294,US,IL,Illinois,Lincoln Park Rally Association,Indoor Facility Club,Tiny,ai_seed_template_v1
1295,US,IL,Illinois,Prairie State Court Racquet & Paddle Club,Community Recreation Club,Small,ai_seed_template_v1
1296,US,IL,Illinois,Central Dink Community,Retirement Community Club,Small,ai_seed_template_v1
1297,US,IL,Illinois,Prairie State Dink Rec Club,Indoor Facility Club,Tiny,ai_seed_template_v1
1298,US,IL,Illinois,Lincoln Park League,Tournament Club,Small,ai_seed_template_v1
1299,US,IL,Illinois,Match Point Pickleball Club,Private Athletic Club,Tiny,ai_seed_template_v1
1300,US,IL,Illinois,Community Racquet & Paddle Club,League Organization,Small,ai_seed_template_v1
1301,US,IL,Illinois,Lincoln Park Center,Competitive Training Club,Large,ai_seed_template_v1
1302,US,IL,Illinois,Great Lakes Pickleball Society,Indoor Facility Club,Small,ai_seed_template_v1
1303,US,IL,Illinois,Windy City Court Collective,Social Club,Small,ai_seed_template_v1
1304,US,IL,Illinois,Pioneer Pickleball League,Public Park Club,Small,ai_seed_template_v1
1305,US,IL,Illinois,Active Life Paddle Club,League Organization,Tiny,ai_seed_template_v1
1306,US,IL,Illinois,Prairie State Pickleball Academy,Social Club,Small,ai_seed_template_v1
1307,US,IL,Illinois,Great Lakes Court Racquet & Paddle Club,Retirement Community Club,Tiny,ai_seed_template_v1
1308,US,IL,Illinois,Prime Time Kitchen Rec Club,Public Park Club,Tiny,ai_seed_template_v1
1309,US,IL,Illinois,Great Lakes Pickleball Club,Tournament Club,Medium,ai_seed_template_v1
1310,US,IL,Illinois,Lincoln Park Paddle Collective,Social Club,Small,ai_seed_template_v1
1311,US,IL,Illinois,Northside Dink Society,Private Athletic Club,Medium,ai_seed_template_v1
1312,US,IL,Illinois,Prairie State Collective,Public Park Club,Medium,ai_seed_template_v1
1313,US,IL,Illinois,Windy City Dink Association,Indoor Facility Club,Tiny,ai_seed_template_v1
1314,US,IL,Illinois,Lincoln Park Court Pickleball Club,League Organization,Small,ai_seed_template_v1
1315,US,IL,Illinois,Chicago Pickleball Community,League Organization,Small,ai_seed_template_v1
1316,US,IL,Illinois,All-Court Rally Crew,Tournament Club,Small,ai_seed_template_v1
1317,US,IL,Illinois,Lincoln Park Paddle Association,Community Recreation Club,Mega,ai_seed_template_v1
1318,US,IL,Illinois,Chicago Court Rec Club,Social Club,Tiny,ai_seed_template_v1
1319,US,IL,Illinois,Great Lakes Rally Association,Tournament Club,Medium,ai_seed_template_v1
1320,US,IL,Illinois,Prairie State Dink Community,Competitive Training Club,Small,ai_seed_template_v1
1321,US,IL,Illinois,Lincoln Park Academy,Private Athletic Club,Tiny,ai_seed_template_v1
1322,US,IL,Illinois,Active Life Kitchen Paddle Club,Tournament Club,Small,ai_seed_template_v1
1323,US,IL,Illinois,Baseline Pickleball Club,Competitive Training Club,Large,ai_seed_template_v1
1324,US,IL,Illinois,Golden Paddle Lob Center,Public Park Club,Medium,ai_seed_template_v1
1325,US,IL,Illinois,All-Court Baseline Paddle Club,Private Athletic Club,Small,ai_seed_template_v1
1326,US,IL,Illinois,Prairie State Paddle Association,Indoor Facility Club,Small,ai_seed_template_v1
1327,US,IL,Illinois,Windy City Court League,Indoor Facility Club,Small,ai_seed_template_v1
1328,US,IL,Illinois,Great Lakes Rally Community,Tournament Club,Tiny,ai_seed_template_v1
1329,US,IL,Illinois,Victory Dink Pickleball Club,Indoor Facility Club,Small,ai_seed_template_v1
1330,US,IL,Illinois,Chicago Paddle Racquet & Paddle Club,League Organization,Small,ai_seed_template_v1
1331,US,IL,Illinois,Heritage Rally Society,Public Park Club,Tiny,ai_seed_template_v1
1332,US,IL,Illinois,Chicago Rally Paddle Club,Community Recreation Club,Medium,ai_seed_template_v1
1333,US,IL,Illinois,Sunset Paddle Club,Competitive Training Club,Small,ai_seed_template_v1
1334,US,IL,Illinois,Classic Pickleball Club,Public Park Club,Medium,ai_seed_template_v1
1335,US,IL,Illinois,Summit Court Association,Community Recreation Club,Tiny,ai_seed_template_v1
1336,US,IL,Illinois,Four Corners Serve Rec Club,Community Recreation Club,Small,ai_seed_template_v1
1337,US,IL,Illinois,Central Rally Pickleball Club,Community Recreation Club,Medium,ai_seed_template_v1
1338,US,IL,Illinois,Parkside Rally Association,Tournament Club,Tiny,ai_seed_template_v1
1339,US,IL,Illinois,Windy City Rec Club,Private Athletic Club,Small,ai_seed_template_v1
1340,US,IL,Illinois,Pacesetter Serve Academy,Public Park Club,Tiny,ai_seed_template_v1
1341,US,IL,Illinois,Prairie State Center,Social Club,Tiny,ai_seed_template_v1
1342,US,IL,Illinois,Eastside Rally League,Public Park Club,Medium,ai_seed_template_v1
1343,US,IL,Illinois,Lakeside Crew,Retirement Community Club,Tiny,ai_seed_template_v1
1344,US,IL,Illinois,All-Court Athletic Club,Public Park Club,Small,ai_seed_template_v1
1345,US,IL,Illinois,Lincoln Park Dink Paddle Club,Retirement Community Club,Medium,ai_seed_template_v1
1346,US,IL,Illinois,Chicago Paddle Community,Competitive Training Club,Tiny,ai_seed_template_v1
1347,US,IL,Illinois,Lincoln Park Paddle Athletic Club,Private Athletic Club,Tiny,ai_seed_template_v1
1348,US,IL,Illinois,Uptown Pickleball Academy,Indoor Facility Club,Tiny,ai_seed_template_v1
1349,US,IL,Illinois,Highland Court Crew,Competitive Training Club,Tiny,ai_seed_template_v1
1350,US,IL,Illinois,Lincoln Park Rally Center,Community Recreation Club,Small,ai_seed_template_v1
1351,US,IL,Illinois,Great Lakes Rally Center,League Organization,Small,ai_seed_template_v1
1352,US,IL,Illinois,Prairie State Rally Rec Club,Public Park Club,Tiny,ai_seed_template_v1
1353,US,IL,Illinois,Lincoln Park Rally League,Competitive Training Club,Tiny,ai_seed_template_v1
1354,US,IL,Illinois,Prairie State Paddle Athletic Club,Indoor Facility Club,Small,ai_seed_template_v1
1355,US,IL,Illinois,Heritage Pickleball Club,League Organization,Small,ai_seed_template_v1
1356,US,IL,Illinois,Prairie State Athletic Club,Indoor Facility Club,Small,ai_seed_template_v1
1357,US,IL,Illinois,Premier Net Paddle Club,Tournament Club,Tiny,ai_seed_template_v1
1358,US,IL,Illinois,Golden Paddle Pickleball Club,Private Athletic Club,Tiny,ai_seed_template_v1
1359,US,IL,Illinois,Prairie State Rally Community,Social Club,Small,ai_seed_template_v1
1360,US,IL,Illinois,Next Point Association,Community Recreation Club,Tiny,ai_seed_template_v1
1361,US,IL,Illinois,True North Pickleball Rec Club,Tournament Club,Medium,ai_seed_template_v1
1362,US,IL,Illinois,Great Lakes Paddle Crew,Tournament Club,Small,ai_seed_template_v1
1363,US,IL,Illinois,Prime Time Net Association,Indoor Facility Club,Medium,ai_seed_template_v1
1364,US,IL,Illinois,Heritage Society,League Organization,Small,ai_seed_template_v1
1365,US,IL,Illinois,Community Paddle Collective,Retirement Community Club,Small,ai_seed_template_v1
1366,US,IL,Illinois,Prairie State Paddle Club,Retirement Community Club,Tiny,ai_seed_template_v1
1367,US,IL,Illinois,Chicago Rally Society,Indoor Facility Club,Small,ai_seed_template_v1
1368,US,IL,Illinois,Lincoln Park Kitchen Society,Competitive Training Club,Large,ai_seed_template_v1
1369,US,IL,Illinois,Chicago Pickleball Club,Social Club,Medium,ai_seed_template_v1
1370,US,IL,Illinois,Prairie State Lob Racquet & Paddle Club,Private Athletic Club,Tiny,ai_seed_template_v1
1371,US,IL,Illinois,Great Lakes Paddle Center,Indoor Facility Club,Small,ai_seed_template_v1
1372,US,IL,Illinois,Active Life Pickleball Club,Social Club,Small,ai_seed_template_v1
1373,US,IL,Illinois,Parkside Academy,Private Athletic Club,Large,ai_seed_template_v1
1374,US,IL,Illinois,Open Play Side Out Pickleball Club,Public Park Club,Tiny,ai_seed_template_v1
1375,US,IL,Illinois,Valley Paddle Academy,Indoor Facility Club,Tiny,ai_seed_template_v1
1376,US,IL,Illinois,Prairie State Rally Center,Public Park Club,Medium,ai_seed_template_v1
1377,US,IL,Illinois,Lincoln Park Net Crew,Tournament Club,Tiny,ai_seed_template_v1
1378,US,IL,Illinois,Prime Time Center,Public Park Club,Small,ai_seed_template_v1
1379,US,IL,Illinois,Prairie State Pickleball Rec Club,Private Athletic Club,Tiny,ai_seed_template_v1
1380,US,IL,Illinois,Pacesetter Center,League Organization,Large,ai_seed_template_v1
1381,US,IL,Illinois,Ace Point Pickleball Club,Social Club,Tiny,ai_seed_template_v1
1382,US,IL,Illinois,Prairie State Dink Paddle Club,Tournament Club,Large,ai_seed_template_v1
1383,US,IL,Illinois,Premier Net Society,Competitive Training Club,Small,ai_seed_template_v1
1384,US,IL,Illinois,Prairie State Pickleball Society,Competitive Training Club,Mega,ai_seed_template_v1
1385,US,IL,Illinois,Windy City Side Out Athletic Club,League Organization,Small,ai_seed_template_v1
1386,US,IL,Illinois,Four Corners Rec Club,Tournament Club,Small,ai_seed_template_v1
1387,US,IL,Illinois,Chicago Lob Community,Indoor Facility Club,Tiny,ai_seed_template_v1
1388,US,IL,Illinois,Home Court Pickleball Club,League Organization,Tiny,ai_seed_template_v1
1389,US,IL,Illinois,Community League,Social Club,Small,ai_seed_template_v1
1390,US,IL,Illinois,Lincoln Park Court Society,Public Park Club,Tiny,ai_seed_template_v1
1391,US,IL,Illinois,Great Lakes Pickleball Center,Tournament Club,Small,ai_seed_template_v1
1392,US,IL,Illinois,Lincoln Park Club,Social Club,Small,ai_seed_template_v1
1393,US,IL,Illinois,Heritage Academy,Competitive Training Club,Medium,ai_seed_template_v1
1394,US,IL,Illinois,Community Pickleball Club,Private Athletic Club,Small,ai_seed_template_v1
1395,US,IL,Illinois,Great Lakes Court Club,Social Club,Large,ai_seed_template_v1
1396,US,IL,Illinois,Windy City Society,Community Recreation Club,Small,ai_seed_template_v1
1397,US,IL,Illinois,Four Corners Drop Shot Community,Indoor Facility Club,Small,ai_seed_template_v1
1398,US,IL,Illinois,Prairie State Court Pickleball Club,Tournament Club,Small,ai_seed_template_v1
1399,US,IL,Illinois,Home Court Athletic Club,Social Club,Tiny,ai_seed_template_v1
1400,US,IL,Illinois,Uptown Rally Club,Social Club,Small,ai_seed_template_v1
1401,US,IL,Illinois,All-Court Pickleball Club,Tournament Club,Mega,ai_seed_template_v1
1402,US,IL,Illinois,Great Lakes Pickleball Crew,Private Athletic Club,Small,ai_seed_template_v1
1403,US,IL,Illinois,Prairie State Dink Club,Tournament Club,Small,ai_seed_template_v1
1404,US,IN,Indiana,True North Third Shot Crew,Social Club,Medium,ai_seed_template_v1
1405,US,IN,Indiana,Parkside Dink Community,Retirement Community Club,Small,ai_seed_template_v1
1406,US,IN,Indiana,Fort Wayne Paddle Collective,Tournament Club,Small,ai_seed_template_v1
1407,US,IN,Indiana,Parkside Paddle Association,Community Recreation Club,Tiny,ai_seed_template_v1
1408,US,IN,Indiana,Crossroads Dink Academy,Community Recreation Club,Medium,ai_seed_template_v1
1409,US,IN,Indiana,Pioneer Court Rec Club,Public Park Club,Small,ai_seed_template_v1
1410,US,IN,Indiana,Central Kitchen Athletic Club,League Organization,Small,ai_seed_template_v1
1411,US,IN,Indiana,Summit Athletic Club,Private Athletic Club,Medium,ai_seed_template_v1
1412,US,IN,Indiana,Active Life Baseline Athletic Club,League Organization,Small,ai_seed_template_v1
1413,US,IN,Indiana,Golden Paddle Center,Community Recreation Club,Tiny,ai_seed_template_v1
1414,US,IN,Indiana,True North Center,League Organization,Tiny,ai_seed_template_v1
1415,US,IN,Indiana,Baseline Community,Public Park Club,Medium,ai_seed_template_v1
1416,US,IN,Indiana,Heritage Pickleball Club,League Organization,Small,ai_seed_template_v1
1417,US,IN,Indiana,Indy Paddle Pickleball Club,Social Club,Small,ai_seed_template_v1
1418,US,IN,Indiana,Indy Dink Paddle Club,Competitive Training Club,Small,ai_seed_template_v1
1419,US,IN,Indiana,All-Court Pickleball Club,Public Park Club,Tiny,ai_seed_template_v1
1420,US,IN,Indiana,Community Net Center,League Organization,Small,ai_seed_template_v1
1421,US,IN,Indiana,Fort Wayne Dink Academy,Social Club,Small,ai_seed_template_v1
1422,US,IN,Indiana,Civic Dink Center,Community Recreation Club,Tiny,ai_seed_template_v1
1423,US,IN,Indiana,Indy Community,Retirement Community Club,Small,ai_seed_template_v1
1424,US,IN,Indiana,Hoosier Pickleball Rec Club,Retirement Community Club,Small,ai_seed_template_v1
1425,US,IN,Indiana,Open Play Academy,Tournament Club,Large,ai_seed_template_v1
1426,US,IN,Indiana,Pioneer Paddle League,Tournament Club,Tiny,ai_seed_template_v1
1427,US,IN,Indiana,Indy Pickleball Club,Social Club,Tiny,ai_seed_template_v1
1428,US,IN,Indiana,Valley Pickleball Community,Community Recreation Club,Medium,ai_seed_template_v1
1429,US,IN,Indiana,Wabash Pickleball Collective,Social Club,Small,ai_seed_template_v1
1430,US,IN,Indiana,Hoosier Pickleball Athletic Club,Social Club,Tiny,ai_seed_template_v1
1431,US,IN,Indiana,Indy Pickleball Academy,Social Club,Tiny,ai_seed_template_v1
1432,US,IN,Indiana,Crossroads Pickleball League,Social Club,Mega,ai_seed_template_v1
1433,US,IN,Indiana,Courtyard Drop Shot Community,League Organization,Small,ai_seed_template_v1
1434,US,IN,Indiana,Wabash Pickleball Racquet & Paddle Club,League Organization,Tiny,ai_seed_template_v1
1435,US,IN,Indiana,Active Life Lob Center,Social Club,Tiny,ai_seed_template_v1
1436,US,IN,Indiana,Four Corners Third Shot Center,Community Recreation Club,Medium,ai_seed_template_v1
1437,US,IN,Indiana,Hoosier Court Center,Private Athletic Club,Tiny,ai_seed_template_v1
1438,US,IN,Indiana,Ace Point Community,League Organization,Medium,ai_seed_template_v1
1439,US,IN,Indiana,Baseline Drop Shot Collective,League Organization,Tiny,ai_seed_template_v1
1440,US,IN,Indiana,Community Side Out Association,League Organization,Large,ai_seed_template_v1
1441,US,IN,Indiana,Heritage Pickleball Rec Club,Competitive Training Club,Small,ai_seed_template_v1
1442,US,IN,Indiana,Highland Rally Association,League Organization,Medium,ai_seed_template_v1
1443,US,IN,Indiana,Wabash Dink Paddle Club,Public Park Club,Medium,ai_seed_template_v1
1444,US,IN,Indiana,Crossroads Paddle Pickleball Club,Competitive Training Club,Tiny,ai_seed_template_v1
1445,US,IN,Indiana,Victory Rec Club,League Organization,Tiny,ai_seed_template_v1
1446,US,IN,Indiana,Crossroads Pickleball Academy,Retirement Community Club,Small,ai_seed_template_v1
1447,US,IN,Indiana,True North Pickleball League,League Organization,Small,ai_seed_template_v1
1448,US,IN,Indiana,Civic Paddle Athletic Club,Retirement Community Club,Tiny,ai_seed_template_v1
1449,US,IN,Indiana,Crossroads Rally League,Competitive Training Club,Small,ai_seed_template_v1
1450,US,IN,Indiana,Wabash Center,League Organization,Large,ai_seed_template_v1
1451,US,IN,Indiana,Baseline Association,Retirement Community Club,Small,ai_seed_template_v1
1452,US,IN,Indiana,Wabash Court Academy,Tournament Club,Medium,ai_seed_template_v1
1453,US,IN,Indiana,Indy Rally Athletic Club,League Organization,Medium,ai_seed_template_v1
1454,US,IN,Indiana,Indy Pickleball Crew,Social Club,Small,ai_seed_template_v1
1455,US,IN,Indiana,Premier Kitchen Paddle Club,Community Recreation Club,Small,ai_seed_template_v1
1456,US,IN,Indiana,Crossroads Baseline Club,Tournament Club,Small,ai_seed_template_v1
1457,US,IN,Indiana,Hoosier Court Racquet & Paddle Club,Social Club,Tiny,ai_seed_template_v1
1458,US,IN,Indiana,Hoosier League,Tournament Club,Medium,ai_seed_template_v1
1459,US,IN,Indiana,Open Play Pickleball Club,Social Club,Small,ai_seed_template_v1
1460,US,IN,Indiana,Pacesetter Pickleball Club,Social Club,Small,ai_seed_template_v1
1461,US,IN,Indiana,Open Play Lob Crew,League Organization,Small,ai_seed_template_v1
1462,US,IN,Indiana,Baseline Society,Public Park Club,Small,ai_seed_template_v1
1463,US,IN,Indiana,Pacesetter Rally Crew,Competitive Training Club,Medium,ai_seed_template_v1
1464,US,IN,Indiana,Golden Paddle Pickleball Club,League Organization,Medium,ai_seed_template_v1
1465,US,IN,Indiana,Fort Wayne Pickleball Collective,Competitive Training Club,Tiny,ai_seed_template_v1
1466,US,IN,Indiana,Fort Wayne Court Club,League Organization,Large,ai_seed_template_v1
1467,US,IN,Indiana,Wabash Pickleball Club,Competitive Training Club,Tiny,ai_seed_template_v1
1468,US,IN,Indiana,Riverside Rally Athletic Club,Private Athletic Club,Medium,ai_seed_template_v1
1469,US,IN,Indiana,Southside Paddle Society,Retirement Community Club,Small,ai_seed_template_v1
1470,US,IA,Iowa,Cornerstone Pickleball Club,Community Recreation Club,Tiny,ai_seed_template_v1
1471,US,IA,Iowa,Active Life Serve Academy,Retirement Community Club,Tiny,ai_seed_template_v1
1472,US,IA,Iowa,Prairie Dink Rec Club,Retirement Community Club,Tiny,ai_seed_template_v1
1473,US,IA,Iowa,Prairie Court Center,Community Recreation Club,Medium,ai_seed_template_v1
1474,US,IA,Iowa,Des Moines Society,League Organization,Small,ai_seed_template_v1
1475,US,IA,Iowa,Hawkeye Pickleball Racquet & Paddle Club,Community Recreation Club,Small,ai_seed_template_v1
1476,US,IA,Iowa,Civic Paddle Community,Private Athletic Club,Medium,ai_seed_template_v1
1477,US,IA,Iowa,All-Court Dink Academy,Social Club,Medium,ai_seed_template_v1
1478,US,IA,Iowa,Cedar Valley Rally Rec Club,Indoor Facility Club,Medium,ai_seed_template_v1
1479,US,IA,Iowa,Cedar Valley Rally Association,Community Recreation Club,Medium,ai_seed_template_v1
1480,US,IA,Iowa,Heritage Society,League Organization,Tiny,ai_seed_template_v1
1481,US,IA,Iowa,Hawkeye Dink Club,Public Park Club,Small,ai_seed_template_v1
1482,US,IA,Iowa,Prairie Dink Association,League Organization,Medium,ai_seed_template_v1
1483,US,IA,Iowa,Hawkeye Dink Center,Tournament Club,Small,ai_seed_template_v1
1484,US,IA,Iowa,Courtyard Center,Private Athletic Club,Tiny,ai_seed_template_v1
1485,US,IA,Iowa,Prairie Paddle Rec Club,Social Club,Small,ai_seed_template_v1
1486,US,IA,Iowa,Ace Point Dink Collective,Private Athletic Club,Tiny,ai_seed_template_v1
1487,US,IA,Iowa,Next Point Pickleball Club,Community Recreation Club,Tiny,ai_seed_template_v1
1488,US,IA,Iowa,Home Court Pickleball Club,Tournament Club,Small,ai_seed_template_v1
1489,US,IA,Iowa,Valley Dink Association,League Organization,Small,ai_seed_template_v1
1490,US,IA,Iowa,Hawkeye Serve Athletic Club,Retirement Community Club,Large,ai_seed_template_v1
1491,US,IA,Iowa,True North Side Out Athletic Club,Indoor Facility Club,Tiny,ai_seed_template_v1
1492,US,IA,Iowa,Golden Paddle Pickleball Club,Indoor Facility Club,Small,ai_seed_template_v1
1493,US,IA,Iowa,Prairie Academy,Competitive Training Club,Small,ai_seed_template_v1
1494,US,IA,Iowa,Heartland Rally Association,Social Club,Medium,ai_seed_template_v1
1495,US,IA,Iowa,Hawkeye Court Racquet & Paddle Club,Competitive Training Club,Tiny,ai_seed_template_v1
1496,US,IA,Iowa,Hawkeye Pickleball Association,Social Club,Medium,ai_seed_template_v1
1497,US,IA,Iowa,Heritage Racquet & Paddle Club,Social Club,Small,ai_seed_template_v1
1498,US,IA,Iowa,Northside Dink Academy,Tournament Club,Tiny,ai_seed_template_v1
1499,US,IA,Iowa,Riverside Rally Club,Tournament Club,Small,ai_seed_template_v1
1500,US,IA,Iowa,Prairie Rally Club,Tournament Club,Tiny,ai_seed_template_v1
1501,US,KS,Kansas,Sunset Crew,Private Athletic Club,Small,ai_seed_template_v1
1502,US,KS,Kansas,Riverside Court Athletic Club,Indoor Facility Club,Medium,ai_seed_template_v1
1503,US,KS,Kansas,Kansas City Dink Society,Social Club,Small,ai_seed_template_v1
1504,US,KS,Kansas,Wichita Court League,Competitive Training Club,Tiny,ai_seed_template_v1
1505,US,KS,Kansas,Pacesetter Pickleball Club,Private Athletic Club,Small,ai_seed_template_v1
1506,US,KS,Kansas,Prairie Wind Dink Athletic Club,Indoor Facility Club,Small,ai_seed_template_v1
1507,US,KS,Kansas,Victory Pickleball Collective,Indoor Facility Club,Tiny,ai_seed_template_v1
1508,US,KS,Kansas,All-Court Center,League Organization,Tiny,ai_seed_template_v1
1509,US,KS,Kansas,Wichita Paddle League,Retirement Community Club,Small,ai_seed_template_v1
1510,US,KS,Kansas,Sunflower Paddle Rec Club,Private Athletic Club,Tiny,ai_seed_template_v1
1511,US,KS,Kansas,Cornerstone Club,Community Recreation Club,Small,ai_seed_template_v1
1512,US,KS,Kansas,Courtyard Rec Club,Retirement Community Club,Small,ai_seed_template_v1
1513,US,KS,Kansas,Flint Hills Pickleball Racquet & Paddle Club,Social Club,Medium,ai_seed_template_v1
1514,US,KS,Kansas,Active Life Pickleball Club,Competitive Training Club,Medium,ai_seed_template_v1
1515,US,KS,Kansas,Wichita Rally Pickleball Club,Community Recreation Club,Tiny,ai_seed_template_v1
1516,US,KS,Kansas,Kansas City Pickleball Paddle Club,Indoor Facility Club,Small,ai_seed_template_v1
1517,US,KS,Kansas,Kansas City Dink Paddle Club,Tournament Club,Medium,ai_seed_template_v1
1518,US,KS,Kansas,Sunflower League,Community Recreation Club,Tiny,ai_seed_template_v1
1519,US,KS,Kansas,Wichita Dink Pickleball Club,Indoor Facility Club,Small,ai_seed_template_v1
1520,US,KS,Kansas,Kansas City Court Center,Public Park Club,Medium,ai_seed_template_v1
1521,US,KS,Kansas,Golden Paddle Pickleball Club,Private Athletic Club,Tiny,ai_seed_template_v1
1522,US,KS,Kansas,Southside Paddle Society,Competitive Training Club,Small,ai_seed_template_v1
1523,US,KS,Kansas,Wichita Rally Community,League Organization,Small,ai_seed_template_v1
1524,US,KS,Kansas,Valley Pickleball Athletic Club,Tournament Club,Medium,ai_seed_template_v1
1525,US,KS,Kansas,Heritage Serve Society,Social Club,Medium,ai_seed_template_v1
1526,US,KS,Kansas,Flint Hills Rally Rec Club,Competitive Training Club,Tiny,ai_seed_template_v1
1527,US,KS,Kansas,Courtyard Smash Paddle Club,Indoor Facility Club,Tiny,ai_seed_template_v1
1528,US,KS,Kansas,Civic Rally Crew,Private Athletic Club,Large,ai_seed_template_v1
1529,US,KY,Kentucky,Bluegrass Court Paddle Club,Tournament Club,Tiny,ai_seed_template_v1
1530,US,KY,Kentucky,Derby City Pickleball Paddle Club,Community Recreation Club,Tiny,ai_seed_template_v1
1531,US,KY,Kentucky,Lexington Rally Community,Tournament Club,Small,ai_seed_template_v1
1532,US,KY,Kentucky,Next Point Pickleball Club,Community Recreation Club,Tiny,ai_seed_template_v1
1533,US,KY,Kentucky,All-Court Academy,Public Park Club,Small,ai_seed_template_v1
1534,US,KY,Kentucky,Riverside Pickleball Collective,Private Athletic Club,Tiny,ai_seed_template_v1
1535,US,KY,Kentucky,Bluegrass Paddle Club,Indoor Facility Club,Small,ai_seed_template_v1
1536,US,KY,Kentucky,Ace Point Pickleball Club,Indoor Facility Club,Small,ai_seed_template_v1
1537,US,KY,Kentucky,Heritage Community,Indoor Facility Club,Small,ai_seed_template_v1
1538,US,KY,Kentucky,Riverside Academy,Private Athletic Club,Tiny,ai_seed_template_v1
1539,US,KY,Kentucky,Baseline Baseline Academy,Community Recreation Club,Large,ai_seed_template_v1
1540,US,KY,Kentucky,Sunset Rally Center,Community Recreation Club,Medium,ai_seed_template_v1
1541,US,KY,Kentucky,Louisville Pickleball Rec Club,Social Club,Tiny,ai_seed_template_v1
1542,US,KY,Kentucky,Courtyard Pickleball Club,Indoor Facility Club,Tiny,ai_seed_template_v1
1543,US,KY,Kentucky,Metro Court Center,League Organization,Small,ai_seed_template_v1
1544,US,KY,Kentucky,Open Play Crew,Competitive Training Club,Medium,ai_seed_template_v1
1545,US,KY,Kentucky,Bourbon Trail Dink Society,Retirement Community Club,Small,ai_seed_template_v1
1546,US,KY,Kentucky,Louisville Court Collective,Indoor Facility Club,Tiny,ai_seed_template_v1
1547,US,KY,Kentucky,Premier Pickleball Club,Public Park Club,Small,ai_seed_template_v1
1548,US,KY,Kentucky,Bluegrass League,Tournament Club,Small,ai_seed_template_v1
1549,US,KY,Kentucky,Four Corners Rally Paddle Club,Public Park Club,Small,ai_seed_template_v1
1550,US,KY,Kentucky,Bluegrass Dink League,Indoor Facility Club,Medium,ai_seed_template_v1
1551,US,KY,Kentucky,Prime Time Dink Racquet & Paddle Club,Community Recreation Club,Tiny,ai_seed_template_v1
1552,US,KY,Kentucky,Open Play Kitchen Center,Competitive Training Club,Small,ai_seed_template_v1
1553,US,KY,Kentucky,Bluegrass Court Center,Competitive Training Club,Tiny,ai_seed_template_v1
1554,US,KY,Kentucky,Bourbon Trail Pickleball Club,Private Athletic Club,Tiny,ai_seed_template_v1
1555,US,KY,Kentucky,Cornerstone Crew,Public Park Club,Medium,ai_seed_template_v1
1556,US,KY,Kentucky,Louisville Pickleball League,Social Club,Tiny,ai_seed_template_v1
1557,US,KY,Kentucky,All-Court Pickleball Club,League Organization,Small,ai_seed_template_v1
1558,US,KY,Kentucky,Eastside Court Association,Public Park Club,Medium,ai_seed_template_v1
1559,US,KY,Kentucky,Southside Community,League Organization,Small,ai_seed_template_v1
1560,US,KY,Kentucky,Golden Paddle Pickleball Club,Private Athletic Club,Mega,ai_seed_template_v1
1561,US,KY,Kentucky,Summit Paddle Academy,Community Recreation Club,Small,ai_seed_template_v1
1562,US,KY,Kentucky,Derby City Paddle Association,Retirement Community Club,Medium,ai_seed_template_v1
1563,US,KY,Kentucky,Bluegrass Athletic Club,Tournament Club,Tiny,ai_seed_template_v1
1564,US,KY,Kentucky,Bourbon Trail Court Paddle Club,Indoor Facility Club,Medium,ai_seed_template_v1
1565,US,KY,Kentucky,Louisville Pickleball Association,Competitive Training Club,Medium,ai_seed_template_v1
1566,US,KY,Kentucky,Lexington Net League,Social Club,Tiny,ai_seed_template_v1
1567,US,KY,Kentucky,Courtyard Community,Public Park Club,Small,ai_seed_template_v1
1568,US,KY,Kentucky,Louisville Serve Club,Public Park Club,Large,ai_seed_template_v1
1569,US,KY,Kentucky,Louisville Court Club,Tournament Club,Medium,ai_seed_template_v1
1570,US,KY,Kentucky,Home Court Rally League,Retirement Community Club,Small,ai_seed_template_v1
1571,US,KY,Kentucky,Baseline Pickleball Club,Public Park Club,Tiny,ai_seed_template_v1
1572,US,LA,Louisiana,Bayou Rally Club,Private Athletic Club,Large,ai_seed_template_v1
1573,US,LA,Louisiana,Classic Side Out Society,Private Athletic Club,Small,ai_seed_template_v1
1574,US,LA,Louisiana,Baseline Pickleball Club,Retirement Community Club,Medium,ai_seed_template_v1
1575,US,LA,Louisiana,Crescent City Dink Rec Club,Indoor Facility Club,Small,ai_seed_template_v1
1576,US,LA,Louisiana,Courtyard Athletic Club,Public Park Club,Small,ai_seed_template_v1
1577,US,LA,Louisiana,Pelican State Pickleball Club,Community Recreation Club,Tiny,ai_seed_template_v1
1578,US,LA,Louisiana,Civic Rally Association,Private Athletic Club,Medium,ai_seed_template_v1
1579,US,LA,Louisiana,Next Point Academy,Competitive Training Club,Tiny,ai_seed_template_v1
1580,US,LA,Louisiana,Cajun Coast Pickleball Academy,Private Athletic Club,Small,ai_seed_template_v1
1581,US,LA,Louisiana,Pelican State Pickleball League,Indoor Facility Club,Tiny,ai_seed_template_v1
1582,US,LA,Louisiana,Bayou Rally Society,Social Club,Small,ai_seed_template_v1
1583,US,LA,Louisiana,Bayou Pickleball Academy,League Organization,Tiny,ai_seed_template_v1
1584,US,LA,Louisiana,Victory Smash Racquet & Paddle Club,League Organization,Small,ai_seed_template_v1
1585,US,LA,Louisiana,All-Court Society,Tournament Club,Tiny,ai_seed_template_v1
1586,US,LA,Louisiana,Cajun Coast Smash Pickleball Club,Social Club,Tiny,ai_seed_template_v1
1587,US,LA,Louisiana,Four Corners Kitchen Academy,Tournament Club,Large,ai_seed_template_v1
1588,US,LA,Louisiana,Bayou Net Academy,Private Athletic Club,Small,ai_seed_template_v1
1589,US,LA,Louisiana,Bayou Dink League,Indoor Facility Club,Tiny,ai_seed_template_v1
1590,US,LA,Louisiana,Pelican State Pickleball Paddle Club,Public Park Club,Small,ai_seed_template_v1
1591,US,LA,Louisiana,Cornerstone Pickleball Club,Indoor Facility Club,Small,ai_seed_template_v1
1592,US,LA,Louisiana,Pelican State Paddle Community,Social Club,Medium,ai_seed_template_v1
1593,US,LA,Louisiana,All-Court Collective,Private Athletic Club,Large,ai_seed_template_v1
1594,US,LA,Louisiana,Crescent City Dink Crew,Competitive Training Club,Tiny,ai_seed_template_v1
1595,US,LA,Louisiana,Cornerstone Side Out Collective,League Organization,Tiny,ai_seed_template_v1
1596,US,LA,Louisiana,Pelican State Paddle Rec Club,Indoor Facility Club,Small,ai_seed_template_v1
1597,US,LA,Louisiana,Pelican State Pickleball Rec Club,Retirement Community Club,Tiny,ai_seed_template_v1
1598,US,LA,Louisiana,Cajun Coast Rally Rec Club,Social Club,Small,ai_seed_template_v1
1599,US,LA,Louisiana,Home Court Academy,Indoor Facility Club,Tiny,ai_seed_template_v1
1600,US,LA,Louisiana,Acadiana Court Pickleball Club,Indoor Facility Club,Tiny,ai_seed_template_v1
1601,US,LA,Louisiana,Four Corners Paddle Club,Private Athletic Club,Small,ai_seed_template_v1
1602,US,LA,Louisiana,Cajun Coast Paddle Society,Retirement Community Club,Medium,ai_seed_template_v1
1603,US,LA,Louisiana,Pelican State Court Paddle Club,Public Park Club,Small,ai_seed_template_v1
1604,US,LA,Louisiana,Northside Rally Club,Community Recreation Club,Tiny,ai_seed_template_v1
1605,US,LA,Louisiana,Golden Paddle Association,Community Recreation Club,Small,ai_seed_template_v1
1606,US,LA,Louisiana,Four Corners Crew,Competitive Training Club,Tiny,ai_seed_template_v1
1607,US,LA,Louisiana,Cajun Coast Court Society,Indoor Facility Club,Tiny,ai_seed_template_v1
1608,US,LA,Louisiana,Pelican State Community,Private Athletic Club,Medium,ai_seed_template_v1
1609,US,LA,Louisiana,Bayou Dink Society,Social Club,Tiny,ai_seed_template_v1
1610,US,LA,Louisiana,Baseline Third Shot Paddle Club,Social Club,Medium,ai_seed_template_v1
1611,US,LA,Louisiana,Downtown League,Private Athletic Club,Tiny,ai_seed_template_v1
1612,US,LA,Louisiana,Pelican State Rally League,Competitive Training Club,Small,ai_seed_template_v1
1613,US,LA,Louisiana,Northside Smash Paddle Club,Indoor Facility Club,Mega,ai_seed_template_v1
1614,US,LA,Louisiana,Crescent City Court Academy,Public Park Club,Small,ai_seed_template_v1
1615,US,LA,Louisiana,Next Point Collective,Social Club,Mega,ai_seed_template_v1
1616,US,ME,Maine,Acadia Athletic Club,League Organization,Small,ai_seed_template_v1
1617,US,ME,Maine,Downeast Paddle Rec Club,Competitive Training Club,Small,ai_seed_template_v1
1618,US,ME,Maine,Uptown Dink Club,League Organization,Small,ai_seed_template_v1
1619,US,ME,Maine,Prime Time Net Rec Club,League Organization,Small,ai_seed_template_v1
1620,US,ME,Maine,Portland Harbor Paddle Community,Community Recreation Club,Medium,ai_seed_template_v1
1621,US,ME,Maine,Sunset Club,Retirement Community Club,Tiny,ai_seed_template_v1
1622,US,ME,Maine,Casco Bay Athletic Club,Community Recreation Club,Tiny,ai_seed_template_v1
1623,US,ME,Maine,Open Play Side Out Paddle Club,Social Club,Small,ai_seed_template_v1
1624,US,ME,Maine,Classic Drop Shot League,Retirement Community Club,Medium,ai_seed_template_v1
1625,US,ME,Maine,Eastside Pickleball Rec Club,Indoor Facility Club,Medium,ai_seed_template_v1
1626,US,ME,Maine,Pine Tree Rally League,Tournament Club,Tiny,ai_seed_template_v1
1627,US,ME,Maine,Civic Paddle Rec Club,Competitive Training Club,Small,ai_seed_template_v1
1628,US,ME,Maine,Pine Tree Third Shot Association,Community Recreation Club,Tiny,ai_seed_template_v1
1629,US,MD,Maryland,Old Line Paddle Club,Community Recreation Club,Tiny,ai_seed_template_v1
1630,US,MD,Maryland,Baseline Society,Indoor Facility Club,Small,ai_seed_template_v1
1631,US,MD,Maryland,Baltimore Pickleball Racquet & Paddle Club,Tournament Club,Tiny,ai_seed_template_v1
1632,US,MD,Maryland,Valley Athletic Club,Public Park Club,Tiny,ai_seed_template_v1
1633,US,MD,Maryland,Chesapeake Athletic Club,Social Club,Tiny,ai_seed_template_v1
1634,US,MD,Maryland,Heritage Pickleball Club,Community Recreation Club,Small,ai_seed_template_v1
1635,US,MD,Maryland,Annapolis Rally Crew,Social Club,Tiny,ai_seed_template_v1
1636,US,MD,Maryland,True North Pickleball Club,Private Athletic Club,Tiny,ai_seed_template_v1
1637,US,MD,Maryland,Baltimore Paddle Crew,Social Club,Small,ai_seed_template_v1
1638,US,MD,Maryland,Baltimore Rally Club,Indoor Facility Club,Large,ai_seed_template_v1
1639,US,MD,Maryland,Pacesetter Smash Club,Private Athletic Club,Small,ai_seed_template_v1
1640,US,MD,Maryland,Courtyard Paddle Society,Competitive Training Club,Tiny,ai_seed_template_v1
1641,US,MD,Maryland,Match Point Community,Retirement Community Club,Tiny,ai_seed_template_v1
1642,US,MD,Maryland,Baltimore Paddle Society,Public Park Club,Small,ai_seed_template_v1
1643,US,MD,Maryland,Community Center,Private Athletic Club,Tiny,ai_seed_template_v1
1644,US,MD,Maryland,Premier Center,Private Athletic Club,Tiny,ai_seed_template_v1
1645,US,MD,Maryland,Active Life Pickleball Club,Private Athletic Club,Small,ai_seed_template_v1
1646,US,MD,Maryland,Annapolis Rally Rec Club,Social Club,Tiny,ai_seed_template_v1
1647,US,MD,Maryland,Baltimore Pickleball Collective,League Organization,Small,ai_seed_template_v1
1648,US,MD,Maryland,Civic Rally Community,League Organization,Small,ai_seed_template_v1
1649,US,MD,Maryland,Parkside Pickleball Club,Retirement Community Club,Medium,ai_seed_template_v1
1650,US,MD,Maryland,Potomac Court Club,Community Recreation Club,Small,ai_seed_template_v1
1651,US,MD,Maryland,Annapolis Paddle Academy,Competitive Training Club,Tiny,ai_seed_template_v1
1652,US,MD,Maryland,Victory Baseline Athletic Club,League Organization,Medium,ai_seed_template_v1
1653,US,MD,Maryland,Old Line Rally Pickleball Club,League Organization,Medium,ai_seed_template_v1
1654,US,MD,Maryland,Old Line Paddle Community,League Organization,Small,ai_seed_template_v1
1655,US,MD,Maryland,Active Life Paddle Club,Public Park Club,Small,ai_seed_template_v1
1656,US,MD,Maryland,Potomac Dink Collective,Public Park Club,Tiny,ai_seed_template_v1
1657,US,MD,Maryland,Annapolis Club,League Organization,Small,ai_seed_template_v1
1658,US,MD,Maryland,Westside Court Pickleball Club,Private Athletic Club,Small,ai_seed_template_v1
1659,US,MD,Maryland,Chesapeake Pickleball Center,Social Club,Tiny,ai_seed_template_v1
1660,US,MD,Maryland,Annapolis Rally League,Tournament Club,Small,ai_seed_template_v1
1661,US,MD,Maryland,Classic Racquet & Paddle Club,League Organization,Small,ai_seed_template_v1
1662,US,MD,Maryland,Potomac Paddle Rec Club,Community Recreation Club,Medium,ai_seed_template_v1
1663,US,MD,Maryland,Chesapeake Association,League Organization,Large,ai_seed_template_v1
1664,US,MD,Maryland,Baltimore Paddle Athletic Club,Indoor Facility Club,Small,ai_seed_template_v1
1665,US,MD,Maryland,Baltimore Association,Retirement Community Club,Small,ai_seed_template_v1
1666,US,MD,Maryland,Annapolis Court Collective,Public Park Club,Tiny,ai_seed_template_v1
1667,US,MD,Maryland,Riverside Pickleball Club,Retirement Community Club,Medium,ai_seed_template_v1
1668,US,MD,Maryland,Westside Dink Crew,Indoor Facility Club,Tiny,ai_seed_template_v1
1669,US,MD,Maryland,Baltimore Court Pickleball Club,Community Recreation Club,Tiny,ai_seed_template_v1
1670,US,MD,Maryland,Old Line Rally Paddle Club,League Organization,Small,ai_seed_template_v1
1671,US,MD,Maryland,Annapolis Dink Racquet & Paddle Club,Retirement Community Club,Tiny,ai_seed_template_v1
1672,US,MD,Maryland,Potomac Rally Community,Tournament Club,Small,ai_seed_template_v1
1673,US,MD,Maryland,Prime Time Collective,Indoor Facility Club,Tiny,ai_seed_template_v1
1674,US,MD,Maryland,Chesapeake Dink Paddle Club,Retirement Community Club,Tiny,ai_seed_template_v1
1675,US,MD,Maryland,Chesapeake Pickleball Racquet & Paddle Club,Competitive Training Club,Medium,ai_seed_template_v1
1676,US,MD,Maryland,Potomac Paddle Community,Public Park Club,Small,ai_seed_template_v1
1677,US,MD,Maryland,Premier Academy,Public Park Club,Tiny,ai_seed_template_v1
1678,US,MD,Maryland,Annapolis Rally Center,Social Club,Large,ai_seed_template_v1
1679,US,MD,Maryland,Match Point Pickleball Club,Competitive Training Club,Medium,ai_seed_template_v1
1680,US,MD,Maryland,Old Line Pickleball Paddle Club,Public Park Club,Small,ai_seed_template_v1
1681,US,MD,Maryland,Valley Dink Community,Private Athletic Club,Tiny,ai_seed_template_v1
1682,US,MD,Maryland,Old Line Rec Club,Competitive Training Club,Small,ai_seed_template_v1
1683,US,MD,Maryland,All-Court Community,Social Club,Medium,ai_seed_template_v1
1684,US,MD,Maryland,Lakeside Paddle Pickleball Club,Private Athletic Club,Tiny,ai_seed_template_v1
1685,US,MD,Maryland,Old Line Court Racquet & Paddle Club,Competitive Training Club,Tiny,ai_seed_template_v1
1686,US,MD,Maryland,Baltimore Pickleball Rec Club,Community Recreation Club,Small,ai_seed_template_v1
1687,US,MD,Maryland,Chesapeake Dink Society,Private Athletic Club,Large,ai_seed_template_v1
1688,US,MA,Massachusetts,Victory League,Social Club,Tiny,ai_seed_template_v1
1689,US,MA,Massachusetts,Cape Cod Paddle Collective,Public Park Club,Mega,ai_seed_template_v1
1690,US,MA,Massachusetts,New England Court Racquet & Paddle Club,Social Club,Medium,ai_seed_template_v1
1691,US,MA,Massachusetts,Open Play Pickleball Club,League Organization,Small,ai_seed_template_v1
1692,US,MA,Massachusetts,Boston Court Pickleball Club,Tournament Club,Tiny,ai_seed_template_v1
1693,US,MA,Massachusetts,Cape Cod Dink Association,League Organization,Small,ai_seed_template_v1
1694,US,MA,Massachusetts,Cape Cod Court Racquet & Paddle Club,Indoor Facility Club,Small,ai_seed_template_v1
1695,US,MA,Massachusetts,New England Rally Association,Social Club,Small,ai_seed_template_v1
1696,US,MA,Massachusetts,Ace Point Paddle Crew,League Organization,Small,ai_seed_template_v1
1697,US,MA,Massachusetts,Baseline Side Out Athletic Club,Retirement Community Club,Medium,ai_seed_template_v1
1698,US,MA,Massachusetts,Berkshire Pickleball Academy,Tournament Club,Tiny,ai_seed_template_v1
1699,US,MA,Massachusetts,Sunset Pickleball Racquet & Paddle Club,League Organization,Small,ai_seed_template_v1
1700,US,MA,Massachusetts,Home Court Rally Pickleball Club,Retirement Community Club,Small,ai_seed_template_v1
1701,US,MA,Massachusetts,Courtyard Baseline League,Community Recreation Club,Small,ai_seed_template_v1
1702,US,MA,Massachusetts,Berkshire Court Racquet & Paddle Club,Community Recreation Club,Large,ai_seed_template_v1
1703,US,MA,Massachusetts,Bay State Pickleball Community,Private Athletic Club,Medium,ai_seed_template_v1
1704,US,MA,Massachusetts,Bay State Dink Center,League Organization,Small,ai_seed_template_v1
1705,US,MA,Massachusetts,New England Rally Crew,Retirement Community Club,Tiny,ai_seed_template_v1
1706,US,MA,Massachusetts,Berkshire Lob Paddle Club,Social Club,Large,ai_seed_template_v1
1707,US,MA,Massachusetts,Cape Cod Dink Community,Tournament Club,Medium,ai_seed_template_v1
1708,US,MA,Massachusetts,New England Drop Shot Crew,Indoor Facility Club,Tiny,ai_seed_template_v1
1709,US,MA,Massachusetts,Bay State Community,Community Recreation Club,Tiny,ai_seed_template_v1
1710,US,MA,Massachusetts,Southside Pickleball Society,Social Club,Tiny,ai_seed_template_v1
1711,US,MA,Massachusetts,Berkshire Paddle Club,Public Park Club,Small,ai_seed_template_v1
1712,US,MA,Massachusetts,Bay State Court Center,Private Athletic Club,Small,ai_seed_template_v1
1713,US,MA,Massachusetts,Classic Academy,Community Recreation Club,Small,ai_seed_template_v1
1714,US,MA,Massachusetts,Berkshire Kitchen Racquet & Paddle Club,Competitive Training Club,Small,ai_seed_template_v1
1715,US,MA,Massachusetts,Boston Paddle League,Social Club,Tiny,ai_seed_template_v1
1716,US,MA,Massachusetts,Classic Society,Private Athletic Club,Tiny,ai_seed_template_v1
1717,US,MA,Massachusetts,Civic Rec Club,Community Recreation Club,Tiny,ai_seed_template_v1
1718,US,MA,Massachusetts,New England Paddle Club,League Organization,Medium,ai_seed_template_v1
1719,US,MA,Massachusetts,New England Crew,Indoor Facility Club,Small,ai_seed_template_v1
1720,US,MA,Massachusetts,New England Society,Community Recreation Club,Tiny,ai_seed_template_v1
1721,US,MA,Massachusetts,Downtown Pickleball Society,Private Athletic Club,Tiny,ai_seed_template_v1
1722,US,MA,Massachusetts,New England Paddle Pickleball Club,Tournament Club,Small,ai_seed_template_v1
1723,US,MA,Massachusetts,Four Corners Pickleball Club,Indoor Facility Club,Tiny,ai_seed_template_v1
1724,US,MA,Massachusetts,Boston Dink Community,Public Park Club,Small,ai_seed_template_v1
1725,US,MA,Massachusetts,Victory Pickleball Club,Tournament Club,Tiny,ai_seed_template_v1
1726,US,MA,Massachusetts,Westside Pickleball Collective,Retirement Community Club,Small,ai_seed_template_v1
1727,US,MA,Massachusetts,Boston Court Association,Tournament Club,Medium,ai_seed_template_v1
1728,US,MA,Massachusetts,Boston Academy,Social Club,Small,ai_seed_template_v1
1729,US,MA,Massachusetts,Eastside Rally Pickleball Club,Retirement Community Club,Medium,ai_seed_template_v1
1730,US,MA,Massachusetts,Berkshire Dink Racquet & Paddle Club,Public Park Club,Tiny,ai_seed_template_v1
1731,US,MA,Massachusetts,Cape Cod Pickleball Center,Private Athletic Club,Small,ai_seed_template_v1
1732,US,MA,Massachusetts,Sunset Pickleball Club,Tournament Club,Tiny,ai_seed_template_v1
1733,US,MA,Massachusetts,Berkshire Club,Tournament Club,Tiny,ai_seed_template_v1
1734,US,MA,Massachusetts,Westside Rally Pickleball Club,Competitive Training Club,Small,ai_seed_template_v1
1735,US,MA,Massachusetts,Match Point Pickleball Club,League Organization,Medium,ai_seed_template_v1
1736,US,MA,Massachusetts,Cornerstone Pickleball Club,Tournament Club,Medium,ai_seed_template_v1
1737,US,MA,Massachusetts,New England Center,Social Club,Large,ai_seed_template_v1
1738,US,MA,Massachusetts,Highland Rally Academy,League Organization,Medium,ai_seed_template_v1
1739,US,MA,Massachusetts,Cape Cod Court Collective,Indoor Facility Club,Tiny,ai_seed_template_v1
1740,US,MA,Massachusetts,All-Court Paddle Club,Retirement Community Club,Small,ai_seed_template_v1
1741,US,MA,Massachusetts,New England Paddle Crew,Tournament Club,Tiny,ai_seed_template_v1
1742,US,MA,Massachusetts,Golden Paddle Pickleball Club,League Organization,Tiny,ai_seed_template_v1
1743,US,MA,Massachusetts,Berkshire Paddle Collective,Competitive Training Club,Medium,ai_seed_template_v1
1744,US,MA,Massachusetts,Cape Cod Community,Competitive Training Club,Tiny,ai_seed_template_v1
1745,US,MA,Massachusetts,New England Pickleball Club,Competitive Training Club,Medium,ai_seed_template_v1
1746,US,MA,Massachusetts,Boston Paddle Club,Community Recreation Club,Small,ai_seed_template_v1
1747,US,MA,Massachusetts,Bay State Rally Association,Public Park Club,Tiny,ai_seed_template_v1
1748,US,MA,Massachusetts,Victory Court Academy,Community Recreation Club,Medium,ai_seed_template_v1
1749,US,MA,Massachusetts,Boston Paddle Pickleball Club,Public Park Club,Tiny,ai_seed_template_v1
1750,US,MA,Massachusetts,Valley Pickleball Society,Retirement Community Club,Small,ai_seed_template_v1
1751,US,MA,Massachusetts,True North Court Crew,Public Park Club,Small,ai_seed_template_v1
1752,US,MA,Massachusetts,Boston Pickleball Athletic Club,Tournament Club,Small,ai_seed_template_v1
1753,US,MA,Massachusetts,Community Rec Club,Social Club,Tiny,ai_seed_template_v1
1754,US,MA,Massachusetts,Home Court Pickleball Club,Private Athletic Club,Medium,ai_seed_template_v1
1755,US,MI,Michigan,True North Club,Indoor Facility Club,Small,ai_seed_template_v1
1756,US,MI,Michigan,Traverse Bay Collective,Community Recreation Club,Small,ai_seed_template_v1
1757,US,MI,Michigan,Mitten State Dink Society,Public Park Club,Small,ai_seed_template_v1
1758,US,MI,Michigan,Traverse Bay Rally Athletic Club,League Organization,Tiny,ai_seed_template_v1
1759,US,MI,Michigan,Traverse Bay Pickleball Center,League Organization,Tiny,ai_seed_template_v1
1760,US,MI,Michigan,Traverse Bay Pickleball Athletic Club,Retirement Community Club,Tiny,ai_seed_template_v1
1761,US,MI,Michigan,Mitten State Dink Community,Social Club,Large,ai_seed_template_v1
1762,US,MI,Michigan,Upper Peninsula Paddle Pickleball Club,Public Park Club,Small,ai_seed_template_v1
1763,US,MI,Michigan,Traverse Bay Paddle Center,Indoor Facility Club,Tiny,ai_seed_template_v1
1764,US,MI,Michigan,Mitten State Paddle Crew,Private Athletic Club,Tiny,ai_seed_template_v1
1765,US,MI,Michigan,Sunset Drop Shot Academy,Indoor Facility Club,Small,ai_seed_template_v1
1766,US,MI,Michigan,Open Play Pickleball Club,Tournament Club,Tiny,ai_seed_template_v1
1767,US,MI,Michigan,Next Point Third Shot Association,Indoor Facility Club,Tiny,ai_seed_template_v1
1768,US,MI,Michigan,Riverside Court Community,Community Recreation Club,Tiny,ai_seed_template_v1
1769,US,MI,Michigan,Four Corners Pickleball Club,Tournament Club,Small,ai_seed_template_v1
1770,US,MI,Michigan,Golden Paddle Pickleball Club,Community Recreation Club,Tiny,ai_seed_template_v1
1771,US,MI,Michigan,Mitten State Court League,League Organization,Small,ai_seed_template_v1
1772,US,MI,Michigan,Mitten State Rally Athletic Club,Private Athletic Club,Medium,ai_seed_template_v1
1773,US,MI,Michigan,Great Lakes Dink Academy,Private Athletic Club,Tiny,ai_seed_template_v1
1774,US,MI,Michigan,Mitten State Rally Racquet & Paddle Club,Competitive Training Club,Small,ai_seed_template_v1
1775,US,MI,Michigan,Premier Association,Social Club,Small,ai_seed_template_v1
1776,US,MI,Michigan,Traverse Bay Court Academy,Social Club,Large,ai_seed_template_v1
1777,US,MI,Michigan,Downtown Dink Paddle Club,Competitive Training Club,Small,ai_seed_template_v1
1778,US,MI,Michigan,Upper Peninsula Side Out Center,Retirement Community Club,Tiny,ai_seed_template_v1
1779,US,MI,Michigan,Highland Dink Paddle Club,Indoor Facility Club,Tiny,ai_seed_template_v1
1780,US,MI,Michigan,Baseline Third Shot Racquet & Paddle Club,Competitive Training Club,Small,ai_seed_template_v1
1781,US,MI,Michigan,Home Court Smash Collective,Indoor Facility Club,Large,ai_seed_template_v1
1782,US,MI,Michigan,Mitten State Rally League,Public Park Club,Small,ai_seed_template_v1
1783,US,MI,Michigan,Heritage Rally Paddle Club,Tournament Club,Small,ai_seed_template_v1
1784,US,MI,Michigan,Traverse Bay Pickleball Crew,Competitive Training Club,Medium,ai_seed_template_v1
1785,US,MI,Michigan,Match Point Rec Club,Public Park Club,Tiny,ai_seed_template_v1
1786,US,MI,Michigan,Upper Peninsula Dink Club,League Organization,Medium,ai_seed_template_v1
1787,US,MI,Michigan,Upper Peninsula Smash Community,Tournament Club,Small,ai_seed_template_v1
1788,US,MI,Michigan,Civic Net Athletic Club,Tournament Club,Small,ai_seed_template_v1
1789,US,MI,Michigan,Great Lakes Rally Racquet & Paddle Club,Social Club,Small,ai_seed_template_v1
1790,US,MI,Michigan,Mitten State Athletic Club,Indoor Facility Club,Tiny,ai_seed_template_v1
1791,US,MI,Michigan,Great Lakes Pickleball Club,Indoor Facility Club,Small,ai_seed_template_v1
1792,US,MI,Michigan,Baseline Academy,Retirement Community Club,Tiny,ai_seed_template_v1
1793,US,MI,Michigan,Great Lakes Rec Club,Retirement Community Club,Small,ai_seed_template_v1
1794,US,MI,Michigan,Civic Rally League,League Organization,Medium,ai_seed_template_v1
1795,US,MI,Michigan,Valley Rally Academy,League Organization,Small,ai_seed_template_v1
1796,US,MI,Michigan,Victory Pickleball Club,Retirement Community Club,Tiny,ai_seed_template_v1
1797,US,MI,Michigan,Ace Point Crew,Social Club,Large,ai_seed_template_v1
1798,US,MI,Michigan,Central Community,Private Athletic Club,Small,ai_seed_template_v1
1799,US,MI,Michigan,Riverside Center,Tournament Club,Small,ai_seed_template_v1
1800,US,MI,Michigan,Prime Time Paddle Club,Community Recreation Club,Tiny,ai_seed_template_v1
1801,US,MI,Michigan,Great Lakes Dink Crew,Indoor Facility Club,Medium,ai_seed_template_v1
1802,US,MI,Michigan,Traverse Bay Crew,Competitive Training Club,Tiny,ai_seed_template_v1
1803,US,MI,Michigan,Civic Dink Paddle Club,Indoor Facility Club,Medium,ai_seed_template_v1
1804,US,MI,Michigan,Prime Time Baseline Association,League Organization,Small,ai_seed_template_v1
1805,US,MI,Michigan,Premier Pickleball League,Tournament Club,Small,ai_seed_template_v1
1806,US,MI,Michigan,Courtyard Paddle Club,Public Park Club,Tiny,ai_seed_template_v1
1807,US,MI,Michigan,Heritage Pickleball Club,Community Recreation Club,Tiny,ai_seed_template_v1
1808,US,MI,Michigan,Parkside Club,Public Park Club,Small,ai_seed_template_v1
1809,US,MI,Michigan,Lakeside Paddle Association,Community Recreation Club,Tiny,ai_seed_template_v1
1810,US,MI,Michigan,Community Racquet & Paddle Club,Private Athletic Club,Tiny,ai_seed_template_v1
1811,US,MI,Michigan,Motor City Pickleball Club,Social Club,Small,ai_seed_template_v1
1812,US,MI,Michigan,Prime Time Net Racquet & Paddle Club,Social Club,Medium,ai_seed_template_v1
1813,US,MI,Michigan,Upper Peninsula Dink Community,Retirement Community Club,Medium,ai_seed_template_v1
1814,US,MI,Michigan,Home Court Rally Collective,Private Athletic Club,Tiny,ai_seed_template_v1
1815,US,MI,Michigan,Home Court Dink League,Private Athletic Club,Small,ai_seed_template_v1
1816,US,MI,Michigan,Motor City Pickleball Crew,Social Club,Small,ai_seed_template_v1
1817,US,MI,Michigan,Upper Peninsula Pickleball Paddle Club,Social Club,Small,ai_seed_template_v1
1818,US,MI,Michigan,Traverse Bay Rally Crew,Public Park Club,Medium,ai_seed_template_v1
1819,US,MI,Michigan,Uptown Paddle Racquet & Paddle Club,Indoor Facility Club,Medium,ai_seed_template_v1
1820,US,MI,Michigan,Summit Dink Racquet & Paddle Club,League Organization,Large,ai_seed_template_v1
1821,US,MI,Michigan,Four Corners Racquet & Paddle Club,Indoor Facility Club,Tiny,ai_seed_template_v1
1822,US,MI,Michigan,Parkside Pickleball Club,Tournament Club,Small,ai_seed_template_v1
1823,US,MI,Michigan,Lakeside Serve Association,Public Park Club,Small,ai_seed_template_v1
1824,US,MI,Michigan,Upper Peninsula Crew,Social Club,Medium,ai_seed_template_v1
1825,US,MI,Michigan,Lakeside Court Association,Competitive Training Club,Small,ai_seed_template_v1
1826,US,MI,Michigan,Lakeside Paddle Athletic Club,Tournament Club,Tiny,ai_seed_template_v1
1827,US,MI,Michigan,Summit Paddle Community,Indoor Facility Club,Small,ai_seed_template_v1
1828,US,MI,Michigan,Northside Paddle Racquet & Paddle Club,Retirement Community Club,Medium,ai_seed_template_v1
1829,US,MI,Michigan,Riverside Third Shot Community,Retirement Community Club,Small,ai_seed_template_v1
1830,US,MI,Michigan,Traverse Bay Pickleball Club,Public Park Club,Tiny,ai_seed_template_v1
1831,US,MI,Michigan,Riverside Net Club,Community Recreation Club,Medium,ai_seed_template_v1
1832,US,MI,Michigan,Ace Point Club,Public Park Club,Small,ai_seed_template_v1
1833,US,MI,Michigan,Upper Peninsula Academy,Retirement Community Club,Medium,ai_seed_template_v1
1834,US,MI,Michigan,Motor City Dink Academy,Indoor Facility Club,Tiny,ai_seed_template_v1
1835,US,MI,Michigan,All-Court League,Private Athletic Club,Small,ai_seed_template_v1
1836,US,MI,Michigan,Golden Paddle Dink Society,League Organization,Tiny,ai_seed_template_v1
1837,US,MI,Michigan,Highland Rec Club,Community Recreation Club,Large,ai_seed_template_v1
1838,US,MI,Michigan,Victory Rally League,Community Recreation Club,Medium,ai_seed_template_v1
1839,US,MI,Michigan,Upper Peninsula Paddle Racquet & Paddle Club,Tournament Club,Tiny,ai_seed_template_v1
1840,US,MI,Michigan,Motor City League,League Organization,Tiny,ai_seed_template_v1
1841,US,MI,Michigan,Premier Pickleball Club,Community Recreation Club,Mega,ai_seed_template_v1
1842,US,MI,Michigan,Motor City Pickleball Academy,Social Club,Mega,ai_seed_template_v1
1843,US,MI,Michigan,Motor City Dink Crew,Community Recreation Club,Medium,ai_seed_template_v1
1844,US,MI,Michigan,Upper Peninsula Pickleball Rec Club,Social Club,Small,ai_seed_template_v1
1845,US,MI,Michigan,Motor City Lob Crew,Public Park Club,Small,ai_seed_template_v1
1846,US,MI,Michigan,Motor City Rally Pickleball Club,Indoor Facility Club,Small,ai_seed_template_v1
1847,US,MI,Michigan,Open Play Side Out Center,Community Recreation Club,Small,ai_seed_template_v1
1848,US,MI,Michigan,Great Lakes Paddle Association,Tournament Club,Mega,ai_seed_template_v1
1849,US,MI,Michigan,Motor City Rally Paddle Club,Retirement Community Club,Tiny,ai_seed_template_v1
1850,US,MI,Michigan,Highland Paddle Racquet & Paddle Club,Competitive Training Club,Small,ai_seed_template_v1
1851,US,MN,Minnesota,All-Court Society,League Organization,Medium,ai_seed_template_v1
1852,US,MN,Minnesota,Courtyard League,Competitive Training Club,Small,ai_seed_template_v1
1853,US,MN,Minnesota,Open Play Smash Association,Tournament Club,Small,ai_seed_template_v1
1854,US,MN,Minnesota,Downtown Rally League,League Organization,Medium,ai_seed_template_v1
1855,US,MN,Minnesota,Twin Cities Pickleball Athletic Club,Public Park Club,Tiny,ai_seed_template_v1
1856,US,MN,Minnesota,Pioneer Court Academy,Tournament Club,Tiny,ai_seed_template_v1
1857,US,MN,Minnesota,Classic Society,Indoor Facility Club,Tiny,ai_seed_template_v1
1858,US,MN,Minnesota,Active Life Pickleball Club,Public Park Club,Tiny,ai_seed_template_v1
1859,US,MN,Minnesota,Iron Range Court Crew,Community Recreation Club,Tiny,ai_seed_template_v1
1860,US,MN,Minnesota,Minnesota Nice Rally Collective,Private Athletic Club,Tiny,ai_seed_template_v1
1861,US,MN,Minnesota,Southside Paddle Athletic Club,Retirement Community Club,Small,ai_seed_template_v1
1862,US,MN,Minnesota,Minnesota Nice Court Society,Competitive Training Club,Small,ai_seed_template_v1
1863,US,MN,Minnesota,Twin Cities Third Shot Academy,Indoor Facility Club,Tiny,ai_seed_template_v1
1864,US,MN,Minnesota,Twin Cities Rally Academy,Private Athletic Club,Small,ai_seed_template_v1
1865,US,MN,Minnesota,True North Pickleball Club,Community Recreation Club,Small,ai_seed_template_v1
1866,US,MN,Minnesota,Minnesota Nice Dink Club,Retirement Community Club,Small,ai_seed_template_v1
1867,US,MN,Minnesota,Minnesota Nice Racquet & Paddle Club,Retirement Community Club,Tiny,ai_seed_template_v1
1868,US,MN,Minnesota,Twin Cities Dink Club,Private Athletic Club,Large,ai_seed_template_v1
1869,US,MN,Minnesota,North Star Club,Public Park Club,Small,ai_seed_template_v1
1870,US,MN,Minnesota,Iron Range Rally Association,League Organization,Large,ai_seed_template_v1
1871,US,MN,Minnesota,Minnesota Nice Pickleball Community,Private Athletic Club,Tiny,ai_seed_template_v1
1872,US,MN,Minnesota,Twin Cities Dink Center,Public Park Club,Tiny,ai_seed_template_v1
1873,US,MN,Minnesota,Twin Cities Paddle Athletic Club,Tournament Club,Tiny,ai_seed_template_v1
1874,US,MN,Minnesota,Victory Dink Community,Indoor Facility Club,Medium,ai_seed_template_v1
1875,US,MN,Minnesota,Minnesota Nice Rally Paddle Club,Competitive Training Club,Small,ai_seed_template_v1
1876,US,MN,Minnesota,Cornerstone Center,Private Athletic Club,Small,ai_seed_template_v1
1877,US,MN,Minnesota,Minnesota Nice Pickleball Club,Competitive Training Club,Small,ai_seed_template_v1
1878,US,MN,Minnesota,Ace Point Racquet & Paddle Club,Indoor Facility Club,Tiny,ai_seed_template_v1
1879,US,MN,Minnesota,North Star Pickleball Community,Tournament Club,Medium,ai_seed_template_v1
1880,US,MN,Minnesota,Minnesota Nice Court Pickleball Club,Public Park Club,Tiny,ai_seed_template_v1
1881,US,MN,Minnesota,Minnesota Nice Net Paddle Club,Social Club,Tiny,ai_seed_template_v1
1882,US,MN,Minnesota,Pacesetter Athletic Club,Competitive Training Club,Small,ai_seed_template_v1
1883,US,MN,Minnesota,Minnesota Nice Paddle Club,Indoor Facility Club,Small,ai_seed_template_v1
1884,US,MN,Minnesota,Twin Cities Rally Club,Social Club,Medium,ai_seed_template_v1
1885,US,MN,Minnesota,Iron Range Rally Society,Community Recreation Club,Tiny,ai_seed_template_v1
1886,US,MN,Minnesota,Riverside Pickleball Racquet & Paddle Club,Social Club,Small,ai_seed_template_v1
1887,US,MN,Minnesota,Northside Paddle Pickleball Club,Private Athletic Club,Tiny,ai_seed_template_v1
1888,US,MN,Minnesota,Lake Country Pickleball Club,Indoor Facility Club,Tiny,ai_seed_template_v1
1889,US,MN,Minnesota,Victory Pickleball Club,Tournament Club,Small,ai_seed_template_v1
1890,US,MN,Minnesota,Riverside Court Center,Private Athletic Club,Small,ai_seed_template_v1
1891,US,MN,Minnesota,North Star Dink Center,League Organization,Tiny,ai_seed_template_v1
1892,US,MN,Minnesota,Twin Cities Dink Community,League Organization,Medium,ai_seed_template_v1
1893,US,MN,Minnesota,Minnesota Nice Association,Public Park Club,Small,ai_seed_template_v1
1894,US,MN,Minnesota,Classic Rally Rec Club,Retirement Community Club,Medium,ai_seed_template_v1
1895,US,MN,Minnesota,North Star Rally Rec Club,Competitive Training Club,Medium,ai_seed_template_v1
1896,US,MN,Minnesota,North Star Dink Association,Public Park Club,Tiny,ai_seed_template_v1
1897,US,MN,Minnesota,Twin Cities Racquet & Paddle Club,Community Recreation Club,Medium,ai_seed_template_v1
1898,US,MN,Minnesota,Twin Cities Pickleball League,Private Athletic Club,Tiny,ai_seed_template_v1
1899,US,MN,Minnesota,Baseline Pickleball Club,League Organization,Medium,ai_seed_template_v1
1900,US,MN,Minnesota,Home Court Paddle Club,League Organization,Tiny,ai_seed_template_v1
1901,US,MN,Minnesota,North Star Dink Society,Tournament Club,Small,ai_seed_template_v1
1902,US,MN,Minnesota,Minnesota Nice Pickleball Athletic Club,Retirement Community Club,Small,ai_seed_template_v1
1903,US,MN,Minnesota,Cornerstone Pickleball Club,Private Athletic Club,Tiny,ai_seed_template_v1
1904,US,MN,Minnesota,Twin Cities Baseline Association,Tournament Club,Medium,ai_seed_template_v1
1905,US,MS,Mississippi,Magnolia Academy,League Organization,Small,ai_seed_template_v1
1906,US,MS,Mississippi,All-Court Smash Academy,Public Park Club,Small,ai_seed_template_v1
1907,US,MS,Mississippi,Lakeside Athletic Club,Tournament Club,Tiny,ai_seed_template_v1
1908,US,MS,Mississippi,Gulfport Pickleball Club,League Organization,Small,ai_seed_template_v1
1909,US,MS,Mississippi,Jackson Paddle Club,Public Park Club,Medium,ai_seed_template_v1
1910,US,MS,Mississippi,Magnolia Association,Community Recreation Club,Small,ai_seed_template_v1
1911,US,MS,Mississippi,Magnolia Rally Athletic Club,Public Park Club,Medium,ai_seed_template_v1
1912,US,MS,Mississippi,Natchez Trace Rally Rec Club,League Organization,Small,ai_seed_template_v1
1913,US,MS,Mississippi,Next Point Community,Private Athletic Club,Tiny,ai_seed_template_v1
1914,US,MS,Mississippi,Pioneer Court Community,Community Recreation Club,Tiny,ai_seed_template_v1
1915,US,MS,Mississippi,Highland Rally Paddle Club,Indoor Facility Club,Small,ai_seed_template_v1
1916,US,MS,Mississippi,Gulfport Paddle Club,Public Park Club,Small,ai_seed_template_v1
1917,US,MS,Mississippi,Uptown Pickleball Club,League Organization,Small,ai_seed_template_v1
1918,US,MS,Mississippi,Delta Society,Retirement Community Club,Small,ai_seed_template_v1
1919,US,MS,Mississippi,Sunset Rally Crew,League Organization,Tiny,ai_seed_template_v1
1920,US,MS,Mississippi,Natchez Trace Court Rec Club,Public Park Club,Small,ai_seed_template_v1
1921,US,MS,Mississippi,Community Pickleball Club,Tournament Club,Small,ai_seed_template_v1
1922,US,MS,Mississippi,Ace Point Baseline Paddle Club,Private Athletic Club,Tiny,ai_seed_template_v1
1923,US,MS,Mississippi,Cornerstone Racquet & Paddle Club,Tournament Club,Tiny,ai_seed_template_v1
1924,US,MS,Mississippi,Victory Club,Private Athletic Club,Small,ai_seed_template_v1
1925,US,MS,Mississippi,Delta Pickleball Collective,Tournament Club,Small,ai_seed_template_v1
1926,US,MS,Mississippi,Open Play Dink Pickleball Club,Indoor Facility Club,Small,ai_seed_template_v1
1927,US,MS,Mississippi,Delta Dink Paddle Club,Competitive Training Club,Tiny,ai_seed_template_v1
1928,US,MS,Mississippi,Gulfport Rally Rec Club,Tournament Club,Small,ai_seed_template_v1
1929,US,MS,Mississippi,Jackson Dink Center,Competitive Training Club,Medium,ai_seed_template_v1
1930,US,MS,Mississippi,Heritage Athletic Club,Public Park Club,Tiny,ai_seed_template_v1
1931,US,MS,Mississippi,Four Corners Academy,Retirement Community Club,Large,ai_seed_template_v1
1932,US,MS,Mississippi,Metro Dink League,Competitive Training Club,Small,ai_seed_template_v1
1933,US,MO,Missouri,Show-Me Court Paddle Club,Public Park Club,Medium,ai_seed_template_v1
1934,US,MO,Missouri,Show-Me Court Academy,Private Athletic Club,Medium,ai_seed_template_v1
1935,US,MO,Missouri,Ozark Rally Paddle Club,Public Park Club,Tiny,ai_seed_template_v1
1936,US,MO,Missouri,Show-Me Pickleball Collective,League Organization,Tiny,ai_seed_template_v1
1937,US,MO,Missouri,Kansas City Dink Rec Club,Retirement Community Club,Medium,ai_seed_template_v1
1938,US,MO,Missouri,Northside Paddle Rec Club,Tournament Club,Small,ai_seed_template_v1
1939,US,MO,Missouri,Southside Pickleball Club,Retirement Community Club,Small,ai_seed_template_v1
1940,US,MO,Missouri,Ozark Dink Collective,League Organization,Mega,ai_seed_template_v1
1941,US,MO,Missouri,St. Louis Club,Tournament Club,Small,ai_seed_template_v1
1942,US,MO,Missouri,Uptown Dink Center,Tournament Club,Small,ai_seed_template_v1
1943,US,MO,Missouri,Gateway Paddle Association,Public Park Club,Small,ai_seed_template_v1
1944,US,MO,Missouri,All-Court Pickleball Club,Tournament Club,Medium,ai_seed_template_v1
1945,US,MO,Missouri,Courtyard Center,Competitive Training Club,Medium,ai_seed_template_v1
1946,US,MO,Missouri,St. Louis Dink Paddle Club,League Organization,Small,ai_seed_template_v1
1947,US,MO,Missouri,Gateway Community,Community Recreation Club,Medium,ai_seed_template_v1
1948,US,MO,Missouri,Match Point League,Retirement Community Club,Tiny,ai_seed_template_v1
1949,US,MO,Missouri,Baseline Side Out Club,Indoor Facility Club,Tiny,ai_seed_template_v1
1950,US,MO,Missouri,Eastside Court Paddle Club,Private Athletic Club,Tiny,ai_seed_template_v1
1951,US,MO,Missouri,Show-Me Society,Competitive Training Club,Medium,ai_seed_template_v1
1952,US,MO,Missouri,Show-Me Dink Academy,Public Park Club,Medium,ai_seed_template_v1
1953,US,MO,Missouri,Show-Me Dink Center,Indoor Facility Club,Large,ai_seed_template_v1
1954,US,MO,Missouri,Active Life Serve League,Indoor Facility Club,Medium,ai_seed_template_v1
1955,US,MO,Missouri,Gateway Court Racquet & Paddle Club,Retirement Community Club,Small,ai_seed_template_v1
1956,US,MO,Missouri,Kansas City Dink Racquet & Paddle Club,Private Athletic Club,Small,ai_seed_template_v1
1957,US,MO,Missouri,Golden Paddle Association,League Organization,Small,ai_seed_template_v1
1958,US,MO,Missouri,Pacesetter Pickleball Club,Community Recreation Club,Small,ai_seed_template_v1
1959,US,MO,Missouri,Kansas City Side Out Community,Community Recreation Club,Tiny,ai_seed_template_v1
1960,US,MO,Missouri,Metro Pickleball Academy,League Organization,Tiny,ai_seed_template_v1
1961,US,MO,Missouri,Kansas City Dink Academy,Public Park Club,Tiny,ai_seed_template_v1
1962,US,MO,Missouri,Kansas City League,League Organization,Small,ai_seed_template_v1
1963,US,MO,Missouri,Kansas City Rally Club,Community Recreation Club,Medium,ai_seed_template_v1
1964,US,MO,Missouri,Home Court Rec Club,Private Athletic Club,Small,ai_seed_template_v1
1965,US,MO,Missouri,St. Louis Court Athletic Club,Social Club,Tiny,ai_seed_template_v1
1966,US,MO,Missouri,Heritage Pickleball Club,Indoor Facility Club,Small,ai_seed_template_v1
1967,US,MO,Missouri,Active Life Paddle Club,Public Park Club,Medium,ai_seed_template_v1
1968,US,MO,Missouri,Active Life Dink Collective,Retirement Community Club,Tiny,ai_seed_template_v1
1969,US,MO,Missouri,St. Louis Net Paddle Club,Indoor Facility Club,Small,ai_seed_template_v1
1970,US,MO,Missouri,Kansas City Association,Social Club,Medium,ai_seed_template_v1
1971,US,MO,Missouri,Metro Pickleball Center,Competitive Training Club,Small,ai_seed_template_v1
1972,US,MO,Missouri,Riverside Rally Paddle Club,League Organization,Small,ai_seed_template_v1
1973,US,MO,Missouri,Sunset Dink Pickleball Club,Competitive Training Club,Medium,ai_seed_template_v1
1974,US,MO,Missouri,Show-Me Dink Pickleball Club,Competitive Training Club,Tiny,ai_seed_template_v1
1975,US,MO,Missouri,Kansas City Crew,Retirement Community Club,Tiny,ai_seed_template_v1
1976,US,MO,Missouri,St. Louis Pickleball Club,Tournament Club,Tiny,ai_seed_template_v1
1977,US,MO,Missouri,Golden Paddle Racquet & Paddle Club,Indoor Facility Club,Small,ai_seed_template_v1
1978,US,MO,Missouri,Show-Me Side Out Academy,Public Park Club,Medium,ai_seed_template_v1
1979,US,MO,Missouri,Ozark Dink Club,Indoor Facility Club,Medium,ai_seed_template_v1
1980,US,MO,Missouri,Gateway Rally Collective,Public Park Club,Tiny,ai_seed_template_v1
1981,US,MO,Missouri,Kansas City Paddle Club,Competitive Training Club,Small,ai_seed_template_v1
1982,US,MO,Missouri,Pacesetter Paddle Center,Tournament Club,Tiny,ai_seed_template_v1
1983,US,MO,Missouri,St. Louis Lob Society,League Organization,Tiny,ai_seed_template_v1
1984,US,MO,Missouri,Home Court Pickleball Club,Competitive Training Club,Small,ai_seed_template_v1
1985,US,MO,Missouri,St. Louis Dink Rec Club,Private Athletic Club,Small,ai_seed_template_v1
1986,US,MO,Missouri,Kansas City Paddle League,Indoor Facility Club,Medium,ai_seed_template_v1
1987,US,MO,Missouri,Northside Baseline Athletic Club,Indoor Facility Club,Medium,ai_seed_template_v1
1988,US,MO,Missouri,Heritage Dink Crew,Retirement Community Club,Tiny,ai_seed_template_v1
1989,US,MO,Missouri,Southside Paddle Academy,Public Park Club,Tiny,ai_seed_template_v1
1990,US,MO,Missouri,Open Play Pickleball Club,Private Athletic Club,Tiny,ai_seed_template_v1
1991,US,MO,Missouri,St. Louis Rally Racquet & Paddle Club,Private Athletic Club,Small,ai_seed_template_v1
1992,US,MT,Montana,Glacier Pickleball League,Social Club,Tiny,ai_seed_template_v1
1993,US,MT,Montana,Glacier Kitchen Community,Private Athletic Club,Medium,ai_seed_template_v1
1994,US,MT,Montana,Bozeman Court Society,Public Park Club,Large,ai_seed_template_v1
1995,US,MT,Montana,Glacier Paddle Club,Retirement Community Club,Small,ai_seed_template_v1
1996,US,MT,Montana,Active Life Third Shot Academy,Social Club,Small,ai_seed_template_v1
1997,US,MT,Montana,Bitterroot Dink Association,Private Athletic Club,Small,ai_seed_template_v1
1998,US,MT,Montana,Pioneer Pickleball Association,Competitive Training Club,Small,ai_seed_template_v1
1999,US,MT,Montana,Eastside Paddle Academy,Social Club,Tiny,ai_seed_template_v1
2000,US,MT,Montana,Bozeman Pickleball Racquet & Paddle Club,Community Recreation Club,Medium,ai_seed_template_v1
2001,US,NE,Nebraska,Platte River Pickleball Club,Social Club,Large,ai_seed_template_v1
2002,US,NE,Nebraska,Lincoln Dink Rec Club,Community Recreation Club,Small,ai_seed_template_v1
2003,US,NE,Nebraska,Prairie Dink Center,Tournament Club,Medium,ai_seed_template_v1
2004,US,NE,Nebraska,Cornhusker Dink Athletic Club,Tournament Club,Tiny,ai_seed_template_v1
2005,US,NE,Nebraska,Omaha Rally Collective,Private Athletic Club,Tiny,ai_seed_template_v1
2006,US,NE,Nebraska,Platte River Court Athletic Club,Social Club,Medium,ai_seed_template_v1
2007,US,NE,Nebraska,Prairie Court Association,Private Athletic Club,Tiny,ai_seed_template_v1
2008,US,NE,Nebraska,Home Court Pickleball Club,Public Park Club,Small,ai_seed_template_v1
2009,US,NE,Nebraska,Community Pickleball Club,Tournament Club,Tiny,ai_seed_template_v1
2010,US,NE,Nebraska,Cornhusker Rally Association,Public Park Club,Large,ai_seed_template_v1
2011,US,NE,Nebraska,Omaha Dink Racquet & Paddle Club,Competitive Training Club,Small,ai_seed_template_v1
2012,US,NE,Nebraska,Prime Time Pickleball Club,Tournament Club,Small,ai_seed_template_v1
2013,US,NE,Nebraska,Cornhusker Court Crew,Tournament Club,Small,ai_seed_template_v1
2014,US,NE,Nebraska,Central Pickleball Club,League Organization,Medium,ai_seed_template_v1
2015,US,NE,Nebraska,Lincoln Paddle Center,Retirement Community Club,Small,ai_seed_template_v1
2016,US,NE,Nebraska,Home Court Paddle Club,Indoor Facility Club,Medium,ai_seed_template_v1
2017,US,NE,Nebraska,Northside Paddle Pickleball Club,Tournament Club,Small,ai_seed_template_v1
2018,US,NE,Nebraska,Lincoln Paddle Society,Private Athletic Club,Medium,ai_seed_template_v1
2019,US,NE,Nebraska,Lincoln Drop Shot Collective,Tournament Club,Tiny,ai_seed_template_v1
2020,US,NV,Nevada,Sierra Nevada Rally Association,Public Park Club,Small,ai_seed_template_v1
2021,US,NV,Nevada,Cornerstone Pickleball Club,League Organization,Small,ai_seed_template_v1
2022,US,NV,Nevada,Four Corners League,Tournament Club,Tiny,ai_seed_template_v1
2023,US,NV,Nevada,Reno Court Community,Indoor Facility Club,Small,ai_seed_template_v1
2024,US,NV,Nevada,Community Racquet & Paddle Club,Private Athletic Club,Small,ai_seed_template_v1
2025,US,NV,Nevada,Baseline Academy,Indoor Facility Club,Medium,ai_seed_template_v1
2026,US,NV,Nevada,Las Vegas Rally Paddle Club,Indoor Facility Club,Tiny,ai_seed_template_v1
2027,US,NV,Nevada,Reno Paddle Academy,Private Athletic Club,Medium,ai_seed_template_v1
2028,US,NV,Nevada,Las Vegas Rally Academy,Community Recreation Club,Tiny,ai_seed_template_v1
2029,US,NV,Nevada,Sunset Rally Academy,League Organization,Tiny,ai_seed_template_v1
2030,US,NV,Nevada,Desert Springs Rally Society,Public Park Club,Small,ai_seed_template_v1
2031,US,NV,Nevada,Reno Side Out Community,Retirement Community Club,Tiny,ai_seed_template_v1
2032,US,NV,Nevada,Desert Springs Paddle Club,Social Club,Small,ai_seed_template_v1
2033,US,NV,Nevada,Prime Time Pickleball Club,Retirement Community Club,Tiny,ai_seed_template_v1
2034,US,NV,Nevada,Reno Society,League Organization,Tiny,ai_seed_template_v1
2035,US,NV,Nevada,Golden Paddle Rally League,League Organization,Small,ai_seed_template_v1
2036,US,NV,Nevada,Sierra Nevada Rec Club,Retirement Community Club,Medium,ai_seed_template_v1
2037,US,NV,Nevada,Community Club,Private Athletic Club,Small,ai_seed_template_v1
2038,US,NV,Nevada,Silver State Kitchen Athletic Club,League Organization,Tiny,ai_seed_template_v1
2039,US,NV,Nevada,Desert Springs Court Rec Club,Social Club,Small,ai_seed_template_v1
2040,US,NV,Nevada,Premier Center,League Organization,Tiny,ai_seed_template_v1
2041,US,NV,Nevada,Sunset Dink Racquet & Paddle Club,Private Athletic Club,Medium,ai_seed_template_v1
2042,US,NV,Nevada,Pioneer Dink Athletic Club,Public Park Club,Large,ai_seed_template_v1
2043,US,NV,Nevada,Sunset Court Athletic Club,Social Club,Tiny,ai_seed_template_v1
2044,US,NV,Nevada,Westside Court Rec Club,League Organization,Large,ai_seed_template_v1
2045,US,NV,Nevada,Desert Springs Community,Community Recreation Club,Medium,ai_seed_template_v1
2046,US,NV,Nevada,Reno Paddle Association,Public Park Club,Tiny,ai_seed_template_v1
2047,US,NV,Nevada,Las Vegas Pickleball Club,Retirement Community Club,Tiny,ai_seed_template_v1
2048,US,NV,Nevada,Southside Crew,Retirement Community Club,Tiny,ai_seed_template_v1
2049,US,NV,Nevada,Silver State Court Collective,Private Athletic Club,Small,ai_seed_template_v1
2050,US,NV,Nevada,Ace Point Pickleball Club,Indoor Facility Club,Small,ai_seed_template_v1
2051,US,NV,Nevada,Sierra Nevada Dink Center,Social Club,Medium,ai_seed_template_v1
2052,US,NV,Nevada,Highland Lob Society,Private Athletic Club,Small,ai_seed_template_v1
2053,US,NV,Nevada,Las Vegas Community,Tournament Club,Tiny,ai_seed_template_v1
2054,US,NV,Nevada,Active Life Baseline Racquet & Paddle Club,Retirement Community Club,Medium,ai_seed_template_v1
2055,US,NV,Nevada,Premier Racquet & Paddle Club,Community Recreation Club,Tiny,ai_seed_template_v1
2056,US,NV,Nevada,Pacesetter Collective,Social Club,Tiny,ai_seed_template_v1
2057,US,NV,Nevada,Match Point Smash Club,Social Club,Small,ai_seed_template_v1
2058,US,NH,New Hampshire,Monadnock Rally Athletic Club,Social Club,Small,ai_seed_template_v1
2059,US,NH,New Hampshire,Seacoast Paddle Pickleball Club,Private Athletic Club,Small,ai_seed_template_v1
2060,US,NH,New Hampshire,Central Association,Tournament Club,Medium,ai_seed_template_v1
2061,US,NH,New Hampshire,Summit Pickleball Club,Community Recreation Club,Small,ai_seed_template_v1
2062,US,NH,New Hampshire,White Mountain Paddle Center,Private Athletic Club,Tiny,ai_seed_template_v1
2063,US,NH,New Hampshire,Golden Paddle Pickleball Club,Private Athletic Club,Large,ai_seed_template_v1
2064,US,NH,New Hampshire,All-Court Pickleball Club,Retirement Community Club,Small,ai_seed_template_v1
2065,US,NH,New Hampshire,Prime Time Pickleball Club,Community Recreation Club,Small,ai_seed_template_v1
2066,US,NH,New Hampshire,Lakes Region Rally Collective,League Organization,Small,ai_seed_template_v1
2067,US,NH,New Hampshire,Lakes Region Rally Academy,Tournament Club,Medium,ai_seed_template_v1
2068,US,NH,New Hampshire,Granite State Paddle Rec Club,Retirement Community Club,Tiny,ai_seed_template_v1
2069,US,NH,New Hampshire,Prime Time Paddle Club,Competitive Training Club,Small,ai_seed_template_v1
2070,US,NH,New Hampshire,Active Life Drop Shot Rec Club,Social Club,Small,ai_seed_template_v1
2071,US,NJ,New Jersey,Baseline Paddle Association,Social Club,Tiny,ai_seed_template_v1
2072,US,NJ,New Jersey,Jersey Shore Court Paddle Club,Social Club,Small,ai_seed_template_v1
2073,US,NJ,New Jersey,Princeton Court Paddle Club,Retirement Community Club,Tiny,ai_seed_template_v1
2074,US,NJ,New Jersey,Garden State Dink Athletic Club,Public Park Club,Small,ai_seed_template_v1
2075,US,NJ,New Jersey,Garden State Paddle Athletic Club,Social Club,Small,ai_seed_template_v1
2076,US,NJ,New Jersey,Monmouth Rally Crew,Tournament Club,Small,ai_seed_template_v1
2077,US,NJ,New Jersey,Monmouth Pickleball Club,Public Park Club,Tiny,ai_seed_template_v1
2078,US,NJ,New Jersey,Baseline Pickleball Club,League Organization,Tiny,ai_seed_template_v1
2079,US,NJ,New Jersey,Jersey Shore Racquet & Paddle Club,Public Park Club,Medium,ai_seed_template_v1
2080,US,NJ,New Jersey,Jersey Shore Rally Rec Club,Public Park Club,Tiny,ai_seed_template_v1
2081,US,NJ,New Jersey,Princeton Pickleball Racquet & Paddle Club,Public Park Club,Small,ai_seed_template_v1
2082,US,NJ,New Jersey,Garden State Society,Retirement Community Club,Small,ai_seed_template_v1
2083,US,NJ,New Jersey,Monmouth Pickleball Association,Private Athletic Club,Small,ai_seed_template_v1
2084,US,NJ,New Jersey,Jersey Shore Dink Racquet & Paddle Club,Social Club,Medium,ai_seed_template_v1
2085,US,NJ,New Jersey,Garden State Athletic Club,Community Recreation Club,Small,ai_seed_template_v1
2086,US,NJ,New Jersey,Jersey Shore Paddle League,Social Club,Tiny,ai_seed_template_v1
2087,US,NJ,New Jersey,Monmouth Pickleball Center,Retirement Community Club,Tiny,ai_seed_template_v1
2088,US,NJ,New Jersey,Meadowlands Court Crew,Public Park Club,Small,ai_seed_template_v1
2089,US,NJ,New Jersey,Active Life Baseline Academy,Competitive Training Club,Tiny,ai_seed_template_v1
2090,US,NJ,New Jersey,Garden State Court Academy,Private Athletic Club,Medium,ai_seed_template_v1
2091,US,NJ,New Jersey,Community Association,Indoor Facility Club,Tiny,ai_seed_template_v1
2092,US,NJ,New Jersey,Lakeside Rally Racquet & Paddle Club,Indoor Facility Club,Medium,ai_seed_template_v1
2093,US,NJ,New Jersey,Monmouth Racquet & Paddle Club,Retirement Community Club,Large,ai_seed_template_v1
2094,US,NJ,New Jersey,Princeton Court Society,League Organization,Small,ai_seed_template_v1
2095,US,NJ,New Jersey,Premier Racquet & Paddle Club,Community Recreation Club,Medium,ai_seed_template_v1
2096,US,NJ,New Jersey,Garden State Dink Center,Community Recreation Club,Small,ai_seed_template_v1
2097,US,NJ,New Jersey,Jersey Shore Court Center,Private Athletic Club,Small,ai_seed_template_v1
2098,US,NJ,New Jersey,Garden State Net Society,Indoor Facility Club,Tiny,ai_seed_template_v1
2099,US,NJ,New Jersey,Princeton Rally Pickleball Club,League Organization,Tiny,ai_seed_template_v1
2100,US,NJ,New Jersey,Metro Rally Rec Club,Retirement Community Club,Tiny,ai_seed_template_v1
2101,US,NJ,New Jersey,Princeton Paddle Center,League Organization,Small,ai_seed_template_v1
2102,US,NJ,New Jersey,Northside Rally Center,League Organization,Tiny,ai_seed_template_v1
2103,US,NJ,New Jersey,Active Life Kitchen Center,Competitive Training Club,Small,ai_seed_template_v1
2104,US,NJ,New Jersey,Garden State Court Club,Community Recreation Club,Tiny,ai_seed_template_v1
2105,US,NJ,New Jersey,Meadowlands Paddle Collective,Indoor Facility Club,Tiny,ai_seed_template_v1
2106,US,NJ,New Jersey,Civic Dink Society,Tournament Club,Tiny,ai_seed_template_v1
2107,US,NJ,New Jersey,All-Court Pickleball Club,Public Park Club,Medium,ai_seed_template_v1
2108,US,NJ,New Jersey,Princeton Club,Retirement Community Club,Small,ai_seed_template_v1
2109,US,NJ,New Jersey,Garden State Pickleball Club,League Organization,Tiny,ai_seed_template_v1
2110,US,NJ,New Jersey,Princeton Paddle Academy,Competitive Training Club,Tiny,ai_seed_template_v1
2111,US,NJ,New Jersey,Garden State Serve Collective,Indoor Facility Club,Tiny,ai_seed_template_v1
2112,US,NJ,New Jersey,Monmouth Dink Crew,Indoor Facility Club,Small,ai_seed_template_v1
2113,US,NJ,New Jersey,Jersey Shore Rally Academy,Retirement Community Club,Mega,ai_seed_template_v1
2114,US,NJ,New Jersey,Lakeside Paddle Society,Competitive Training Club,Medium,ai_seed_template_v1
2115,US,NJ,New Jersey,Heritage Rally Association,Community Recreation Club,Small,ai_seed_template_v1
2116,US,NJ,New Jersey,Classic Club,Indoor Facility Club,Small,ai_seed_template_v1
2117,US,NJ,New Jersey,Princeton Paddle Club,Community Recreation Club,Tiny,ai_seed_template_v1
2118,US,NJ,New Jersey,Meadowlands Pickleball Community,Competitive Training Club,Small,ai_seed_template_v1
2119,US,NJ,New Jersey,Baseline Racquet & Paddle Club,Public Park Club,Tiny,ai_seed_template_v1
2120,US,NJ,New Jersey,Garden State Smash Athletic Club,Competitive Training Club,Small,ai_seed_template_v1
2121,US,NJ,New Jersey,Monmouth Paddle Pickleball Club,Indoor Facility Club,Medium,ai_seed_template_v1
2122,US,NJ,New Jersey,Meadowlands Pickleball Collective,Social Club,Small,ai_seed_template_v1
2123,US,NJ,New Jersey,Match Point Paddle Club,Community Recreation Club,Small,ai_seed_template_v1
2124,US,NJ,New Jersey,Courtyard Collective,Public Park Club,Small,ai_seed_template_v1
2125,US,NJ,New Jersey,Jersey Shore Rally Racquet & Paddle Club,Indoor Facility Club,Tiny,ai_seed_template_v1
2126,US,NJ,New Jersey,Community Paddle Club,Community Recreation Club,Mega,ai_seed_template_v1
2127,US,NJ,New Jersey,Victory Pickleball Rec Club,Indoor Facility Club,Medium,ai_seed_template_v1
2128,US,NJ,New Jersey,Westside Paddle Collective,Tournament Club,Small,ai_seed_template_v1
2129,US,NJ,New Jersey,Eastside Pickleball League,Private Athletic Club,Small,ai_seed_template_v1
2130,US,NJ,New Jersey,Princeton Racquet & Paddle Club,Retirement Community Club,Small,ai_seed_template_v1
2131,US,NJ,New Jersey,Monmouth Court Academy,Social Club,Medium,ai_seed_template_v1
2132,US,NJ,New Jersey,Northside Court Club,Competitive Training Club,Medium,ai_seed_template_v1
2133,US,NJ,New Jersey,Victory Society,Tournament Club,Tiny,ai_seed_template_v1
2134,US,NJ,New Jersey,Meadowlands Pickleball Academy,Social Club,Large,ai_seed_template_v1
2135,US,NJ,New Jersey,Garden State Court Association,Competitive Training Club,Small,ai_seed_template_v1
2136,US,NJ,New Jersey,Open Play Third Shot Pickleball Club,Retirement Community Club,Small,ai_seed_template_v1
2137,US,NJ,New Jersey,Open Play Net League,Tournament Club,Medium,ai_seed_template_v1
2138,US,NJ,New Jersey,Four Corners Pickleball Club,Indoor Facility Club,Small,ai_seed_template_v1
2139,US,NJ,New Jersey,Cornerstone Pickleball Club,Social Club,Small,ai_seed_template_v1
2140,US,NJ,New Jersey,Garden State Crew,Competitive Training Club,Medium,ai_seed_template_v1
2141,US,NJ,New Jersey,Monmouth Dink League,Public Park Club,Small,ai_seed_template_v1
2142,US,NJ,New Jersey,Princeton Society,Social Club,Small,ai_seed_template_v1
2143,US,NJ,New Jersey,Classic Pickleball Club,Indoor Facility Club,Small,ai_seed_template_v1
2144,US,NJ,New Jersey,Monmouth Pickleball Society,Competitive Training Club,Medium,ai_seed_template_v1
2145,US,NJ,New Jersey,Next Point Third Shot Academy,Community Recreation Club,Small,ai_seed_template_v1
2146,US,NJ,New Jersey,All-Court Pickleball Society,League Organization,Small,ai_seed_template_v1
2147,US,NJ,New Jersey,Match Point Kitchen Academy,Public Park Club,Small,ai_seed_template_v1
2148,US,NJ,New Jersey,Jersey Shore Court Academy,Tournament Club,Tiny,ai_seed_template_v1
2149,US,NJ,New Jersey,Meadowlands Paddle Community,Private Athletic Club,Mega,ai_seed_template_v1
2150,US,NJ,New Jersey,Meadowlands Dink Paddle Club,Public Park Club,Small,ai_seed_template_v1
2151,US,NJ,New Jersey,Active Life Pickleball Club,Retirement Community Club,Small,ai_seed_template_v1
2152,US,NJ,New Jersey,Monmouth Pickleball Racquet & Paddle Club,Indoor Facility Club,Tiny,ai_seed_template_v1
2153,US,NJ,New Jersey,Meadowlands Pickleball Crew,Public Park Club,Medium,ai_seed_template_v1
2154,US,NJ,New Jersey,Downtown Paddle Athletic Club,Private Athletic Club,Tiny,ai_seed_template_v1
2155,US,NJ,New Jersey,Meadowlands Pickleball Club,Competitive Training Club,Tiny,ai_seed_template_v1
2156,US,NJ,New Jersey,Heritage Paddle Racquet & Paddle Club,Social Club,Medium,ai_seed_template_v1
2157,US,NJ,New Jersey,All-Court Academy,Tournament Club,Small,ai_seed_template_v1
2158,US,NJ,New Jersey,Garden State Dink Academy,Social Club,Medium,ai_seed_template_v1
2159,US,NJ,New Jersey,Princeton Dink Center,Tournament Club,Medium,ai_seed_template_v1
2160,US,NM,New Mexico,Community Side Out Crew,Indoor Facility Club,Small,ai_seed_template_v1
2161,US,NM,New Mexico,Match Point Pickleball Club,Retirement Community Club,Small,ai_seed_template_v1
2162,US,NM,New Mexico,Sandia Court Center,Indoor Facility Club,Small,ai_seed_template_v1
2163,US,NM,New Mexico,Baseline Crew,League Organization,Medium,ai_seed_template_v1
2164,US,NM,New Mexico,Community Drop Shot Association,Public Park Club,Medium,ai_seed_template_v1
2165,US,NM,New Mexico,Downtown Rally Rec Club,League Organization,Tiny,ai_seed_template_v1
2166,US,NM,New Mexico,High Desert Pickleball Rec Club,Tournament Club,Medium,ai_seed_template_v1
2167,US,NM,New Mexico,High Desert Pickleball Society,Indoor Facility Club,Large,ai_seed_template_v1
2168,US,NM,New Mexico,Land of Enchantment Rally Paddle Club,League Organization,Small,ai_seed_template_v1
2169,US,NM,New Mexico,Community Pickleball Club,Competitive Training Club,Medium,ai_seed_template_v1
2170,US,NM,New Mexico,Classic Association,Indoor Facility Club,Mega,ai_seed_template_v1
2171,US,NM,New Mexico,High Desert Dink Club,Competitive Training Club,Tiny,ai_seed_template_v1
2172,US,NM,New Mexico,Highland Paddle Society,Social Club,Tiny,ai_seed_template_v1
2173,US,NM,New Mexico,Summit Pickleball Community,Retirement Community Club,Medium,ai_seed_template_v1
2174,US,NM,New Mexico,Metro Rally Association,Competitive Training Club,Medium,ai_seed_template_v1
2175,US,NM,New Mexico,Westside Dink Pickleball Club,League Organization,Small,ai_seed_template_v1
2176,US,NM,New Mexico,Pacesetter Paddle Rec Club,Private Athletic Club,Tiny,ai_seed_template_v1
2177,US,NM,New Mexico,Santa Fe Dink Athletic Club,Social Club,Small,ai_seed_template_v1
2178,US,NM,New Mexico,Prime Time Pickleball Club,Community Recreation Club,Small,ai_seed_template_v1
2179,US,NM,New Mexico,Santa Fe Rec Club,League Organization,Medium,ai_seed_template_v1
2180,US,NY,New York,Valley Dink Athletic Club,Tournament Club,Medium,ai_seed_template_v1
2181,US,NY,New York,Empire State Dink Paddle Club,Social Club,Mega,ai_seed_template_v1
2182,US,NY,New York,Baseline Pickleball Club,League Organization,Medium,ai_seed_template_v1
2183,US,NY,New York,Manhattan Dink Center,Competitive Training Club,Small,ai_seed_template_v1
2184,US,NY,New York,Hudson Valley Serve League,Retirement Community Club,Tiny,ai_seed_template_v1
2185,US,NY,New York,Long Island Rally Collective,Indoor Facility Club,Small,ai_seed_template_v1
2186,US,NY,New York,Brooklyn Rally Pickleball Club,Competitive Training Club,Tiny,ai_seed_template_v1
2187,US,NY,New York,Finger Lakes Court Rec Club,League Organization,Small,ai_seed_template_v1
2188,US,NY,New York,Pacesetter Club,Competitive Training Club,Tiny,ai_seed_template_v1
2189,US,NY,New York,Finger Lakes Racquet & Paddle Club,Community Recreation Club,Tiny,ai_seed_template_v1
2190,US,NY,New York,Match Point Pickleball Club,Social Club,Small,ai_seed_template_v1
2191,US,NY,New York,Northside Pickleball Center,Retirement Community Club,Small,ai_seed_template_v1
2192,US,NY,New York,Hudson Valley Pickleball Association,Tournament Club,Small,ai_seed_template_v1
2193,US,NY,New York,Civic Court Rec Club,Public Park Club,Tiny,ai_seed_template_v1
2194,US,NY,New York,Riverside Rally Club,Tournament Club,Small,ai_seed_template_v1
2195,US,NY,New York,Riverside Court Rec Club,Private Athletic Club,Medium,ai_seed_template_v1
2196,US,NY,New York,Hudson Valley Club,Tournament Club,Medium,ai_seed_template_v1
2197,US,NY,New York,Adirondack Dink Academy,League Organization,Tiny,ai_seed_template_v1
2198,US,NY,New York,Finger Lakes Dink Community,Public Park Club,Tiny,ai_seed_template_v1
2199,US,NY,New York,Courtyard Pickleball Club,Retirement Community Club,Medium,ai_seed_template_v1
2200,US,NY,New York,Finger Lakes Pickleball Club,Community Recreation Club,Small,ai_seed_template_v1
2201,US,NY,New York,Finger Lakes Dink Racquet & Paddle Club,Indoor Facility Club,Small,ai_seed_template_v1
2202,US,NY,New York,Classic Paddle Club,League Organization,Small,ai_seed_template_v1
2203,US,NY,New York,Home Court Kitchen Racquet & Paddle Club,Competitive Training Club,Tiny,ai_seed_template_v1
2204,US,NY,New York,Cornerstone Academy,Private Athletic Club,Medium,ai_seed_template_v1
2205,US,NY,New York,Riverside Court Center,Retirement Community Club,Medium,ai_seed_template_v1
2206,US,NY,New York,Empire State Paddle Pickleball Club,Public Park Club,Medium,ai_seed_template_v1
2207,US,NY,New York,Lakeside Dink Academy,Tournament Club,Tiny,ai_seed_template_v1
2208,US,NY,New York,Manhattan Pickleball Club,Private Athletic Club,Tiny,ai_seed_template_v1
2209,US,NY,New York,Long Island Society,Public Park Club,Small,ai_seed_template_v1
2210,US,NY,New York,Finger Lakes Dink Academy,Tournament Club,Tiny,ai_seed_template_v1
2211,US,NY,New York,Open Play Athletic Club,Public Park Club,Tiny,ai_seed_template_v1
2212,US,NY,New York,Open Play Pickleball Club,Tournament Club,Medium,ai_seed_template_v1
2213,US,NY,New York,Match Point Baseline Athletic Club,Retirement Community Club,Small,ai_seed_template_v1
2214,US,NY,New York,Parkside Side Out Pickleball Club,Public Park Club,Medium,ai_seed_template_v1
2215,US,NY,New York,Manhattan Baseline Society,League Organization,Tiny,ai_seed_template_v1
2216,US,NY,New York,Finger Lakes Society,Tournament Club,Small,ai_seed_template_v1
2217,US,NY,New York,Finger Lakes Crew,Community Recreation Club,Medium,ai_seed_template_v1
2218,US,NY,New York,Highland Court Athletic Club,Tournament Club,Small,ai_seed_template_v1
2219,US,NY,New York,Valley Baseline Paddle Club,Tournament Club,Small,ai_seed_template_v1
2220,US,NY,New York,Hudson Valley Pickleball Society,Competitive Training Club,Small,ai_seed_template_v1
2221,US,NY,New York,Adirondack Dink Society,Social Club,Small,ai_seed_template_v1
2222,US,NY,New York,Adirondack Academy,Social Club,Small,ai_seed_template_v1
2223,US,NY,New York,Manhattan Drop Shot League,League Organization,Small,ai_seed_template_v1
2224,US,NY,New York,Manhattan Dink Paddle Club,Public Park Club,Tiny,ai_seed_template_v1
2225,US,NY,New York,Empire State Paddle Society,Tournament Club,Medium,ai_seed_template_v1
2226,US,NY,New York,Empire State Kitchen League,League Organization,Medium,ai_seed_template_v1
2227,US,NY,New York,Downtown Academy,Social Club,Tiny,ai_seed_template_v1
2228,US,NY,New York,Finger Lakes Dink Center,Private Athletic Club,Tiny,ai_seed_template_v1
2229,US,NY,New York,All-Court Academy,Community Recreation Club,Small,ai_seed_template_v1
2230,US,NY,New York,Four Corners Kitchen Association,Social Club,Small,ai_seed_template_v1
2231,US,NY,New York,Heritage Community,Tournament Club,Small,ai_seed_template_v1
2232,US,NY,New York,Brooklyn Rally Racquet & Paddle Club,Indoor Facility Club,Tiny,ai_seed_template_v1
2233,US,NY,New York,Westside Paddle Racquet & Paddle Club,Public Park Club,Tiny,ai_seed_template_v1
2234,US,NY,New York,Empire State Rally Society,Indoor Facility Club,Tiny,ai_seed_template_v1
2235,US,NY,New York,Courtyard Dink Community,Tournament Club,Small,ai_seed_template_v1
2236,US,NY,New York,Finger Lakes Baseline Community,Community Recreation Club,Small,ai_seed_template_v1
2237,US,NY,New York,Sunset Paddle Association,Tournament Club,Mega,ai_seed_template_v1
2238,US,NY,New York,Adirondack Baseline Athletic Club,Tournament Club,Medium,ai_seed_template_v1
2239,US,NY,New York,Central Rally League,Public Park Club,Medium,ai_seed_template_v1
2240,US,NY,New York,Southside Rally Pickleball Club,Private Athletic Club,Small,ai_seed_template_v1
2241,US,NY,New York,Westside Paddle Club,Community Recreation Club,Small,ai_seed_template_v1
2242,US,NY,New York,Empire State Court Community,Competitive Training Club,Tiny,ai_seed_template_v1
2243,US,NY,New York,Manhattan Court Association,Social Club,Small,ai_seed_template_v1
2244,US,NY,New York,All-Court Pickleball Club,Competitive Training Club,Small,ai_seed_template_v1
2245,US,NY,New York,Manhattan Court League,Private Athletic Club,Tiny,ai_seed_template_v1
2246,US,NY,New York,Adirondack Pickleball Collective,Competitive Training Club,Tiny,ai_seed_template_v1
2247,US,NY,New York,True North Drop Shot Society,Community Recreation Club,Tiny,ai_seed_template_v1
2248,US,NY,New York,Downtown Pickleball Community,League Organization,Tiny,ai_seed_template_v1
2249,US,NY,New York,Long Island Dink Community,Public Park Club,Small,ai_seed_template_v1
2250,US,NY,New York,Hudson Valley Court Community,Tournament Club,Tiny,ai_seed_template_v1
2251,US,NY,New York,Manhattan Dink Society,Private Athletic Club,Tiny,ai_seed_template_v1
2252,US,NY,New York,Manhattan Dink Community,League Organization,Tiny,ai_seed_template_v1
2253,US,NY,New York,Baseline Dink Collective,Public Park Club,Small,ai_seed_template_v1
2254,US,NY,New York,Manhattan Paddle League,Competitive Training Club,Small,ai_seed_template_v1
2255,US,NY,New York,Hudson Valley Paddle League,Tournament Club,Tiny,ai_seed_template_v1
2256,US,NY,New York,Metro Paddle Crew,Tournament Club,Small,ai_seed_template_v1
2257,US,NY,New York,Empire State Rally Rec Club,Retirement Community Club,Medium,ai_seed_template_v1
2258,US,NY,New York,Empire State Association,Private Athletic Club,Medium,ai_seed_template_v1
2259,US,NY,New York,Premier Side Out Club,Indoor Facility Club,Small,ai_seed_template_v1
2260,US,NY,New York,Golden Paddle Pickleball Crew,League Organization,Small,ai_seed_template_v1
2261,US,NY,New York,Brooklyn Racquet & Paddle Club,Social Club,Medium,ai_seed_template_v1
2262,US,NY,New York,Adirondack Rally Crew,Public Park Club,Small,ai_seed_template_v1
2263,US,NY,New York,Next Point Pickleball Club,Retirement Community Club,Medium,ai_seed_template_v1
2264,US,NY,New York,Premier League,League Organization,Tiny,ai_seed_template_v1
2265,US,NY,New York,Empire State Paddle Club,Community Recreation Club,Small,ai_seed_template_v1
2266,US,NY,New York,Community Pickleball Club,Private Athletic Club,Small,ai_seed_template_v1
2267,US,NY,New York,Hudson Valley Rally Pickleball Club,Tournament Club,Small,ai_seed_template_v1
2268,US,NY,New York,Long Island Third Shot Paddle Club,Public Park Club,Small,ai_seed_template_v1
2269,US,NY,New York,Pioneer Dink League,Social Club,Tiny,ai_seed_template_v1
2270,US,NY,New York,Victory Third Shot Academy,Retirement Community Club,Small,ai_seed_template_v1
2271,US,NY,New York,Adirondack Serve Crew,Public Park Club,Small,ai_seed_template_v1
2272,US,NY,New York,Manhattan Dink Crew,Retirement Community Club,Tiny,ai_seed_template_v1
2273,US,NY,New York,Prime Time Society,Private Athletic Club,Tiny,ai_seed_template_v1
2274,US,NY,New York,Adirondack Kitchen Association,Private Athletic Club,Small,ai_seed_template_v1
2275,US,NY,New York,Hudson Valley Rally Collective,Tournament Club,Small,ai_seed_template_v1
2276,US,NY,New York,Hudson Valley Association,Indoor Facility Club,Tiny,ai_seed_template_v1
2277,US,NY,New York,Adirondack Paddle Athletic Club,League Organization,Medium,ai_seed_template_v1
2278,US,NY,New York,Pacesetter Paddle Club,Private Athletic Club,Tiny,ai_seed_template_v1
2279,US,NY,New York,Heritage Lob Athletic Club,Private Athletic Club,Small,ai_seed_template_v1
2280,US,NY,New York,Premier Pickleball Club,Tournament Club,Small,ai_seed_template_v1
2281,US,NY,New York,Brooklyn Court Association,Public Park Club,Small,ai_seed_template_v1
2282,US,NY,New York,Community Lob Athletic Club,Community Recreation Club,Medium,ai_seed_template_v1
2283,US,NY,New York,Sunset Rally Center,Community Recreation Club,Medium,ai_seed_template_v1
2284,US,NY,New York,Hudson Valley Court Crew,Tournament Club,Small,ai_seed_template_v1
2285,US,NY,New York,Courtyard Third Shot Rec Club,Community Recreation Club,Small,ai_seed_template_v1
2286,US,NY,New York,Manhattan Paddle Crew,Tournament Club,Small,ai_seed_template_v1
2287,US,NY,New York,Community Court Society,Tournament Club,Small,ai_seed_template_v1
2288,US,NY,New York,Adirondack Kitchen Crew,Community Recreation Club,Tiny,ai_seed_template_v1
2289,US,NY,New York,Classic Dink Club,Tournament Club,Tiny,ai_seed_template_v1
2290,US,NY,New York,Manhattan Rally Association,Tournament Club,Tiny,ai_seed_template_v1
2291,US,NY,New York,Lakeside Association,Community Recreation Club,Large,ai_seed_template_v1
2292,US,NY,New York,Premier Serve Collective,Public Park Club,Small,ai_seed_template_v1
2293,US,NY,New York,Valley Pickleball Rec Club,Private Athletic Club,Small,ai_seed_template_v1
2294,US,NY,New York,Hudson Valley Rally League,Tournament Club,Medium,ai_seed_template_v1
2295,US,NY,New York,Empire State Dink Crew,Competitive Training Club,Tiny,ai_seed_template_v1
2296,US,NY,New York,Central Pickleball Rec Club,Social Club,Small,ai_seed_template_v1
2297,US,NY,New York,True North Drop Shot Academy,Community Recreation Club,Small,ai_seed_template_v1
2298,US,NY,New York,Northside Paddle Pickleball Club,Competitive Training Club,Small,ai_seed_template_v1
2299,US,NY,New York,Eastside Pickleball Rec Club,Community Recreation Club,Tiny,ai_seed_template_v1
2300,US,NY,New York,Long Island Association,Retirement Community Club,Small,ai_seed_template_v1
2301,US,NY,New York,Heritage Side Out Society,Indoor Facility Club,Small,ai_seed_template_v1
2302,US,NY,New York,Adirondack Rally Athletic Club,Tournament Club,Small,ai_seed_template_v1
2303,US,NY,New York,Manhattan Paddle Community,Indoor Facility Club,Tiny,ai_seed_template_v1
2304,US,NY,New York,True North Pickleball Club,Indoor Facility Club,Tiny,ai_seed_template_v1
2305,US,NY,New York,All-Court Third Shot Collective,Indoor Facility Club,Medium,ai_seed_template_v1
2306,US,NY,New York,Brooklyn Dink Community,Private Athletic Club,Small,ai_seed_template_v1
2307,US,NY,New York,Victory Serve Crew,Community Recreation Club,Medium,ai_seed_template_v1
2308,US,NY,New York,Pacesetter Serve Paddle Club,Retirement Community Club,Medium,ai_seed_template_v1
2309,US,NY,New York,Cornerstone Paddle Club,Retirement Community Club,Tiny,ai_seed_template_v1
2310,US,NY,New York,Home Court Serve Community,League Organization,Small,ai_seed_template_v1
2311,US,NY,New York,Hudson Valley Pickleball Collective,Tournament Club,Medium,ai_seed_template_v1
2312,US,NY,New York,Sunset Rally Society,Competitive Training Club,Small,ai_seed_template_v1
2313,US,NY,New York,Finger Lakes Paddle Pickleball Club,League Organization,Small,ai_seed_template_v1
2314,US,NY,New York,Finger Lakes Pickleball Community,League Organization,Small,ai_seed_template_v1
2315,US,NY,New York,Cornerstone Pickleball Club,Tournament Club,Medium,ai_seed_template_v1
2316,US,NY,New York,Brooklyn Rally League,Competitive Training Club,Small,ai_seed_template_v1
2317,US,NY,New York,Parkside Court Paddle Club,Community Recreation Club,Tiny,ai_seed_template_v1
2318,US,NY,New York,Heritage Pickleball Club,Indoor Facility Club,Medium,ai_seed_template_v1
2319,US,NY,New York,Home Court Club,Private Athletic Club,Medium,ai_seed_template_v1
2320,US,NY,New York,Highland Court Pickleball Club,Retirement Community Club,Medium,ai_seed_template_v1
2321,US,NY,New York,Prime Time Athletic Club,Retirement Community Club,Tiny,ai_seed_template_v1
2322,US,NY,New York,Hudson Valley Pickleball Athletic Club,Community Recreation Club,Small,ai_seed_template_v1
2323,US,NY,New York,Adirondack Paddle Pickleball Club,Tournament Club,Medium,ai_seed_template_v1
2324,US,NY,New York,Empire State Paddle Crew,Community Recreation Club,Small,ai_seed_template_v1
2325,US,NY,New York,Victory Smash Racquet & Paddle Club,Indoor Facility Club,Small,ai_seed_template_v1
2326,US,NY,New York,Brooklyn Side Out Pickleball Club,Community Recreation Club,Small,ai_seed_template_v1
2327,US,NY,New York,Finger Lakes Court Pickleball Club,Indoor Facility Club,Medium,ai_seed_template_v1
2328,US,NY,New York,Home Court Third Shot Center,Indoor Facility Club,Tiny,ai_seed_template_v1
2329,US,NY,New York,Long Island Paddle League,Public Park Club,Small,ai_seed_template_v1
2330,US,NY,New York,Hudson Valley Center,Public Park Club,Small,ai_seed_template_v1
2331,US,NY,New York,Premier Paddle Club,Social Club,Tiny,ai_seed_template_v1
2332,US,NY,New York,Brooklyn Pickleball Crew,Community Recreation Club,Small,ai_seed_template_v1
2333,US,NY,New York,Adirondack Pickleball Athletic Club,Indoor Facility Club,Small,ai_seed_template_v1
2334,US,NY,New York,Brooklyn Court Rec Club,Indoor Facility Club,Small,ai_seed_template_v1
2335,US,NY,New York,Hudson Valley Pickleball Rec Club,League Organization,Small,ai_seed_template_v1
2336,US,NY,New York,Community Court Paddle Club,Public Park Club,Medium,ai_seed_template_v1
2337,US,NY,New York,Manhattan Rally Racquet & Paddle Club,Retirement Community Club,Small,ai_seed_template_v1
2338,US,NY,New York,Brooklyn Center,Public Park Club,Small,ai_seed_template_v1
2339,US,NY,New York,Long Island Court Center,Private Athletic Club,Tiny,ai_seed_template_v1
2340,US,NY,New York,Empire State Dink League,Community Recreation Club,Medium,ai_seed_template_v1
2341,US,NY,New York,Match Point Rally Academy,Community Recreation Club,Small,ai_seed_template_v1
2342,US,NY,New York,Heritage Court Athletic Club,Competitive Training Club,Small,ai_seed_template_v1
2343,US,NY,New York,Manhattan Pickleball Association,Retirement Community Club,Large,ai_seed_template_v1
2344,US,NY,New York,Hudson Valley Academy,Competitive Training Club,Tiny,ai_seed_template_v1
2345,US,NY,New York,Baseline Side Out Rec Club,Private Athletic Club,Large,ai_seed_template_v1
2346,US,NY,New York,Long Island Rally Racquet & Paddle Club,Retirement Community Club,Tiny,ai_seed_template_v1
2347,US,NY,New York,Manhattan Pickleball Athletic Club,Community Recreation Club,Tiny,ai_seed_template_v1
2348,US,NY,New York,Courtyard Athletic Club,Community Recreation Club,Tiny,ai_seed_template_v1
2349,US,NY,New York,Brooklyn Pickleball Club,Indoor Facility Club,Small,ai_seed_template_v1
2350,US,NY,New York,Civic Crew,League Organization,Medium,ai_seed_template_v1
2351,US,NY,New York,Open Play Kitchen Paddle Club,Community Recreation Club,Small,ai_seed_template_v1
2352,US,NY,New York,Empire State Rally Paddle Club,Indoor Facility Club,Small,ai_seed_template_v1
2353,US,NY,New York,Adirondack Pickleball Society,League Organization,Small,ai_seed_template_v1
2354,US,NY,New York,Premier Third Shot Athletic Club,Public Park Club,Small,ai_seed_template_v1
2355,US,NY,New York,Finger Lakes Association,Retirement Community Club,Medium,ai_seed_template_v1
2356,US,NY,New York,Long Island Paddle Club,Tournament Club,Small,ai_seed_template_v1
2357,US,NY,New York,Community Pickleball Athletic Club,Private Athletic Club,Small,ai_seed_template_v1
2358,US,NY,New York,Long Island Court Rec Club,Tournament Club,Small,ai_seed_template_v1
2359,US,NY,New York,Golden Paddle Pickleball Club,Competitive Training Club,Small,ai_seed_template_v1
2360,US,NY,New York,Long Island Smash Community,Tournament Club,Medium,ai_seed_template_v1
2361,US,NY,New York,Long Island Paddle Community,Competitive Training Club,Small,ai_seed_template_v1
2362,US,NY,New York,Cornerstone Center,Competitive Training Club,Medium,ai_seed_template_v1
2363,US,NY,New York,Brooklyn Paddle Center,Competitive Training Club,Tiny,ai_seed_template_v1
2364,US,NY,New York,Classic Society,Tournament Club,Small,ai_seed_template_v1
2365,US,NY,New York,Finger Lakes Rally Center,Indoor Facility Club,Small,ai_seed_template_v1
2366,US,NY,New York,Active Life Pickleball Club,League Organization,Small,ai_seed_template_v1
2367,US,NC,North Carolina,Heritage Pickleball Club,Social Club,Small,ai_seed_template_v1
2368,US,NC,North Carolina,Ace Point Pickleball Association,Social Club,Small,ai_seed_template_v1
2369,US,NC,North Carolina,Prime Time Pickleball Club,Competitive Training Club,Medium,ai_seed_template_v1
2370,US,NC,North Carolina,Blue Ridge Pickleball Club,Competitive Training Club,Large,ai_seed_template_v1
2371,US,NC,North Carolina,Next Point Collective,Community Recreation Club,Medium,ai_seed_template_v1
2372,US,NC,North Carolina,Community Pickleball Club,Retirement Community Club,Medium,ai_seed_template_v1
2373,US,NC,North Carolina,Victory Pickleball Club,Social Club,Tiny,ai_seed_template_v1
2374,US,NC,North Carolina,Blue Ridge Court Community,Tournament Club,Tiny,ai_seed_template_v1
2375,US,NC,North Carolina,Pacesetter Smash Academy,Social Club,Small,ai_seed_template_v1
2376,US,NC,North Carolina,Outer Banks Court Racquet & Paddle Club,Competitive Training Club,Tiny,ai_seed_template_v1
2377,US,NC,North Carolina,Home Court Baseline Paddle Club,Public Park Club,Small,ai_seed_template_v1
2378,US,NC,North Carolina,Charlotte Rally Club,Competitive Training Club,Medium,ai_seed_template_v1
2379,US,NC,North Carolina,Research Triangle Rally Pickleball Club,League Organization,Small,ai_seed_template_v1
2380,US,NC,North Carolina,Research Triangle Paddle Collective,Competitive Training Club,Tiny,ai_seed_template_v1
2381,US,NC,North Carolina,All-Court Pickleball Club,Retirement Community Club,Small,ai_seed_template_v1
2382,US,NC,North Carolina,Westside Racquet & Paddle Club,Private Athletic Club,Medium,ai_seed_template_v1
2383,US,NC,North Carolina,Charlotte Rally Racquet & Paddle Club,Tournament Club,Small,ai_seed_template_v1
2384,US,NC,North Carolina,Blue Ridge Drop Shot Crew,Tournament Club,Medium,ai_seed_template_v1
2385,US,NC,North Carolina,Northside Paddle Club,Competitive Training Club,Small,ai_seed_template_v1
2386,US,NC,North Carolina,Research Triangle Dink Rec Club,Indoor Facility Club,Tiny,ai_seed_template_v1
2387,US,NC,North Carolina,Outer Banks Pickleball Crew,Competitive Training Club,Medium,ai_seed_template_v1
2388,US,NC,North Carolina,Charlotte Dink Pickleball Club,Retirement Community Club,Tiny,ai_seed_template_v1
2389,US,NC,North Carolina,Research Triangle Society,Public Park Club,Tiny,ai_seed_template_v1
2390,US,NC,North Carolina,Tar Heel Dink Society,Tournament Club,Medium,ai_seed_template_v1
2391,US,NC,North Carolina,Classic Baseline Paddle Club,Community Recreation Club,Small,ai_seed_template_v1
2392,US,NC,North Carolina,Home Court League,Retirement Community Club,Mega,ai_seed_template_v1
2393,US,NC,North Carolina,Blue Ridge Court Association,League Organization,Medium,ai_seed_template_v1
2394,US,NC,North Carolina,Outer Banks Dink Community,League Organization,Tiny,ai_seed_template_v1
2395,US,NC,North Carolina,Tar Heel Pickleball Athletic Club,Retirement Community Club,Tiny,ai_seed_template_v1
2396,US,NC,North Carolina,Premier Paddle Association,League Organization,Small,ai_seed_template_v1
2397,US,NC,North Carolina,Lakeside Rally Club,Retirement Community Club,Tiny,ai_seed_template_v1
2398,US,NC,North Carolina,Charlotte Dink Rec Club,Social Club,Small,ai_seed_template_v1
2399,US,NC,North Carolina,Summit Paddle Society,League Organization,Medium,ai_seed_template_v1
2400,US,NC,North Carolina,Tar Heel Rally Association,Retirement Community Club,Tiny,ai_seed_template_v1
2401,US,NC,North Carolina,Eastside Court Rec Club,Competitive Training Club,Medium,ai_seed_template_v1
2402,US,NC,North Carolina,Carolina Pines Rally Community,Private Athletic Club,Small,ai_seed_template_v1
2403,US,NC,North Carolina,Outer Banks Rec Club,Social Club,Small,ai_seed_template_v1
2404,US,NC,North Carolina,Westside Kitchen Club,Social Club,Medium,ai_seed_template_v1
2405,US,NC,North Carolina,Blue Ridge Academy,Social Club,Small,ai_seed_template_v1
2406,US,NC,North Carolina,Blue Ridge Community,Private Athletic Club,Medium,ai_seed_template_v1
2407,US,NC,North Carolina,Blue Ridge Court Academy,Social Club,Tiny,ai_seed_template_v1
2408,US,NC,North Carolina,Tar Heel Crew,Private Athletic Club,Tiny,ai_seed_template_v1
2409,US,NC,North Carolina,Outer Banks Dink Rec Club,Indoor Facility Club,Medium,ai_seed_template_v1
2410,US,NC,North Carolina,Blue Ridge Pickleball Rec Club,Social Club,Tiny,ai_seed_template_v1
2411,US,NC,North Carolina,Outer Banks League,Private Athletic Club,Tiny,ai_seed_template_v1
2412,US,NC,North Carolina,Southside Court Center,Retirement Community Club,Small,ai_seed_template_v1
2413,US,NC,North Carolina,Pioneer Net Athletic Club,Community Recreation Club,Small,ai_seed_template_v1
2414,US,NC,North Carolina,Charlotte Pickleball Rec Club,Private Athletic Club,Small,ai_seed_template_v1
2415,US,NC,North Carolina,Heritage Drop Shot Community,League Organization,Small,ai_seed_template_v1
2416,US,NC,North Carolina,Four Corners Third Shot League,Private Athletic Club,Medium,ai_seed_template_v1
2417,US,NC,North Carolina,Valley Paddle Collective,Private Athletic Club,Tiny,ai_seed_template_v1
2418,US,NC,North Carolina,Blue Ridge Dink Association,Private Athletic Club,Small,ai_seed_template_v1
2419,US,NC,North Carolina,Metro Pickleball Academy,Competitive Training Club,Tiny,ai_seed_template_v1
2420,US,NC,North Carolina,Carolina Pines Paddle Academy,Tournament Club,Small,ai_seed_template_v1
2421,US,NC,North Carolina,Premier Kitchen Center,Public Park Club,Medium,ai_seed_template_v1
2422,US,NC,North Carolina,Charlotte Academy,League Organization,Tiny,ai_seed_template_v1
2423,US,NC,North Carolina,Charlotte Dink Paddle Club,Indoor Facility Club,Small,ai_seed_template_v1
2424,US,NC,North Carolina,Prime Time Third Shot Center,Private Athletic Club,Medium,ai_seed_template_v1
2425,US,NC,North Carolina,Carolina Pines Rally League,Tournament Club,Tiny,ai_seed_template_v1
2426,US,NC,North Carolina,Research Triangle Paddle Club,Community Recreation Club,Tiny,ai_seed_template_v1
2427,US,NC,North Carolina,Tar Heel Pickleball Paddle Club,Indoor Facility Club,Tiny,ai_seed_template_v1
2428,US,NC,North Carolina,Four Corners Pickleball Club,Competitive Training Club,Small,ai_seed_template_v1
2429,US,NC,North Carolina,Central Rally Society,Competitive Training Club,Small,ai_seed_template_v1
2430,US,NC,North Carolina,Tar Heel Pickleball Crew,Retirement Community Club,Small,ai_seed_template_v1
2431,US,NC,North Carolina,Outer Banks Baseline Racquet & Paddle Club,Competitive Training Club,Small,ai_seed_template_v1
2432,US,NC,North Carolina,Riverside Racquet & Paddle Club,Community Recreation Club,Tiny,ai_seed_template_v1
2433,US,NC,North Carolina,Heritage League,Tournament Club,Small,ai_seed_template_v1
2434,US,NC,North Carolina,Downtown Court Association,Indoor Facility Club,Small,ai_seed_template_v1
2435,US,NC,North Carolina,Highland League,Tournament Club,Tiny,ai_seed_template_v1
2436,US,NC,North Carolina,Next Point Net Community,Public Park Club,Tiny,ai_seed_template_v1
2437,US,NC,North Carolina,Outer Banks Court Center,Social Club,Tiny,ai_seed_template_v1
2438,US,NC,North Carolina,Blue Ridge Dink Rec Club,Competitive Training Club,Medium,ai_seed_template_v1
2439,US,NC,North Carolina,Active Life Pickleball Club,Indoor Facility Club,Small,ai_seed_template_v1
2440,US,NC,North Carolina,Community Dink League,Indoor Facility Club,Medium,ai_seed_template_v1
2441,US,NC,North Carolina,Research Triangle Club,Public Park Club,Tiny,ai_seed_template_v1
2442,US,NC,North Carolina,Active Life Athletic Club,Social Club,Medium,ai_seed_template_v1
2443,US,NC,North Carolina,Southside Paddle Center,Private Athletic Club,Medium,ai_seed_template_v1
2444,US,NC,North Carolina,Carolina Pines Pickleball Association,Community Recreation Club,Small,ai_seed_template_v1
2445,US,NC,North Carolina,Research Triangle Net Society,Private Athletic Club,Small,ai_seed_template_v1
2446,US,NC,North Carolina,Blue Ridge Court Rec Club,League Organization,Tiny,ai_seed_template_v1
2447,US,NC,North Carolina,Carolina Pines Rally Crew,Private Athletic Club,Tiny,ai_seed_template_v1
2448,US,NC,North Carolina,Riverside Rally Rec Club,Tournament Club,Small,ai_seed_template_v1
2449,US,NC,North Carolina,Baseline Pickleball Club,Public Park Club,Tiny,ai_seed_template_v1
2450,US,NC,North Carolina,Tar Heel Dink Association,Retirement Community Club,Medium,ai_seed_template_v1
2451,US,NC,North Carolina,Ace Point Pickleball Club,Indoor Facility Club,Small,ai_seed_template_v1
2452,US,NC,North Carolina,Lakeside Dink Racquet & Paddle Club,Community Recreation Club,Small,ai_seed_template_v1
2453,US,NC,North Carolina,Cornerstone Court Athletic Club,Indoor Facility Club,Small,ai_seed_template_v1
2454,US,NC,North Carolina,Outer Banks Kitchen Athletic Club,Community Recreation Club,Tiny,ai_seed_template_v1
2455,US,NC,North Carolina,Community Rally Collective,Community Recreation Club,Small,ai_seed_template_v1
2456,US,NC,North Carolina,Home Court Pickleball Club,Community Recreation Club,Small,ai_seed_template_v1
2457,US,NC,North Carolina,Tar Heel Paddle Club,Social Club,Small,ai_seed_template_v1
2458,US,NC,North Carolina,Active Life Academy,Retirement Community Club,Medium,ai_seed_template_v1
2459,US,NC,North Carolina,Charlotte Center,Social Club,Medium,ai_seed_template_v1
2460,US,NC,North Carolina,Blue Ridge Court Society,Retirement Community Club,Small,ai_seed_template_v1
2461,US,NC,North Carolina,Premier Third Shot Association,Indoor Facility Club,Small,ai_seed_template_v1
2462,US,NC,North Carolina,Southside Pickleball Crew,Competitive Training Club,Small,ai_seed_template_v1
2463,US,NC,North Carolina,True North Pickleball Club,Competitive Training Club,Small,ai_seed_template_v1
2464,US,NC,North Carolina,Next Point Baseline Center,Public Park Club,Small,ai_seed_template_v1
2465,US,NC,North Carolina,Research Triangle Dink Paddle Club,Competitive Training Club,Tiny,ai_seed_template_v1
2466,US,NC,North Carolina,Courtyard Community,Tournament Club,Small,ai_seed_template_v1
2467,US,NC,North Carolina,Outer Banks Society,Tournament Club,Tiny,ai_seed_template_v1
2468,US,NC,North Carolina,Blue Ridge Rally Center,Retirement Community Club,Small,ai_seed_template_v1
2469,US,NC,North Carolina,Next Point Pickleball Club,Tournament Club,Tiny,ai_seed_template_v1
2470,US,NC,North Carolina,Carolina Pines Court Paddle Club,Indoor Facility Club,Medium,ai_seed_template_v1
2471,US,NC,North Carolina,Classic Pickleball Racquet & Paddle Club,Indoor Facility Club,Tiny,ai_seed_template_v1
2472,US,NC,North Carolina,Match Point Pickleball Club,Public Park Club,Tiny,ai_seed_template_v1
2473,US,NC,North Carolina,Blue Ridge Rally Racquet & Paddle Club,Tournament Club,Tiny,ai_seed_template_v1
2474,US,NC,North Carolina,Outer Banks Pickleball Paddle Club,Public Park Club,Tiny,ai_seed_template_v1
2475,US,NC,North Carolina,Blue Ridge Court Racquet & Paddle Club,League Organization,Small,ai_seed_template_v1
2476,US,NC,North Carolina,Metro Dink Center,Public Park Club,Tiny,ai_seed_template_v1
2477,US,NC,North Carolina,Blue Ridge Society,League Organization,Small,ai_seed_template_v1
2478,US,NC,North Carolina,Blue Ridge Net Center,Tournament Club,Medium,ai_seed_template_v1
2479,US,NC,North Carolina,Metro Paddle League,Private Athletic Club,Small,ai_seed_template_v1
2480,US,NC,North Carolina,Carolina Pines Dink League,League Organization,Medium,ai_seed_template_v1
2481,US,NC,North Carolina,Next Point Community,Private Athletic Club,Small,ai_seed_template_v1
2482,US,NC,North Carolina,Uptown Dink Community,Tournament Club,Medium,ai_seed_template_v1
2483,US,NC,North Carolina,Blue Ridge Dink Community,Private Athletic Club,Medium,ai_seed_template_v1
2484,US,NC,North Carolina,Blue Ridge Dink Paddle Club,Social Club,Tiny,ai_seed_template_v1
2485,US,NC,North Carolina,Eastside Racquet & Paddle Club,Public Park Club,Tiny,ai_seed_template_v1
2486,US,NC,North Carolina,Tar Heel Paddle Pickleball Club,Public Park Club,Tiny,ai_seed_template_v1
2487,US,NC,North Carolina,Charlotte Rally Academy,League Organization,Small,ai_seed_template_v1
2488,US,NC,North Carolina,Blue Ridge Court League,Retirement Community Club,Tiny,ai_seed_template_v1
2489,US,NC,North Carolina,Research Triangle Serve Racquet & Paddle Club,Public Park Club,Small,ai_seed_template_v1
2490,US,NC,North Carolina,Tar Heel Paddle League,Retirement Community Club,Medium,ai_seed_template_v1
2491,US,NC,North Carolina,Tar Heel Dink Center,Competitive Training Club,Small,ai_seed_template_v1
2492,US,NC,North Carolina,Research Triangle Rally Crew,League Organization,Small,ai_seed_template_v1
2493,US,NC,North Carolina,Outer Banks Rally Community,Private Athletic Club,Small,ai_seed_template_v1
2494,US,NC,North Carolina,Charlotte Paddle Academy,League Organization,Small,ai_seed_template_v1
2495,US,NC,North Carolina,Carolina Pines Smash Club,League Organization,Tiny,ai_seed_template_v1
2496,US,ND,North Dakota,Red River Paddle Community,Retirement Community Club,Medium,ai_seed_template_v1
2497,US,ND,North Dakota,Prairie Rose Paddle Association,Tournament Club,Small,ai_seed_template_v1
2498,US,ND,North Dakota,Highland Racquet & Paddle Club,League Organization,Small,ai_seed_template_v1
2499,US,ND,North Dakota,Victory Collective,Retirement Community Club,Tiny,ai_seed_template_v1
2500,US,ND,North Dakota,Dakota Plains Pickleball Club,Community Recreation Club,Small,ai_seed_template_v1
2501,US,ND,North Dakota,Peace Garden Court Collective,Private Athletic Club,Small,ai_seed_template_v1
2502,US,OH,Ohio,Cincinnati Court Academy,Community Recreation Club,Small,ai_seed_template_v1
2503,US,OH,Ohio,Premier Collective,Tournament Club,Small,ai_seed_template_v1
2504,US,OH,Ohio,Buckeye Paddle Association,Competitive Training Club,Small,ai_seed_template_v1
2505,US,OH,Ohio,Lakeside Paddle Rec Club,Tournament Club,Tiny,ai_seed_template_v1
2506,US,OH,Ohio,Buckeye Pickleball Society,Competitive Training Club,Tiny,ai_seed_template_v1
2507,US,OH,Ohio,Buckeye Dink Center,Private Athletic Club,Small,ai_seed_template_v1
2508,US,OH,Ohio,Buckeye Dink Collective,Private Athletic Club,Small,ai_seed_template_v1
2509,US,OH,Ohio,Pacesetter Athletic Club,League Organization,Tiny,ai_seed_template_v1
2510,US,OH,Ohio,Lake Erie Club,Public Park Club,Small,ai_seed_template_v1
2511,US,OH,Ohio,Cincinnati Court Paddle Club,Retirement Community Club,Medium,ai_seed_template_v1
2512,US,OH,Ohio,Columbus Court League,Indoor Facility Club,Small,ai_seed_template_v1
2513,US,OH,Ohio,Columbus Dink Pickleball Club,Competitive Training Club,Small,ai_seed_template_v1
2514,US,OH,Ohio,Lake Erie Paddle Club,League Organization,Small,ai_seed_template_v1
2515,US,OH,Ohio,Columbus Rally Athletic Club,League Organization,Medium,ai_seed_template_v1
2516,US,OH,Ohio,Lake Erie Serve League,Private Athletic Club,Tiny,ai_seed_template_v1
2517,US,OH,Ohio,Match Point Pickleball Club,Community Recreation Club,Medium,ai_seed_template_v1
2518,US,OH,Ohio,Lake Erie Paddle Pickleball Club,Community Recreation Club,Small,ai_seed_template_v1
2519,US,OH,Ohio,Sunset Community,Competitive Training Club,Medium,ai_seed_template_v1
2520,US,OH,Ohio,Cincinnati Court Racquet & Paddle Club,Indoor Facility Club,Large,ai_seed_template_v1
2521,US,OH,Ohio,Cleveland Pickleball Collective,Tournament Club,Small,ai_seed_template_v1
2522,US,OH,Ohio,Open Play Pickleball Club,Retirement Community Club,Small,ai_seed_template_v1
2523,US,OH,Ohio,Prime Time Pickleball Club,Public Park Club,Medium,ai_seed_template_v1
2524,US,OH,Ohio,Baseline Lob Racquet & Paddle Club,Community Recreation Club,Small,ai_seed_template_v1
2525,US,OH,Ohio,Columbus Dink Association,Indoor Facility Club,Small,ai_seed_template_v1
2526,US,OH,Ohio,Columbus Court Pickleball Club,Tournament Club,Medium,ai_seed_template_v1
2527,US,OH,Ohio,Cincinnati Pickleball Club,Private Athletic Club,Small,ai_seed_template_v1
2528,US,OH,Ohio,Miami Valley Pickleball League,Community Recreation Club,Tiny,ai_seed_template_v1
2529,US,OH,Ohio,Pioneer Paddle Racquet & Paddle Club,Competitive Training Club,Tiny,ai_seed_template_v1
2530,US,OH,Ohio,Downtown Pickleball Collective,Public Park Club,Small,ai_seed_template_v1
2531,US,OH,Ohio,Lake Erie League,Public Park Club,Tiny,ai_seed_template_v1
2532,US,OH,Ohio,Columbus Paddle Athletic Club,Retirement Community Club,Small,ai_seed_template_v1
2533,US,OH,Ohio,Cincinnati Court Collective,Indoor Facility Club,Small,ai_seed_template_v1
2534,US,OH,Ohio,Cleveland Baseline Paddle Club,League Organization,Small,ai_seed_template_v1
2535,US,OH,Ohio,Heritage Paddle Crew,Retirement Community Club,Tiny,ai_seed_template_v1
2536,US,OH,Ohio,True North Pickleball Club,Social Club,Small,ai_seed_template_v1
2537,US,OH,Ohio,Miami Valley Court Club,Retirement Community Club,Small,ai_seed_template_v1
2538,US,OH,Ohio,Miami Valley Rally Society,Retirement Community Club,Tiny,ai_seed_template_v1
2539,US,OH,Ohio,Cincinnati Community,Indoor Facility Club,Tiny,ai_seed_template_v1
2540,US,OH,Ohio,Summit Rally Pickleball Club,Tournament Club,Medium,ai_seed_template_v1
2541,US,OH,Ohio,Columbus Net Racquet & Paddle Club,League Organization,Large,ai_seed_template_v1
2542,US,OH,Ohio,Premier Court Academy,Social Club,Large,ai_seed_template_v1
2543,US,OH,Ohio,Cleveland Dink Society,Private Athletic Club,Medium,ai_seed_template_v1
2544,US,OH,Ohio,Victory Pickleball Club,Social Club,Tiny,ai_seed_template_v1
2545,US,OH,Ohio,Cleveland Drop Shot Crew,Indoor Facility Club,Small,ai_seed_template_v1
2546,US,OH,Ohio,Cincinnati Net Community,Private Athletic Club,Tiny,ai_seed_template_v1
2547,US,OH,Ohio,Home Court Academy,League Organization,Medium,ai_seed_template_v1
2548,US,OH,Ohio,Miami Valley Court Racquet & Paddle Club,Social Club,Tiny,ai_seed_template_v1
2549,US,OH,Ohio,Cincinnati Dink Collective,Tournament Club,Large,ai_seed_template_v1
2550,US,OH,Ohio,Southside Baseline Society,Retirement Community Club,Tiny,ai_seed_template_v1
2551,US,OH,Ohio,Lake Erie Court Academy,Social Club,Tiny,ai_seed_template_v1
2552,US,OH,Ohio,Miami Valley Pickleball Crew,Retirement Community Club,Tiny,ai_seed_template_v1
2553,US,OH,Ohio,Cincinnati Club,Retirement Community Club,Small,ai_seed_template_v1
2554,US,OH,Ohio,Lake Erie Court Crew,Indoor Facility Club,Large,ai_seed_template_v1
2555,US,OH,Ohio,Heritage Association,Private Athletic Club,Large,ai_seed_template_v1
2556,US,OH,Ohio,Northside Pickleball Racquet & Paddle Club,Community Recreation Club,Small,ai_seed_template_v1
2557,US,OH,Ohio,Columbus Third Shot Center,Competitive Training Club,Medium,ai_seed_template_v1
2558,US,OH,Ohio,Courtyard Pickleball Club,Competitive Training Club,Tiny,ai_seed_template_v1
2559,US,OH,Ohio,Columbus Court Athletic Club,Community Recreation Club,Tiny,ai_seed_template_v1
2560,US,OH,Ohio,All-Court Kitchen League,Competitive Training Club,Small,ai_seed_template_v1
2561,US,OH,Ohio,Lake Erie Paddle Rec Club,Private Athletic Club,Small,ai_seed_template_v1
2562,US,OH,Ohio,Heritage Rally Association,Community Recreation Club,Mega,ai_seed_template_v1
2563,US,OH,Ohio,Premier Community,Retirement Community Club,Tiny,ai_seed_template_v1
2564,US,OH,Ohio,Lake Erie Side Out Paddle Club,Retirement Community Club,Tiny,ai_seed_template_v1
2565,US,OH,Ohio,Buckeye Serve Society,Social Club,Tiny,ai_seed_template_v1
2566,US,OH,Ohio,Cincinnati Serve Pickleball Club,Private Athletic Club,Medium,ai_seed_template_v1
2567,US,OH,Ohio,Columbus Dink Athletic Club,Indoor Facility Club,Small,ai_seed_template_v1
2568,US,OH,Ohio,Columbus Rally Center,Public Park Club,Tiny,ai_seed_template_v1
2569,US,OH,Ohio,Cleveland Smash Athletic Club,Public Park Club,Medium,ai_seed_template_v1
2570,US,OH,Ohio,Cincinnati Paddle Collective,Private Athletic Club,Tiny,ai_seed_template_v1
2571,US,OH,Ohio,Lake Erie Side Out Society,Tournament Club,Small,ai_seed_template_v1
2572,US,OH,Ohio,Cincinnati Association,Public Park Club,Medium,ai_seed_template_v1
2573,US,OH,Ohio,Miami Valley Community,Social Club,Tiny,ai_seed_template_v1
2574,US,OH,Ohio,Buckeye Paddle Racquet & Paddle Club,Competitive Training Club,Tiny,ai_seed_template_v1
2575,US,OH,Ohio,Next Point Collective,Private Athletic Club,Tiny,ai_seed_template_v1
2576,US,OH,Ohio,Miami Valley Rally Club,Private Athletic Club,Tiny,ai_seed_template_v1
2577,US,OH,Ohio,Premier Pickleball Club,Competitive Training Club,Tiny,ai_seed_template_v1
2578,US,OH,Ohio,Civic Dink Society,Retirement Community Club,Small,ai_seed_template_v1
2579,US,OH,Ohio,Home Court Pickleball Club,Competitive Training Club,Small,ai_seed_template_v1
2580,US,OH,Ohio,Miami Valley Rally Community,Tournament Club,Small,ai_seed_template_v1
2581,US,OH,Ohio,Cleveland League,League Organization,Large,ai_seed_template_v1
2582,US,OH,Ohio,Buckeye Court Athletic Club,Indoor Facility Club,Mega,ai_seed_template_v1
2583,US,OH,Ohio,Miami Valley Dink Athletic Club,Competitive Training Club,Small,ai_seed_template_v1
2584,US,OH,Ohio,Lake Erie Pickleball Society,Social Club,Small,ai_seed_template_v1
2585,US,OH,Ohio,Victory Academy,Social Club,Tiny,ai_seed_template_v1
2586,US,OH,Ohio,Cleveland Racquet & Paddle Club,Community Recreation Club,Small,ai_seed_template_v1
2587,US,OH,Ohio,Buckeye Court Society,Retirement Community Club,Small,ai_seed_template_v1
2588,US,OH,Ohio,Westside Pickleball Collective,Competitive Training Club,Small,ai_seed_template_v1
2589,US,OH,Ohio,Ace Point Third Shot Club,Community Recreation Club,Tiny,ai_seed_template_v1
2590,US,OH,Ohio,Pacesetter Smash Community,Private Athletic Club,Small,ai_seed_template_v1
2591,US,OH,Ohio,Courtyard Dink Collective,Public Park Club,Small,ai_seed_template_v1
2592,US,OH,Ohio,Cleveland Baseline Collective,Public Park Club,Tiny,ai_seed_template_v1
2593,US,OH,Ohio,Cleveland Paddle Community,Retirement Community Club,Small,ai_seed_template_v1
2594,US,OH,Ohio,Baseline Pickleball Club,Community Recreation Club,Tiny,ai_seed_template_v1
2595,US,OH,Ohio,Buckeye Dink Paddle Club,Private Athletic Club,Medium,ai_seed_template_v1
2596,US,OH,Ohio,Cincinnati Court Center,Social Club,Small,ai_seed_template_v1
2597,US,OH,Ohio,Prime Time Academy,Tournament Club,Large,ai_seed_template_v1
2598,US,OH,Ohio,Pioneer Dink Center,Retirement Community Club,Tiny,ai_seed_template_v1
2599,US,OH,Ohio,Lake Erie Court Racquet & Paddle Club,Competitive Training Club,Small,ai_seed_template_v1
2600,US,OH,Ohio,Buckeye Paddle Rec Club,Community Recreation Club,Medium,ai_seed_template_v1
2601,US,OH,Ohio,Buckeye Court League,League Organization,Small,ai_seed_template_v1
2602,US,OH,Ohio,Next Point Baseline Paddle Club,Public Park Club,Tiny,ai_seed_template_v1
2603,US,OH,Ohio,Cleveland Kitchen Society,Social Club,Tiny,ai_seed_template_v1
2604,US,OH,Ohio,Valley Dink Paddle Club,Indoor Facility Club,Small,ai_seed_template_v1
2605,US,OH,Ohio,All-Court Academy,Public Park Club,Medium,ai_seed_template_v1
2606,US,OH,Ohio,Ace Point Pickleball Rec Club,Private Athletic Club,Small,ai_seed_template_v1
2607,US,OH,Ohio,Premier Baseline Community,Indoor Facility Club,Tiny,ai_seed_template_v1
2608,US,OH,Ohio,Lake Erie Rally Center,Private Athletic Club,Small,ai_seed_template_v1
2609,US,OH,Ohio,Pacesetter Collective,Private Athletic Club,Large,ai_seed_template_v1
2610,US,OH,Ohio,Buckeye Court Academy,League Organization,Tiny,ai_seed_template_v1
2611,US,OH,Ohio,Cincinnati Rally Pickleball Club,League Organization,Small,ai_seed_template_v1
2612,US,OH,Ohio,Cincinnati Paddle Club,Private Athletic Club,Tiny,ai_seed_template_v1
2613,US,OH,Ohio,Open Play Paddle Club,Tournament Club,Tiny,ai_seed_template_v1
2614,US,OH,Ohio,Buckeye Pickleball League,Private Athletic Club,Small,ai_seed_template_v1
2615,US,OK,Oklahoma,Open Play Pickleball Crew,Public Park Club,Small,ai_seed_template_v1
2616,US,OK,Oklahoma,Prairie Paddle Crew,Indoor Facility Club,Small,ai_seed_template_v1
2617,US,OK,Oklahoma,Classic Society,Private Athletic Club,Medium,ai_seed_template_v1
2618,US,OK,Oklahoma,Heritage Dink Racquet & Paddle Club,Public Park Club,Tiny,ai_seed_template_v1
2619,US,OK,Oklahoma,Tulsa Pickleball Crew,Competitive Training Club,Small,ai_seed_template_v1
2620,US,OK,Oklahoma,Tulsa Academy,Social Club,Mega,ai_seed_template_v1
2621,US,OK,Oklahoma,Active Life Smash Athletic Club,Social Club,Small,ai_seed_template_v1
2622,US,OK,Oklahoma,Oklahoma City Dink Academy,Indoor Facility Club,Medium,ai_seed_template_v1
2623,US,OK,Oklahoma,All-Court Racquet & Paddle Club,Community Recreation Club,Large,ai_seed_template_v1
2624,US,OK,Oklahoma,Oklahoma City Paddle Racquet & Paddle Club,Tournament Club,Medium,ai_seed_template_v1
2625,US,OK,Oklahoma,Prairie Center,Private Athletic Club,Small,ai_seed_template_v1
2626,US,OK,Oklahoma,Red Dirt Club,Tournament Club,Tiny,ai_seed_template_v1
2627,US,OK,Oklahoma,Red Dirt Rally Association,Competitive Training Club,Medium,ai_seed_template_v1
2628,US,OK,Oklahoma,Red Dirt Court Society,Private Athletic Club,Medium,ai_seed_template_v1
2629,US,OK,Oklahoma,Pacesetter Pickleball Club,League Organization,Tiny,ai_seed_template_v1
2630,US,OK,Oklahoma,Victory Society,Community Recreation Club,Medium,ai_seed_template_v1
2631,US,OK,Oklahoma,Prairie Court Athletic Club,Tournament Club,Tiny,ai_seed_template_v1
2632,US,OK,Oklahoma,Tulsa Pickleball Racquet & Paddle Club,Competitive Training Club,Tiny,ai_seed_template_v1
2633,US,OK,Oklahoma,Ace Point Court Racquet & Paddle Club,Community Recreation Club,Small,ai_seed_template_v1
2634,US,OK,Oklahoma,Oklahoma City Dink Club,Competitive Training Club,Medium,ai_seed_template_v1
2635,US,OK,Oklahoma,Classic Side Out League,Community Recreation Club,Tiny,ai_seed_template_v1
2636,US,OK,Oklahoma,Highland Pickleball Club,Private Athletic Club,Tiny,ai_seed_template_v1
2637,US,OK,Oklahoma,Oklahoma City Court Community,Indoor Facility Club,Tiny,ai_seed_template_v1
2638,US,OK,Oklahoma,Civic Dink League,Public Park Club,Large,ai_seed_template_v1
2639,US,OK,Oklahoma,Active Life Pickleball Club,Social Club,Small,ai_seed_template_v1
2640,US,OK,Oklahoma,Open Play League,Public Park Club,Medium,ai_seed_template_v1
2641,US,OK,Oklahoma,Oklahoma City League,Social Club,Small,ai_seed_template_v1
2642,US,OK,Oklahoma,Oklahoma City Dink Pickleball Club,Public Park Club,Medium,ai_seed_template_v1
2643,US,OK,Oklahoma,Heritage Pickleball Club,Public Park Club,Small,ai_seed_template_v1
2644,US,OK,Oklahoma,Prairie Court Community,League Organization,Medium,ai_seed_template_v1
2645,US,OK,Oklahoma,Southside Rally Collective,Retirement Community Club,Tiny,ai_seed_template_v1
2646,US,OK,Oklahoma,Sooner Court Center,Tournament Club,Small,ai_seed_template_v1
2647,US,OK,Oklahoma,Courtyard Serve Club,Social Club,Small,ai_seed_template_v1
2648,US,OK,Oklahoma,Tulsa League,Indoor Facility Club,Tiny,ai_seed_template_v1
2649,US,OK,Oklahoma,Courtyard Baseline Paddle Club,Private Athletic Club,Medium,ai_seed_template_v1
2650,US,OK,Oklahoma,Prairie Paddle Society,Social Club,Medium,ai_seed_template_v1
2651,US,OK,Oklahoma,Oklahoma City Smash Racquet & Paddle Club,Social Club,Medium,ai_seed_template_v1
2652,US,OK,Oklahoma,Sooner Court Association,Public Park Club,Small,ai_seed_template_v1
2653,US,OR,Oregon,Willamette Court Crew,Public Park Club,Tiny,ai_seed_template_v1
2654,US,OR,Oregon,Willamette Pickleball Athletic Club,Indoor Facility Club,Large,ai_seed_template_v1
2655,US,OR,Oregon,Beaver State Dink Paddle Club,Indoor Facility Club,Small,ai_seed_template_v1
2656,US,OR,Oregon,Valley Net Pickleball Club,Indoor Facility Club,Medium,ai_seed_template_v1
2657,US,OR,Oregon,Willamette Society,Retirement Community Club,Small,ai_seed_template_v1
2658,US,OR,Oregon,Downtown Rec Club,League Organization,Tiny,ai_seed_template_v1
2659,US,OR,Oregon,Cascade Dink Racquet & Paddle Club,Community Recreation Club,Tiny,ai_seed_template_v1
2660,US,OR,Oregon,Lakeside Court Crew,Competitive Training Club,Medium,ai_seed_template_v1
2661,US,OR,Oregon,Active Life Pickleball Club,Tournament Club,Medium,ai_seed_template_v1
2662,US,OR,Oregon,Willamette Court Racquet & Paddle Club,Community Recreation Club,Tiny,ai_seed_template_v1
2663,US,OR,Oregon,Beaver State Society,Public Park Club,Tiny,ai_seed_template_v1
2664,US,OR,Oregon,Portland Dink Crew,Social Club,Small,ai_seed_template_v1
2665,US,OR,Oregon,Pacific Northwest Dink Rec Club,Retirement Community Club,Tiny,ai_seed_template_v1
2666,US,OR,Oregon,Parkside Community,Community Recreation Club,Tiny,ai_seed_template_v1
2667,US,OR,Oregon,Beaver State Dink Community,Competitive Training Club,Medium,ai_seed_template_v1
2668,US,OR,Oregon,Pacific Northwest Dink Athletic Club,Community Recreation Club,Tiny,ai_seed_template_v1
2669,US,OR,Oregon,Active Life Smash Rec Club,Tournament Club,Medium,ai_seed_template_v1
2670,US,OR,Oregon,Active Life Smash Athletic Club,Retirement Community Club,Small,ai_seed_template_v1
2671,US,OR,Oregon,Cascade Rally League,Competitive Training Club,Tiny,ai_seed_template_v1
2672,US,OR,Oregon,Central Paddle Pickleball Club,Private Athletic Club,Tiny,ai_seed_template_v1
2673,US,OR,Oregon,Portland Dink Athletic Club,League Organization,Medium,ai_seed_template_v1
2674,US,OR,Oregon,Cascade Rally Association,Community Recreation Club,Small,ai_seed_template_v1
2675,US,OR,Oregon,Portland Paddle Racquet & Paddle Club,Community Recreation Club,Small,ai_seed_template_v1
2676,US,OR,Oregon,Civic Paddle Pickleball Club,Public Park Club,Tiny,ai_seed_template_v1
2677,US,OR,Oregon,Premier Rally Academy,Social Club,Tiny,ai_seed_template_v1
2678,US,OR,Oregon,Willamette Paddle Racquet & Paddle Club,Private Athletic Club,Small,ai_seed_template_v1
2679,US,OR,Oregon,Portland Court Community,Indoor Facility Club,Large,ai_seed_template_v1
2680,US,OR,Oregon,Eastside Court Academy,Social Club,Small,ai_seed_template_v1
2681,US,OR,Oregon,Beaver State Pickleball Club,Private Athletic Club,Small,ai_seed_template_v1
2682,US,OR,Oregon,Portland Dink Collective,Social Club,Small,ai_seed_template_v1
2683,US,OR,Oregon,Pacific Northwest Dink Collective,Tournament Club,Medium,ai_seed_template_v1
2684,US,OR,Oregon,Premier Rec Club,Tournament Club,Medium,ai_seed_template_v1
2685,US,OR,Oregon,True North Drop Shot Pickleball Club,Public Park Club,Small,ai_seed_template_v1
2686,US,OR,Oregon,Riverside Kitchen Club,Tournament Club,Medium,ai_seed_template_v1
2687,US,OR,Oregon,Willamette Dink Racquet & Paddle Club,Competitive Training Club,Medium,ai_seed_template_v1
2688,US,OR,Oregon,Willamette Paddle Center,Tournament Club,Small,ai_seed_template_v1
2689,US,OR,Oregon,Willamette Dink Community,Community Recreation Club,Small,ai_seed_template_v1
2690,US,OR,Oregon,Ace Point Athletic Club,Private Athletic Club,Medium,ai_seed_template_v1
2691,US,OR,Oregon,Cascade Paddle Racquet & Paddle Club,Retirement Community Club,Tiny,ai_seed_template_v1
2692,US,OR,Oregon,Portland Association,Community Recreation Club,Medium,ai_seed_template_v1
2693,US,PA,Pennsylvania,Pacesetter Pickleball Club,Community Recreation Club,Large,ai_seed_template_v1
2694,US,PA,Pennsylvania,Next Point Paddle Athletic Club,Tournament Club,Small,ai_seed_template_v1
2695,US,PA,Pennsylvania,Susquehanna Pickleball Paddle Club,Public Park Club,Small,ai_seed_template_v1
2696,US,PA,Pennsylvania,Golden Paddle Pickleball Club,Private Athletic Club,Tiny,ai_seed_template_v1
2697,US,PA,Pennsylvania,Heritage Drop Shot Athletic Club,Community Recreation Club,Mega,ai_seed_template_v1
2698,US,PA,Pennsylvania,Eastside Paddle Society,Community Recreation Club,Tiny,ai_seed_template_v1
2699,US,PA,Pennsylvania,Keystone Pickleball Center,Community Recreation Club,Small,ai_seed_template_v1
2700,US,PA,Pennsylvania,Keystone Smash Pickleball Club,Competitive Training Club,Small,ai_seed_template_v1
2701,US,PA,Pennsylvania,Four Corners Center,Competitive Training Club,Small,ai_seed_template_v1
2702,US,PA,Pennsylvania,Home Court Side Out Athletic Club,Competitive Training Club,Medium,ai_seed_template_v1
2703,US,PA,Pennsylvania,Philadelphia Pickleball Club,Public Park Club,Small,ai_seed_template_v1
2704,US,PA,Pennsylvania,Pittsburgh Rally Club,Tournament Club,Tiny,ai_seed_template_v1
2705,US,PA,Pennsylvania,True North Serve Paddle Club,Social Club,Small,ai_seed_template_v1
2706,US,PA,Pennsylvania,Open Play Dink Academy,Community Recreation Club,Medium,ai_seed_template_v1
2707,US,PA,Pennsylvania,Keystone Dink Athletic Club,Public Park Club,Tiny,ai_seed_template_v1
2708,US,PA,Pennsylvania,Prime Time Third Shot Society,Social Club,Medium,ai_seed_template_v1
2709,US,PA,Pennsylvania,Pittsburgh Paddle Collective,Competitive Training Club,Small,ai_seed_template_v1
2710,US,PA,Pennsylvania,Pittsburgh Court Center,Tournament Club,Small,ai_seed_template_v1
2711,US,PA,Pennsylvania,Heritage Dink Center,Public Park Club,Tiny,ai_seed_template_v1
2712,US,PA,Pennsylvania,Four Corners Pickleball Club,Public Park Club,Tiny,ai_seed_template_v1
2713,US,PA,Pennsylvania,Pittsburgh Pickleball Racquet & Paddle Club,Public Park Club,Tiny,ai_seed_template_v1
2714,US,PA,Pennsylvania,Four Corners Drop Shot Collective,League Organization,Large,ai_seed_template_v1
2715,US,PA,Pennsylvania,Philadelphia Rally Association,Community Recreation Club,Tiny,ai_seed_template_v1
2716,US,PA,Pennsylvania,Parkside Racquet & Paddle Club,Retirement Community Club,Large,ai_seed_template_v1
2717,US,PA,Pennsylvania,Cornerstone Pickleball Club,Tournament Club,Medium,ai_seed_template_v1
2718,US,PA,Pennsylvania,Philadelphia Pickleball Association,Indoor Facility Club,Medium,ai_seed_template_v1
2719,US,PA,Pennsylvania,Philadelphia Paddle Athletic Club,League Organization,Small,ai_seed_template_v1
2720,US,PA,Pennsylvania,Victory Association,Community Recreation Club,Tiny,ai_seed_template_v1
2721,US,PA,Pennsylvania,Allegheny Dink Crew,League Organization,Medium,ai_seed_template_v1
2722,US,PA,Pennsylvania,Active Life Dink Club,Retirement Community Club,Large,ai_seed_template_v1
2723,US,PA,Pennsylvania,Next Point Pickleball Club,League Organization,Tiny,ai_seed_template_v1
2724,US,PA,Pennsylvania,Community Association,Community Recreation Club,Small,ai_seed_template_v1
2725,US,PA,Pennsylvania,Active Life Pickleball Club,Private Athletic Club,Tiny,ai_seed_template_v1
2726,US,PA,Pennsylvania,Philadelphia Pickleball Center,Indoor Facility Club,Tiny,ai_seed_template_v1
2727,US,PA,Pennsylvania,Pittsburgh Court Crew,Indoor Facility Club,Tiny,ai_seed_template_v1
2728,US,PA,Pennsylvania,Philadelphia Dink Club,Community Recreation Club,Small,ai_seed_template_v1
2729,US,PA,Pennsylvania,Baseline Paddle Club,Tournament Club,Medium,ai_seed_template_v1
2730,US,PA,Pennsylvania,Golden Paddle Kitchen Club,Community Recreation Club,Tiny,ai_seed_template_v1
2731,US,PA,Pennsylvania,Pittsburgh Club,Competitive Training Club,Tiny,ai_seed_template_v1
2732,US,PA,Pennsylvania,Keystone Paddle Racquet & Paddle Club,Social Club,Small,ai_seed_template_v1
2733,US,PA,Pennsylvania,Victory Dink Crew,Private Athletic Club,Large,ai_seed_template_v1
2734,US,PA,Pennsylvania,Philadelphia Rally Racquet & Paddle Club,Tournament Club,Medium,ai_seed_template_v1
2735,US,PA,Pennsylvania,Keystone Paddle Athletic Club,Social Club,Tiny,ai_seed_template_v1
2736,US,PA,Pennsylvania,Allegheny Pickleball Paddle Club,Retirement Community Club,Medium,ai_seed_template_v1
2737,US,PA,Pennsylvania,Susquehanna Rally Crew,Public Park Club,Tiny,ai_seed_template_v1
2738,US,PA,Pennsylvania,Pacesetter Community,Public Park Club,Medium,ai_seed_template_v1
2739,US,PA,Pennsylvania,Susquehanna Court Athletic Club,Tournament Club,Tiny,ai_seed_template_v1
2740,US,PA,Pennsylvania,Philadelphia Paddle Crew,Private Athletic Club,Small,ai_seed_template_v1
2741,US,PA,Pennsylvania,Courtyard Kitchen Society,Private Athletic Club,Small,ai_seed_template_v1
2742,US,PA,Pennsylvania,Open Play Pickleball Club,Indoor Facility Club,Tiny,ai_seed_template_v1
2743,US,PA,Pennsylvania,Philadelphia Crew,Tournament Club,Tiny,ai_seed_template_v1
2744,US,PA,Pennsylvania,Allegheny Paddle Athletic Club,Private Athletic Club,Small,ai_seed_template_v1
2745,US,PA,Pennsylvania,Pittsburgh Pickleball Club,Private Athletic Club,Medium,ai_seed_template_v1
2746,US,PA,Pennsylvania,Baseline Pickleball Club,Private Athletic Club,Small,ai_seed_template_v1
2747,US,PA,Pennsylvania,Heritage Net Association,Private Athletic Club,Small,ai_seed_template_v1
2748,US,PA,Pennsylvania,Classic Pickleball Club,League Organization,Small,ai_seed_template_v1
2749,US,PA,Pennsylvania,Allegheny Side Out Community,Retirement Community Club,Small,ai_seed_template_v1
2750,US,PA,Pennsylvania,Keystone Rally Collective,Retirement Community Club,Small,ai_seed_template_v1
2751,US,PA,Pennsylvania,Philadelphia Racquet & Paddle Club,Community Recreation Club,Medium,ai_seed_template_v1
2752,US,PA,Pennsylvania,Keystone Serve Club,Tournament Club,Tiny,ai_seed_template_v1
2753,US,PA,Pennsylvania,Keystone Dink Society,Community Recreation Club,Medium,ai_seed_template_v1
2754,US,PA,Pennsylvania,Susquehanna Serve Crew,League Organization,Tiny,ai_seed_template_v1
2755,US,PA,Pennsylvania,Pittsburgh Dink League,Private Athletic Club,Medium,ai_seed_template_v1
2756,US,PA,Pennsylvania,Philadelphia Collective,Public Park Club,Small,ai_seed_template_v1
2757,US,PA,Pennsylvania,Valley Dink Rec Club,Competitive Training Club,Tiny,ai_seed_template_v1
2758,US,PA,Pennsylvania,Victory Crew,Community Recreation Club,Medium,ai_seed_template_v1
2759,US,PA,Pennsylvania,Philadelphia Court Center,League Organization,Small,ai_seed_template_v1
2760,US,PA,Pennsylvania,Golden Paddle Racquet & Paddle Club,Competitive Training Club,Tiny,ai_seed_template_v1
2761,US,PA,Pennsylvania,Valley Paddle Athletic Club,League Organization,Medium,ai_seed_template_v1
2762,US,PA,Pennsylvania,Susquehanna Paddle Club,Retirement Community Club,Tiny,ai_seed_template_v1
2763,US,PA,Pennsylvania,Keystone Pickleball Community,Social Club,Tiny,ai_seed_template_v1
2764,US,PA,Pennsylvania,Allegheny Court Crew,Indoor Facility Club,Small,ai_seed_template_v1
2765,US,PA,Pennsylvania,Keystone Court Crew,League Organization,Small,ai_seed_template_v1
2766,US,PA,Pennsylvania,Philadelphia Net Academy,Competitive Training Club,Small,ai_seed_template_v1
2767,US,PA,Pennsylvania,Susquehanna Rec Club,Public Park Club,Large,ai_seed_template_v1
2768,US,PA,Pennsylvania,Pittsburgh Rally Academy,Social Club,Small,ai_seed_template_v1
2769,US,PA,Pennsylvania,Keystone Pickleball Rec Club,League Organization,Medium,ai_seed_template_v1
2770,US,PA,Pennsylvania,Classic Society,Social Club,Medium,ai_seed_template_v1
2771,US,PA,Pennsylvania,Keystone Court Collective,Tournament Club,Tiny,ai_seed_template_v1
2772,US,PA,Pennsylvania,Keystone Rec Club,Tournament Club,Medium,ai_seed_template_v1
2773,US,PA,Pennsylvania,Downtown Paddle Community,Private Athletic Club,Small,ai_seed_template_v1
2774,US,PA,Pennsylvania,Philadelphia Rally Academy,Competitive Training Club,Medium,ai_seed_template_v1
2775,US,PA,Pennsylvania,Community Pickleball Club,Public Park Club,Medium,ai_seed_template_v1
2776,US,PA,Pennsylvania,Allegheny Association,Public Park Club,Medium,ai_seed_template_v1
2777,US,PA,Pennsylvania,Keystone Dink Center,Public Park Club,Tiny,ai_seed_template_v1
2778,US,PA,Pennsylvania,Allegheny Rally Society,Public Park Club,Tiny,ai_seed_template_v1
2779,US,PA,Pennsylvania,Pittsburgh Pickleball Paddle Club,Retirement Community Club,Tiny,ai_seed_template_v1
2780,US,PA,Pennsylvania,Allegheny Dink Collective,Social Club,Small,ai_seed_template_v1
2781,US,PA,Pennsylvania,Four Corners Court Association,Indoor Facility Club,Small,ai_seed_template_v1
2782,US,PA,Pennsylvania,Valley Baseline League,Tournament Club,Small,ai_seed_template_v1
2783,US,PA,Pennsylvania,Allegheny Rally Collective,Public Park Club,Small,ai_seed_template_v1
2784,US,PA,Pennsylvania,Next Point Net Collective,Tournament Club,Small,ai_seed_template_v1
2785,US,PA,Pennsylvania,Sunset Baseline Center,League Organization,Medium,ai_seed_template_v1
2786,US,PA,Pennsylvania,Classic Center,Tournament Club,Small,ai_seed_template_v1
2787,US,PA,Pennsylvania,Philadelphia Paddle Pickleball Club,Retirement Community Club,Medium,ai_seed_template_v1
2788,US,PA,Pennsylvania,Ace Point Pickleball Club,Community Recreation Club,Small,ai_seed_template_v1
2789,US,PA,Pennsylvania,Susquehanna Court Center,Private Athletic Club,Small,ai_seed_template_v1
2790,US,PA,Pennsylvania,Allegheny Drop Shot Community,Retirement Community Club,Small,ai_seed_template_v1
2791,US,PA,Pennsylvania,Philadelphia Rally Pickleball Club,Competitive Training Club,Small,ai_seed_template_v1
2792,US,PA,Pennsylvania,Heritage Pickleball Club,Indoor Facility Club,Small,ai_seed_template_v1
2793,US,PA,Pennsylvania,Eastside Court Paddle Club,Social Club,Tiny,ai_seed_template_v1
2794,US,PA,Pennsylvania,Susquehanna Pickleball Association,Tournament Club,Medium,ai_seed_template_v1
2795,US,PA,Pennsylvania,Pittsburgh Lob Athletic Club,Private Athletic Club,Medium,ai_seed_template_v1
2796,US,PA,Pennsylvania,Susquehanna Dink Club,Competitive Training Club,Small,ai_seed_template_v1
2797,US,PA,Pennsylvania,Pittsburgh Lob Academy,Community Recreation Club,Small,ai_seed_template_v1
2798,US,PA,Pennsylvania,Westside Pickleball Club,League Organization,Tiny,ai_seed_template_v1
2799,US,PA,Pennsylvania,Heritage Paddle Community,Public Park Club,Tiny,ai_seed_template_v1
2800,US,PA,Pennsylvania,Susquehanna Paddle Academy,Private Athletic Club,Small,ai_seed_template_v1
2801,US,PA,Pennsylvania,Four Corners Academy,Competitive Training Club,Medium,ai_seed_template_v1
2802,US,PA,Pennsylvania,Prime Time Pickleball Club,Private Athletic Club,Small,ai_seed_template_v1
2803,US,PA,Pennsylvania,Pittsburgh Court League,Public Park Club,Small,ai_seed_template_v1
2804,US,PA,Pennsylvania,Keystone Paddle Club,Private Athletic Club,Medium,ai_seed_template_v1
2805,US,PA,Pennsylvania,Philadelphia Court Academy,Private Athletic Club,Medium,ai_seed_template_v1
2806,US,PA,Pennsylvania,Keystone Dink Club,Retirement Community Club,Small,ai_seed_template_v1
2807,US,PA,Pennsylvania,Philadelphia Court Community,Social Club,Medium,ai_seed_template_v1
2808,US,PA,Pennsylvania,Next Point Serve Rec Club,Competitive Training Club,Tiny,ai_seed_template_v1
2809,US,PA,Pennsylvania,Premier Pickleball Club,Community Recreation Club,Medium,ai_seed_template_v1
2810,US,PA,Pennsylvania,Philadelphia Third Shot Crew,Private Athletic Club,Small,ai_seed_template_v1
2811,US,PA,Pennsylvania,Allegheny Pickleball Racquet & Paddle Club,Indoor Facility Club,Small,ai_seed_template_v1
2812,US,PA,Pennsylvania,Philadelphia Dink Community,League Organization,Tiny,ai_seed_template_v1
2813,US,PA,Pennsylvania,Pittsburgh Pickleball Crew,Indoor Facility Club,Tiny,ai_seed_template_v1
2814,US,PA,Pennsylvania,Heritage Center,Public Park Club,Large,ai_seed_template_v1
2815,US,PA,Pennsylvania,Match Point Side Out Academy,Community Recreation Club,Small,ai_seed_template_v1
2816,US,PA,Pennsylvania,Golden Paddle Net Association,Retirement Community Club,Small,ai_seed_template_v1
2817,US,RI,Rhode Island,Newport Court Athletic Club,Indoor Facility Club,Tiny,ai_seed_template_v1
2818,US,RI,Rhode Island,Narragansett Paddle Community,Private Athletic Club,Tiny,ai_seed_template_v1
2819,US,RI,Rhode Island,Narragansett Dink Paddle Club,Private Athletic Club,Tiny,ai_seed_template_v1
2820,US,RI,Rhode Island,Bayview Dink Club,Indoor Facility Club,Tiny,ai_seed_template_v1
2821,US,RI,Rhode Island,Bayview Pickleball Society,League Organization,Small,ai_seed_template_v1
2822,US,RI,Rhode Island,Westside Court Rec Club,Retirement Community Club,Tiny,ai_seed_template_v1
2823,US,RI,Rhode Island,Newport Court Society,Social Club,Small,ai_seed_template_v1
2824,US,RI,Rhode Island,Providence Smash Athletic Club,Competitive Training Club,Tiny,ai_seed_template_v1
2825,US,RI,Rhode Island,Victory Pickleball Club,Retirement Community Club,Tiny,ai_seed_template_v1
2826,US,RI,Rhode Island,Bayview Collective,Private Athletic Club,Mega,ai_seed_template_v1
2827,US,SC,South Carolina,Next Point League,Public Park Club,Small,ai_seed_template_v1
2828,US,SC,South Carolina,Myrtle Beach Racquet & Paddle Club,Competitive Training Club,Small,ai_seed_template_v1
2829,US,SC,South Carolina,Highland Pickleball Paddle Club,Retirement Community Club,Tiny,ai_seed_template_v1
2830,US,SC,South Carolina,Civic Paddle Association,Retirement Community Club,Small,ai_seed_template_v1
2831,US,SC,South Carolina,Cornerstone Pickleball Club,Private Athletic Club,Small,ai_seed_template_v1
2832,US,SC,South Carolina,Community Paddle Crew,Public Park Club,Tiny,ai_seed_template_v1
2833,US,SC,South Carolina,Metro Dink Center,Community Recreation Club,Tiny,ai_seed_template_v1
2834,US,SC,South Carolina,Uptown Dink Paddle Club,League Organization,Tiny,ai_seed_template_v1
2835,US,SC,South Carolina,Myrtle Beach Lob Crew,Social Club,Small,ai_seed_template_v1
2836,US,SC,South Carolina,Courtyard Drop Shot Crew,Competitive Training Club,Tiny,ai_seed_template_v1
2837,US,SC,South Carolina,Active Life Third Shot Community,Retirement Community Club,Tiny,ai_seed_template_v1
2838,US,SC,South Carolina,Hilton Head Racquet & Paddle Club,Retirement Community Club,Small,ai_seed_template_v1
2839,US,SC,South Carolina,Palmetto Pickleball Center,Retirement Community Club,Medium,ai_seed_template_v1
2840,US,SC,South Carolina,Prime Time Pickleball Club,Community Recreation Club,Small,ai_seed_template_v1
2841,US,SC,South Carolina,Next Point Paddle Collective,Competitive Training Club,Tiny,ai_seed_template_v1
2842,US,SC,South Carolina,Premier Paddle Club,Social Club,Small,ai_seed_template_v1
2843,US,SC,South Carolina,Heritage Rally Association,Community Recreation Club,Medium,ai_seed_template_v1
2844,US,SC,South Carolina,Open Play Pickleball Club,Community Recreation Club,Small,ai_seed_template_v1
2845,US,SC,South Carolina,Pioneer Athletic Club,Social Club,Large,ai_seed_template_v1
2846,US,SC,South Carolina,Open Play Crew,League Organization,Large,ai_seed_template_v1
2847,US,SC,South Carolina,Lowcountry Court Athletic Club,Public Park Club,Small,ai_seed_template_v1
2848,US,SC,South Carolina,Home Court Racquet & Paddle Club,Competitive Training Club,Small,ai_seed_template_v1
2849,US,SC,South Carolina,Palmetto Dink Pickleball Club,Public Park Club,Medium,ai_seed_template_v1
2850,US,SC,South Carolina,Charleston Paddle Club,Competitive Training Club,Tiny,ai_seed_template_v1
2851,US,SC,South Carolina,Lowcountry Court Collective,Retirement Community Club,Medium,ai_seed_template_v1
2852,US,SC,South Carolina,Cornerstone Drop Shot Society,Retirement Community Club,Small,ai_seed_template_v1
2853,US,SC,South Carolina,Pioneer Net Pickleball Club,Social Club,Tiny,ai_seed_template_v1
2854,US,SC,South Carolina,Palmetto Rec Club,Indoor Facility Club,Small,ai_seed_template_v1
2855,US,SC,South Carolina,Palmetto Dink Collective,Retirement Community Club,Medium,ai_seed_template_v1
2856,US,SC,South Carolina,Myrtle Beach Court Community,Tournament Club,Medium,ai_seed_template_v1
2857,US,SC,South Carolina,Civic Court Academy,Social Club,Tiny,ai_seed_template_v1
2858,US,SC,South Carolina,Lowcountry Rec Club,Tournament Club,Medium,ai_seed_template_v1
2859,US,SC,South Carolina,Charleston Collective,Retirement Community Club,Medium,ai_seed_template_v1
2860,US,SC,South Carolina,Uptown Court League,Competitive Training Club,Small,ai_seed_template_v1
2861,US,SC,South Carolina,Myrtle Beach Association,Retirement Community Club,Mega,ai_seed_template_v1
2862,US,SC,South Carolina,Eastside Pickleball Club,Social Club,Small,ai_seed_template_v1
2863,US,SC,South Carolina,Downtown Paddle Community,Public Park Club,Small,ai_seed_template_v1
2864,US,SC,South Carolina,Palmetto Paddle Collective,Community Recreation Club,Small,ai_seed_template_v1
2865,US,SC,South Carolina,Baseline Collective,Indoor Facility Club,Small,ai_seed_template_v1
2866,US,SC,South Carolina,Pacesetter Dink Racquet & Paddle Club,Retirement Community Club,Medium,ai_seed_template_v1
2867,US,SC,South Carolina,Premier Smash Collective,Retirement Community Club,Small,ai_seed_template_v1
2868,US,SC,South Carolina,Charleston Paddle Racquet & Paddle Club,Retirement Community Club,Small,ai_seed_template_v1
2869,US,SC,South Carolina,Charleston Pickleball Club,Public Park Club,Tiny,ai_seed_template_v1
2870,US,SC,South Carolina,Downtown Association,Indoor Facility Club,Tiny,ai_seed_template_v1
2871,US,SC,South Carolina,Golden Paddle Pickleball Club,Public Park Club,Large,ai_seed_template_v1
2872,US,SC,South Carolina,Palmetto Rally Club,Retirement Community Club,Tiny,ai_seed_template_v1
2873,US,SC,South Carolina,Heritage Pickleball Club,Social Club,Small,ai_seed_template_v1
2874,US,SC,South Carolina,Classic Pickleball Club,Tournament Club,Tiny,ai_seed_template_v1
2875,US,SC,South Carolina,Downtown Rally Center,Competitive Training Club,Large,ai_seed_template_v1
2876,US,SC,South Carolina,Palmetto Court Crew,Competitive Training Club,Medium,ai_seed_template_v1
2877,US,SC,South Carolina,Lowcountry Court Academy,Community Recreation Club,Small,ai_seed_template_v1
2878,US,SC,South Carolina,Next Point Collective,League Organization,Small,ai_seed_template_v1
2879,US,SC,South Carolina,Courtyard Pickleball Club,Retirement Community Club,Small,ai_seed_template_v1
2880,US,SC,South Carolina,Palmetto Dink Society,Private Athletic Club,Small,ai_seed_template_v1
2881,US,SC,South Carolina,Charleston Dink Racquet & Paddle Club,Retirement Community Club,Tiny,ai_seed_template_v1
2882,US,SC,South Carolina,Northside Smash Academy,Community Recreation Club,Tiny,ai_seed_template_v1
2883,US,SC,South Carolina,Myrtle Beach Dink Pickleball Club,Social Club,Tiny,ai_seed_template_v1
2884,US,SC,South Carolina,Hilton Head Rally Paddle Club,Retirement Community Club,Tiny,ai_seed_template_v1
2885,US,SC,South Carolina,Home Court Pickleball Club,Retirement Community Club,Small,ai_seed_template_v1
2886,US,SC,South Carolina,Charleston Paddle League,Public Park Club,Small,ai_seed_template_v1
2887,US,SC,South Carolina,Ace Point Pickleball Club,Tournament Club,Large,ai_seed_template_v1
2888,US,SC,South Carolina,Uptown Rally Collective,Indoor Facility Club,Small,ai_seed_template_v1
2889,US,SC,South Carolina,Courtyard Paddle Club,Tournament Club,Small,ai_seed_template_v1
2890,US,SC,South Carolina,Myrtle Beach Pickleball Athletic Club,Social Club,Medium,ai_seed_template_v1
2891,US,SC,South Carolina,Charleston Racquet & Paddle Club,Retirement Community Club,Small,ai_seed_template_v1
2892,US,SC,South Carolina,All-Court Pickleball Club,Retirement Community Club,Small,ai_seed_template_v1
2893,US,SC,South Carolina,Classic Kitchen Community,Tournament Club,Tiny,ai_seed_template_v1
2894,US,SC,South Carolina,Eastside Paddle Association,Retirement Community Club,Small,ai_seed_template_v1
2895,US,SC,South Carolina,Hilton Head Side Out Crew,Retirement Community Club,Tiny,ai_seed_template_v1
2896,US,SC,South Carolina,Charleston Dink Club,Retirement Community Club,Medium,ai_seed_template_v1
2897,US,SD,South Dakota,Sioux Falls Paddle Collective,Community Recreation Club,Small,ai_seed_template_v1
2898,US,SD,South Dakota,Badlands Rally Athletic Club,League Organization,Medium,ai_seed_template_v1
2899,US,SD,South Dakota,Sioux Falls Dink Crew,Public Park Club,Medium,ai_seed_template_v1
2900,US,SD,South Dakota,Community Pickleball Club,Community Recreation Club,Tiny,ai_seed_template_v1
2901,US,SD,South Dakota,Cornerstone Club,Retirement Community Club,Tiny,ai_seed_template_v1
2902,US,SD,South Dakota,All-Court Lob Rec Club,Social Club,Small,ai_seed_template_v1
2903,US,SD,South Dakota,Dakota Prairie Pickleball Society,Indoor Facility Club,Small,ai_seed_template_v1
2904,US,TN,Tennessee,Memphis Paddle Athletic Club,Retirement Community Club,Small,ai_seed_template_v1
2905,US,TN,Tennessee,Prime Time Pickleball Club,League Organization,Tiny,ai_seed_template_v1
2906,US,TN,Tennessee,Smoky Mountain Pickleball Club,Public Park Club,Small,ai_seed_template_v1
2907,US,TN,Tennessee,Highland Paddle Club,Competitive Training Club,Tiny,ai_seed_template_v1
2908,US,TN,Tennessee,Memphis Court Athletic Club,Private Athletic Club,Small,ai_seed_template_v1
2909,US,TN,Tennessee,Pacesetter Drop Shot Club,Public Park Club,Medium,ai_seed_template_v1
2910,US,TN,Tennessee,Memphis Rally Athletic Club,Indoor Facility Club,Medium,ai_seed_template_v1
2911,US,TN,Tennessee,Next Point Pickleball Club,Social Club,Tiny,ai_seed_template_v1
2912,US,TN,Tennessee,Music City Pickleball League,Social Club,Small,ai_seed_template_v1
2913,US,TN,Tennessee,Open Play Paddle Club,Tournament Club,Small,ai_seed_template_v1
2914,US,TN,Tennessee,Music City Smash Racquet & Paddle Club,Competitive Training Club,Small,ai_seed_template_v1
2915,US,TN,Tennessee,Lakeside Dink Racquet & Paddle Club,Competitive Training Club,Tiny,ai_seed_template_v1
2916,US,TN,Tennessee,Nashville Community,Private Athletic Club,Tiny,ai_seed_template_v1
2917,US,TN,Tennessee,Music City Academy,League Organization,Small,ai_seed_template_v1
2918,US,TN,Tennessee,Smoky Mountain Rally Community,Community Recreation Club,Tiny,ai_seed_template_v1
2919,US,TN,Tennessee,Nashville Court Collective,Competitive Training Club,Medium,ai_seed_template_v1
2920,US,TN,Tennessee,Nashville Court Society,Social Club,Tiny,ai_seed_template_v1
2921,US,TN,Tennessee,Music City Pickleball Association,Social Club,Small,ai_seed_template_v1
2922,US,TN,Tennessee,Match Point Crew,Community Recreation Club,Small,ai_seed_template_v1
2923,US,TN,Tennessee,Victory Pickleball Club,League Organization,Small,ai_seed_template_v1
2924,US,TN,Tennessee,Music City Dink Academy,Public Park Club,Medium,ai_seed_template_v1
2925,US,TN,Tennessee,Community Center,Indoor Facility Club,Tiny,ai_seed_template_v1
2926,US,TN,Tennessee,Nashville Paddle Racquet & Paddle Club,Private Athletic Club,Tiny,ai_seed_template_v1
2927,US,TN,Tennessee,Classic Pickleball Club,Private Athletic Club,Small,ai_seed_template_v1
2928,US,TN,Tennessee,Nashville Rally League,League Organization,Medium,ai_seed_template_v1
2929,US,TN,Tennessee,Music City Paddle Community,Tournament Club,Medium,ai_seed_template_v1
2930,US,TN,Tennessee,Active Life Third Shot Crew,Competitive Training Club,Small,ai_seed_template_v1
2931,US,TN,Tennessee,Volunteer Paddle Society,League Organization,Small,ai_seed_template_v1
2932,US,TN,Tennessee,Sunset Side Out Association,League Organization,Tiny,ai_seed_template_v1
2933,US,TN,Tennessee,All-Court Smash League,Competitive Training Club,Medium,ai_seed_template_v1
2934,US,TN,Tennessee,Courtyard Paddle Club,Public Park Club,Tiny,ai_seed_template_v1
2935,US,TN,Tennessee,Lakeside Court Academy,Indoor Facility Club,Tiny,ai_seed_template_v1
2936,US,TN,Tennessee,Smoky Mountain Center,Social Club,Tiny,ai_seed_template_v1
2937,US,TN,Tennessee,Next Point Paddle Club,Private Athletic Club,Medium,ai_seed_template_v1
2938,US,TN,Tennessee,Memphis Rally Association,Public Park Club,Small,ai_seed_template_v1
2939,US,TN,Tennessee,Nashville Paddle Club,Retirement Community Club,Tiny,ai_seed_template_v1
2940,US,TN,Tennessee,Open Play Pickleball Club,Social Club,Small,ai_seed_template_v1
2941,US,TN,Tennessee,Civic Rally Racquet & Paddle Club,Private Athletic Club,Small,ai_seed_template_v1
2942,US,TN,Tennessee,Smoky Mountain Court Paddle Club,Public Park Club,Tiny,ai_seed_template_v1
2943,US,TN,Tennessee,Summit Paddle Crew,Competitive Training Club,Large,ai_seed_template_v1
2944,US,TN,Tennessee,Metro Pickleball Crew,Competitive Training Club,Small,ai_seed_template_v1
2945,US,TN,Tennessee,Pioneer Paddle Association,Private Athletic Club,Small,ai_seed_template_v1
2946,US,TN,Tennessee,Nashville Pickleball Racquet & Paddle Club,Community Recreation Club,Small,ai_seed_template_v1
2947,US,TN,Tennessee,Next Point Third Shot Collective,Public Park Club,Tiny,ai_seed_template_v1
2948,US,TN,Tennessee,Courtyard Center,Tournament Club,Small,ai_seed_template_v1
2949,US,TN,Tennessee,Ace Point Serve Community,Retirement Community Club,Tiny,ai_seed_template_v1
2950,US,TN,Tennessee,Nashville Court Paddle Club,Indoor Facility Club,Small,ai_seed_template_v1
2951,US,TN,Tennessee,Pacesetter Pickleball Paddle Club,Retirement Community Club,Small,ai_seed_template_v1
2952,US,TN,Tennessee,Memphis Court Rec Club,Indoor Facility Club,Small,ai_seed_template_v1
2953,US,TN,Tennessee,Courtyard Society,Tournament Club,Tiny,ai_seed_template_v1
2954,US,TN,Tennessee,Summit Dink Rec Club,Indoor Facility Club,Tiny,ai_seed_template_v1
2955,US,TN,Tennessee,Volunteer League,Social Club,Small,ai_seed_template_v1
2956,US,TN,Tennessee,Nashville Rally Racquet & Paddle Club,Competitive Training Club,Small,ai_seed_template_v1
2957,US,TN,Tennessee,True North Net Association,Social Club,Small,ai_seed_template_v1
2958,US,TN,Tennessee,Memphis Court Center,Public Park Club,Large,ai_seed_template_v1
2959,US,TN,Tennessee,Riverside Third Shot Pickleball Club,Public Park Club,Small,ai_seed_template_v1
2960,US,TN,Tennessee,Heritage Court Racquet & Paddle Club,Social Club,Tiny,ai_seed_template_v1
2961,US,TN,Tennessee,Home Court Pickleball Club,League Organization,Small,ai_seed_template_v1
2962,US,TN,Tennessee,Memphis Rally Center,Retirement Community Club,Small,ai_seed_template_v1
2963,US,TN,Tennessee,Music City Paddle Club,Retirement Community Club,Small,ai_seed_template_v1
2964,US,TN,Tennessee,Courtyard Pickleball Club,Public Park Club,Small,ai_seed_template_v1
2965,US,TN,Tennessee,Cornerstone Drop Shot Athletic Club,Indoor Facility Club,Medium,ai_seed_template_v1
2966,US,TN,Tennessee,Smoky Mountain Dink Academy,Retirement Community Club,Small,ai_seed_template_v1
2967,US,TN,Tennessee,Metro Center,Private Athletic Club,Tiny,ai_seed_template_v1
2968,US,TN,Tennessee,Volunteer Dink League,League Organization,Small,ai_seed_template_v1
2969,US,TN,Tennessee,Music City Court Association,Tournament Club,Small,ai_seed_template_v1
2970,US,TN,Tennessee,Southside Court Athletic Club,Social Club,Tiny,ai_seed_template_v1
2971,US,TN,Tennessee,Music City Paddle Racquet & Paddle Club,Social Club,Small,ai_seed_template_v1
2972,US,TN,Tennessee,Nashville Dink Academy,Tournament Club,Small,ai_seed_template_v1
2973,US,TN,Tennessee,Pacesetter Academy,Social Club,Medium,ai_seed_template_v1
2974,US,TN,Tennessee,Smoky Mountain Rally Society,Social Club,Small,ai_seed_template_v1
2975,US,TN,Tennessee,Music City Pickleball Rec Club,League Organization,Small,ai_seed_template_v1
2976,US,TN,Tennessee,Active Life Third Shot Collective,Retirement Community Club,Tiny,ai_seed_template_v1
2977,US,TN,Tennessee,Volunteer Paddle Racquet & Paddle Club,Public Park Club,Small,ai_seed_template_v1
2978,US,TN,Tennessee,Music City Pickleball Paddle Club,Tournament Club,Tiny,ai_seed_template_v1
2979,US,TN,Tennessee,Valley Court Community,Tournament Club,Tiny,ai_seed_template_v1
2980,US,TN,Tennessee,Highland Pickleball Community,Community Recreation Club,Medium,ai_seed_template_v1
2981,US,TN,Tennessee,Parkside Dink Club,Tournament Club,Mega,ai_seed_template_v1
2982,US,TX,Texas,Match Point Pickleball Club,Community Recreation Club,Small,ai_seed_template_v1
2983,US,TX,Texas,Fort Worth Drop Shot Center,Private Athletic Club,Large,ai_seed_template_v1
2984,US,TX,Texas,Ace Point Society,Competitive Training Club,Small,ai_seed_template_v1
2985,US,TX,Texas,Metro Dink Collective,Competitive Training Club,Tiny,ai_seed_template_v1
2986,US,TX,Texas,Austin Pickleball Crew,Social Club,Tiny,ai_seed_template_v1
2987,US,TX,Texas,Four Corners Pickleball Club,Private Athletic Club,Tiny,ai_seed_template_v1
2988,US,TX,Texas,All-Court Pickleball Club,Community Recreation Club,Small,ai_seed_template_v1
2989,US,TX,Texas,Houston Pickleball Association,Private Athletic Club,Small,ai_seed_template_v1
2990,US,TX,Texas,Heritage Academy,Tournament Club,Small,ai_seed_template_v1
2991,US,TX,Texas,Fort Worth Dink Community,Social Club,Small,ai_seed_template_v1
2992,US,TX,Texas,Alamo City Rally Pickleball Club,Tournament Club,Tiny,ai_seed_template_v1
2993,US,TX,Texas,Houston Dink Paddle Club,Community Recreation Club,Tiny,ai_seed_template_v1
2994,US,TX,Texas,Eastside Dink Academy,Tournament Club,Medium,ai_seed_template_v1
2995,US,TX,Texas,Next Point Athletic Club,Social Club,Medium,ai_seed_template_v1
2996,US,TX,Texas,Houston Paddle Academy,Social Club,Small,ai_seed_template_v1
2997,US,TX,Texas,Austin Pickleball Society,Retirement Community Club,Tiny,ai_seed_template_v1
2998,US,TX,Texas,Baseline Pickleball Club,Indoor Facility Club,Tiny,ai_seed_template_v1
2999,US,TX,Texas,Dallas Paddle Society,Community Recreation Club,Small,ai_seed_template_v1
3000,US,TX,Texas,Gulf Bend Rally Club,Indoor Facility Club,Tiny,ai_seed_template_v1
3001,US,TX,Texas,All-Court Dink Athletic Club,Retirement Community Club,Small,ai_seed_template_v1
3002,US,TX,Texas,Dallas Court Center,Retirement Community Club,Small,ai_seed_template_v1
3003,US,TX,Texas,Home Court Pickleball Club,Community Recreation Club,Small,ai_seed_template_v1
3004,US,TX,Texas,Gulf Bend Pickleball Community,Private Athletic Club,Medium,ai_seed_template_v1
3005,US,TX,Texas,Fort Worth Rally Racquet & Paddle Club,Indoor Facility Club,Tiny,ai_seed_template_v1
3006,US,TX,Texas,Central Pickleball Academy,Social Club,Small,ai_seed_template_v1
3007,US,TX,Texas,Cornerstone Pickleball Club,League Organization,Medium,ai_seed_template_v1
3008,US,TX,Texas,Cornerstone Center,Community Recreation Club,Tiny,ai_seed_template_v1
3009,US,TX,Texas,Alamo City Rally Association,Community Recreation Club,Large,ai_seed_template_v1
3010,US,TX,Texas,Valley Court Community,Indoor Facility Club,Tiny,ai_seed_template_v1
3011,US,TX,Texas,Riverside Paddle Club,Retirement Community Club,Tiny,ai_seed_template_v1
3012,US,TX,Texas,Valley Rally Rec Club,Social Club,Medium,ai_seed_template_v1
3013,US,TX,Texas,Hill Country Paddle Community,Tournament Club,Small,ai_seed_template_v1
3014,US,TX,Texas,Premier Racquet & Paddle Club,Public Park Club,Tiny,ai_seed_template_v1
3015,US,TX,Texas,Gulf Bend Pickleball League,Public Park Club,Medium,ai_seed_template_v1
3016,US,TX,Texas,Lone Star Paddle Rec Club,Tournament Club,Tiny,ai_seed_template_v1
3017,US,TX,Texas,Hill Country Dink Community,Social Club,Tiny,ai_seed_template_v1
3018,US,TX,Texas,Lone Star Athletic Club,Tournament Club,Tiny,ai_seed_template_v1
3019,US,TX,Texas,Alamo City Rally Community,Social Club,Small,ai_seed_template_v1
3020,US,TX,Texas,Pacesetter Pickleball Club,Retirement Community Club,Medium,ai_seed_template_v1
3021,US,TX,Texas,Houston Dink Rec Club,Tournament Club,Tiny,ai_seed_template_v1
3022,US,TX,Texas,Gulf Bend Side Out Crew,League Organization,Tiny,ai_seed_template_v1
3023,US,TX,Texas,Hill Country Pickleball Community,Indoor Facility Club,Tiny,ai_seed_template_v1
3024,US,TX,Texas,Hill Country Pickleball Society,Retirement Community Club,Small,ai_seed_template_v1
3025,US,TX,Texas,Austin Rally Club,Retirement Community Club,Small,ai_seed_template_v1
3026,US,TX,Texas,Cornerstone Paddle Crew,Tournament Club,Small,ai_seed_template_v1
3027,US,TX,Texas,Lone Star Pickleball League,Competitive Training Club,Tiny,ai_seed_template_v1
3028,US,TX,Texas,Dallas Rally Pickleball Club,Private Athletic Club,Large,ai_seed_template_v1
3029,US,TX,Texas,Community Collective,League Organization,Small,ai_seed_template_v1
3030,US,TX,Texas,Austin Court Community,Indoor Facility Club,Medium,ai_seed_template_v1
3031,US,TX,Texas,Four Corners Club,Tournament Club,Tiny,ai_seed_template_v1
3032,US,TX,Texas,Lone Star Rally Athletic Club,Retirement Community Club,Small,ai_seed_template_v1
3033,US,TX,Texas,Dallas Court Pickleball Club,League Organization,Small,ai_seed_template_v1
3034,US,TX,Texas,Gulf Bend Rally Athletic Club,Private Athletic Club,Large,ai_seed_template_v1
3035,US,TX,Texas,Open Play Racquet & Paddle Club,Social Club,Small,ai_seed_template_v1
3036,US,TX,Texas,Dallas Side Out Pickleball Club,Indoor Facility Club,Tiny,ai_seed_template_v1
3037,US,TX,Texas,Austin Dink Center,Indoor Facility Club,Small,ai_seed_template_v1
3038,US,TX,Texas,Gulf Bend Court Athletic Club,League Organization,Tiny,ai_seed_template_v1
3039,US,TX,Texas,All-Court Paddle Club,Community Recreation Club,Tiny,ai_seed_template_v1
3040,US,TX,Texas,Gulf Bend Pickleball Rec Club,League Organization,Medium,ai_seed_template_v1
3041,US,TX,Texas,Alamo City Pickleball Rec Club,Public Park Club,Tiny,ai_seed_template_v1
3042,US,TX,Texas,Courtyard Pickleball Club,Retirement Community Club,Medium,ai_seed_template_v1
3043,US,TX,Texas,Hill Country Pickleball League,Tournament Club,Small,ai_seed_template_v1
3044,US,TX,Texas,Lakeside Serve Center,Tournament Club,Medium,ai_seed_template_v1
3045,US,TX,Texas,Gulf Bend Paddle Center,Community Recreation Club,Small,ai_seed_template_v1
3046,US,TX,Texas,Match Point Serve Club,Indoor Facility Club,Small,ai_seed_template_v1
3047,US,TX,Texas,Golden Paddle Pickleball Club,Competitive Training Club,Small,ai_seed_template_v1
3048,US,TX,Texas,Baseline Side Out Association,Indoor Facility Club,Tiny,ai_seed_template_v1
3049,US,TX,Texas,Dallas Collective,Social Club,Medium,ai_seed_template_v1
3050,US,TX,Texas,Hill Country Dink League,Indoor Facility Club,Small,ai_seed_template_v1
3051,US,TX,Texas,Gulf Bend Dink Pickleball Club,Tournament Club,Tiny,ai_seed_template_v1
3052,US,TX,Texas,Active Life Pickleball Society,League Organization,Small,ai_seed_template_v1
3053,US,TX,Texas,Victory Pickleball Club,Public Park Club,Tiny,ai_seed_template_v1
3054,US,TX,Texas,Houston Dink Collective,Social Club,Tiny,ai_seed_template_v1
3055,US,TX,Texas,Hill Country Court Club,Tournament Club,Tiny,ai_seed_template_v1
3056,US,TX,Texas,Gulf Bend Third Shot Paddle Club,Community Recreation Club,Medium,ai_seed_template_v1
3057,US,TX,Texas,Classic Club,Private Athletic Club,Tiny,ai_seed_template_v1
3058,US,TX,Texas,Gulf Bend Dink Society,Tournament Club,Small,ai_seed_template_v1
3059,US,TX,Texas,Lone Star Community,Retirement Community Club,Medium,ai_seed_template_v1
3060,US,TX,Texas,Highland Court Community,Retirement Community Club,Tiny,ai_seed_template_v1
3061,US,TX,Texas,Fort Worth Paddle Pickleball Club,Community Recreation Club,Small,ai_seed_template_v1
3062,US,TX,Texas,Alamo City Center,Tournament Club,Medium,ai_seed_template_v1
3063,US,TX,Texas,Southside Drop Shot Pickleball Club,Private Athletic Club,Small,ai_seed_template_v1
3064,US,TX,Texas,Open Play Academy,Tournament Club,Medium,ai_seed_template_v1
3065,US,TX,Texas,Houston Association,Retirement Community Club,Small,ai_seed_template_v1
3066,US,TX,Texas,Fort Worth Pickleball Community,Community Recreation Club,Medium,ai_seed_template_v1
3067,US,TX,Texas,Fort Worth Dink Paddle Club,Community Recreation Club,Mega,ai_seed_template_v1
3068,US,TX,Texas,Dallas Rally Crew,Public Park Club,Small,ai_seed_template_v1
3069,US,TX,Texas,Eastside Court League,Competitive Training Club,Tiny,ai_seed_template_v1
3070,US,TX,Texas,Heritage Pickleball Club,Social Club,Tiny,ai_seed_template_v1
3071,US,TX,Texas,Houston Dink Academy,Indoor Facility Club,Small,ai_seed_template_v1
3072,US,TX,Texas,Riverside Club,League Organization,Tiny,ai_seed_template_v1
3073,US,TX,Texas,Gulf Bend Court Crew,Competitive Training Club,Medium,ai_seed_template_v1
3074,US,TX,Texas,Hill Country Dink Association,Private Athletic Club,Small,ai_seed_template_v1
3075,US,TX,Texas,Houston Paddle Racquet & Paddle Club,Public Park Club,Tiny,ai_seed_template_v1
3076,US,TX,Texas,Valley Pickleball Racquet & Paddle Club,Indoor Facility Club,Large,ai_seed_template_v1
3077,US,TX,Texas,Austin Paddle Club,Community Recreation Club,Tiny,ai_seed_template_v1
3078,US,TX,Texas,Gulf Bend Net Academy,Competitive Training Club,Medium,ai_seed_template_v1
3079,US,TX,Texas,Austin Paddle Association,Indoor Facility Club,Small,ai_seed_template_v1
3080,US,TX,Texas,Four Corners Side Out Athletic Club,Retirement Community Club,Tiny,ai_seed_template_v1
3081,US,TX,Texas,Match Point Club,Social Club,Tiny,ai_seed_template_v1
3082,US,TX,Texas,Houston Club,Public Park Club,Small,ai_seed_template_v1
3083,US,TX,Texas,Hill Country Crew,Retirement Community Club,Tiny,ai_seed_template_v1
3084,US,TX,Texas,Home Court Rally Crew,Private Athletic Club,Small,ai_seed_template_v1
3085,US,TX,Texas,Lone Star Society,League Organization,Small,ai_seed_template_v1
3086,US,TX,Texas,Premier Court Collective,Tournament Club,Tiny,ai_seed_template_v1
3087,US,TX,Texas,Southside Pickleball Community,Tournament Club,Tiny,ai_seed_template_v1
3088,US,TX,Texas,Fort Worth Court Rec Club,Public Park Club,Small,ai_seed_template_v1
3089,US,TX,Texas,Dallas Rally Society,Social Club,Small,ai_seed_template_v1
3090,US,TX,Texas,Lone Star Court Collective,Community Recreation Club,Tiny,ai_seed_template_v1
3091,US,TX,Texas,Alamo City Rally Crew,League Organization,Medium,ai_seed_template_v1
3092,US,TX,Texas,Houston Court Athletic Club,Competitive Training Club,Medium,ai_seed_template_v1
3093,US,TX,Texas,Gulf Bend Drop Shot Society,Competitive Training Club,Tiny,ai_seed_template_v1
3094,US,TX,Texas,Gulf Bend Paddle Society,Indoor Facility Club,Small,ai_seed_template_v1
3095,US,TX,Texas,Houston Center,Indoor Facility Club,Small,ai_seed_template_v1
3096,US,TX,Texas,Dallas Pickleball Club,Competitive Training Club,Small,ai_seed_template_v1
3097,US,TX,Texas,Ace Point Club,Retirement Community Club,Small,ai_seed_template_v1
3098,US,TX,Texas,Gulf Bend Paddle Community,Social Club,Tiny,ai_seed_template_v1
3099,US,TX,Texas,Metro Pickleball Community,Private Athletic Club,Tiny,ai_seed_template_v1
3100,US,TX,Texas,Lone Star Club,Social Club,Tiny,ai_seed_template_v1
3101,US,TX,Texas,Next Point Pickleball Club,Public Park Club,Medium,ai_seed_template_v1
3102,US,TX,Texas,Victory Paddle Association,League Organization,Tiny,ai_seed_template_v1
3103,US,TX,Texas,Dallas Rally Association,Competitive Training Club,Medium,ai_seed_template_v1
3104,US,TX,Texas,Parkside Court Academy,Indoor Facility Club,Tiny,ai_seed_template_v1
3105,US,TX,Texas,Cornerstone Drop Shot Society,Community Recreation Club,Tiny,ai_seed_template_v1
3106,US,TX,Texas,Austin Drop Shot Association,Tournament Club,Small,ai_seed_template_v1
3107,US,TX,Texas,True North Pickleball Club,Private Athletic Club,Small,ai_seed_template_v1
3108,US,TX,Texas,Lone Star Rally Collective,Public Park Club,Tiny,ai_seed_template_v1
3109,US,TX,Texas,Austin Court Club,Tournament Club,Tiny,ai_seed_template_v1
3110,US,TX,Texas,Lone Star Pickleball Paddle Club,Retirement Community Club,Tiny,ai_seed_template_v1
3111,US,TX,Texas,Hill Country Drop Shot Club,Public Park Club,Small,ai_seed_template_v1
3112,US,TX,Texas,Hill Country Rally Association,Indoor Facility Club,Small,ai_seed_template_v1
3113,US,TX,Texas,Hill Country Rally Rec Club,Tournament Club,Small,ai_seed_template_v1
3114,US,TX,Texas,Westside Rally Club,Retirement Community Club,Tiny,ai_seed_template_v1
3115,US,TX,Texas,Summit Athletic Club,Competitive Training Club,Tiny,ai_seed_template_v1
3116,US,TX,Texas,Active Life Pickleball Club,Competitive Training Club,Small,ai_seed_template_v1
3117,US,TX,Texas,Hill Country Paddle Pickleball Club,Indoor Facility Club,Small,ai_seed_template_v1
3118,US,TX,Texas,Alamo City Dink Pickleball Club,Community Recreation Club,Medium,ai_seed_template_v1
3119,US,TX,Texas,Hill Country Paddle Rec Club,Tournament Club,Small,ai_seed_template_v1
3120,US,TX,Texas,Central Association,Community Recreation Club,Small,ai_seed_template_v1
3121,US,TX,Texas,Fort Worth Dink Society,Retirement Community Club,Tiny,ai_seed_template_v1
3122,US,TX,Texas,Ace Point Racquet & Paddle Club,Tournament Club,Tiny,ai_seed_template_v1
3123,US,TX,Texas,Lone Star Paddle Club,League Organization,Tiny,ai_seed_template_v1
3124,US,TX,Texas,Austin Pickleball Collective,Private Athletic Club,Tiny,ai_seed_template_v1
3125,US,TX,Texas,Golden Paddle Net Paddle Club,Social Club,Small,ai_seed_template_v1
3126,US,TX,Texas,Fort Worth Paddle Academy,Indoor Facility Club,Tiny,ai_seed_template_v1
3127,US,TX,Texas,Lakeside Association,Community Recreation Club,Small,ai_seed_template_v1
3128,US,TX,Texas,Gulf Bend Dink Crew,Indoor Facility Club,Small,ai_seed_template_v1
3129,US,TX,Texas,Open Play Side Out Crew,Social Club,Tiny,ai_seed_template_v1
3130,US,TX,Texas,Riverside Rally Collective,Indoor Facility Club,Medium,ai_seed_template_v1
3131,US,TX,Texas,Gulf Bend Court Academy,Competitive Training Club,Tiny,ai_seed_template_v1
3132,US,TX,Texas,Houston Serve Crew,Competitive Training Club,Tiny,ai_seed_template_v1
3133,US,TX,Texas,Gulf Bend Dink Association,League Organization,Medium,ai_seed_template_v1
3134,US,TX,Texas,Westside Dink Pickleball Club,Private Athletic Club,Medium,ai_seed_template_v1
3135,US,TX,Texas,Austin Drop Shot Collective,Social Club,Tiny,ai_seed_template_v1
3136,US,TX,Texas,Open Play Side Out Association,Community Recreation Club,Medium,ai_seed_template_v1
3137,US,TX,Texas,Golden Paddle Association,Social Club,Large,ai_seed_template_v1
3138,US,TX,Texas,Ace Point League,Public Park Club,Tiny,ai_seed_template_v1
3139,US,TX,Texas,Austin Paddle Collective,Private Athletic Club,Medium,ai_seed_template_v1
3140,US,TX,Texas,Houston Paddle League,Indoor Facility Club,Small,ai_seed_template_v1
3141,US,TX,Texas,Gulf Bend Court Collective,Indoor Facility Club,Tiny,ai_seed_template_v1
3142,US,TX,Texas,Westside Court Racquet & Paddle Club,Competitive Training Club,Tiny,ai_seed_template_v1
3143,US,TX,Texas,Houston Pickleball Racquet & Paddle Club,Retirement Community Club,Tiny,ai_seed_template_v1
3144,US,TX,Texas,Ace Point Paddle Athletic Club,Tournament Club,Small,ai_seed_template_v1
3145,US,TX,Texas,Hill Country Serve Collective,League Organization,Tiny,ai_seed_template_v1
3146,US,TX,Texas,Heritage Court Association,League Organization,Tiny,ai_seed_template_v1
3147,US,TX,Texas,Golden Paddle Pickleball Racquet & Paddle Club,Competitive Training Club,Medium,ai_seed_template_v1
3148,US,TX,Texas,Dallas Club,Community Recreation Club,Tiny,ai_seed_template_v1
3149,US,TX,Texas,Alamo City Court Academy,Public Park Club,Small,ai_seed_template_v1
3150,US,TX,Texas,Lone Star Kitchen Community,Tournament Club,Tiny,ai_seed_template_v1
3151,US,TX,Texas,Gulf Bend Pickleball Crew,League Organization,Small,ai_seed_template_v1
3152,US,TX,Texas,Dallas Rally Community,League Organization,Tiny,ai_seed_template_v1
3153,US,TX,Texas,Lone Star Rally Society,Indoor Facility Club,Tiny,ai_seed_template_v1
3154,US,TX,Texas,Summit Community,Public Park Club,Small,ai_seed_template_v1
3155,US,TX,Texas,Southside Court Paddle Club,Retirement Community Club,Tiny,ai_seed_template_v1
3156,US,TX,Texas,Alamo City Court Society,Tournament Club,Small,ai_seed_template_v1
3157,US,TX,Texas,Parkside Court Club,Retirement Community Club,Tiny,ai_seed_template_v1
3158,US,TX,Texas,Hill Country Rally Crew,Social Club,Small,ai_seed_template_v1
3159,US,TX,Texas,Dallas Court Paddle Club,Private Athletic Club,Small,ai_seed_template_v1
3160,US,TX,Texas,Hill Country Rally Athletic Club,Tournament Club,Small,ai_seed_template_v1
3161,US,TX,Texas,Houston Paddle Society,Tournament Club,Medium,ai_seed_template_v1
3162,US,TX,Texas,Austin Pickleball Academy,Private Athletic Club,Small,ai_seed_template_v1
3163,US,TX,Texas,Gulf Bend Pickleball Paddle Club,Competitive Training Club,Small,ai_seed_template_v1
3164,US,TX,Texas,Central Court Crew,League Organization,Small,ai_seed_template_v1
3165,US,TX,Texas,Metro Pickleball Academy,Public Park Club,Small,ai_seed_template_v1
3166,US,TX,Texas,Lone Star Court Center,Private Athletic Club,Medium,ai_seed_template_v1
3167,US,TX,Texas,Ace Point Athletic Club,Private Athletic Club,Small,ai_seed_template_v1
3168,US,TX,Texas,Classic Dink League,Competitive Training Club,Tiny,ai_seed_template_v1
3169,US,TX,Texas,Dallas Paddle Club,Social Club,Tiny,ai_seed_template_v1
3170,US,TX,Texas,Hill Country Dink Crew,League Organization,Small,ai_seed_template_v1
3171,US,TX,Texas,Next Point Dink Association,Indoor Facility Club,Small,ai_seed_template_v1
3172,US,TX,Texas,Houston Paddle Club,Public Park Club,Tiny,ai_seed_template_v1
3173,US,TX,Texas,Gulf Bend Dink Racquet & Paddle Club,Tournament Club,Tiny,ai_seed_template_v1
3174,US,TX,Texas,Dallas Court Crew,Tournament Club,Small,ai_seed_template_v1
3175,US,TX,Texas,Eastside Dink Community,Social Club,Medium,ai_seed_template_v1
3176,US,TX,Texas,Gulf Bend Pickleball Society,Tournament Club,Tiny,ai_seed_template_v1
3177,US,TX,Texas,Civic Dink Association,League Organization,Small,ai_seed_template_v1
3178,US,TX,Texas,Baseline Kitchen Racquet & Paddle Club,Social Club,Tiny,ai_seed_template_v1
3179,US,TX,Texas,Lone Star Serve Rec Club,Tournament Club,Tiny,ai_seed_template_v1
3180,US,TX,Texas,Gulf Bend Club,Public Park Club,Tiny,ai_seed_template_v1
3181,US,TX,Texas,Austin Pickleball League,Public Park Club,Small,ai_seed_template_v1
3182,US,TX,Texas,Dallas Dink Society,Retirement Community Club,Tiny,ai_seed_template_v1
3183,US,TX,Texas,Ace Point Pickleball Club,Tournament Club,Small,ai_seed_template_v1
3184,US,TX,Texas,Lone Star Baseline Community,Private Athletic Club,Large,ai_seed_template_v1
3185,US,TX,Texas,Lone Star Drop Shot Rec Club,Competitive Training Club,Small,ai_seed_template_v1
3186,US,TX,Texas,Hill Country Dink Athletic Club,Private Athletic Club,Small,ai_seed_template_v1
3187,US,TX,Texas,Hill Country Court Association,Community Recreation Club,Large,ai_seed_template_v1
3188,US,TX,Texas,Houston Paddle Center,Public Park Club,Medium,ai_seed_template_v1
3189,US,TX,Texas,Hill Country Pickleball Crew,Tournament Club,Small,ai_seed_template_v1
3190,US,TX,Texas,Austin Academy,Competitive Training Club,Small,ai_seed_template_v1
3191,US,TX,Texas,Gulf Bend Serve Racquet & Paddle Club,Community Recreation Club,Small,ai_seed_template_v1
3192,US,TX,Texas,Hill Country Dink Center,Private Athletic Club,Small,ai_seed_template_v1
3193,US,TX,Texas,Heritage Court Society,Tournament Club,Small,ai_seed_template_v1
3194,US,TX,Texas,Gulf Bend Court Society,Tournament Club,Small,ai_seed_template_v1
3195,US,TX,Texas,Prime Time Pickleball Society,Private Athletic Club,Small,ai_seed_template_v1
3196,US,TX,Texas,Active Life Drop Shot Academy,League Organization,Small,ai_seed_template_v1
3197,US,TX,Texas,Gulf Bend Dink Paddle Club,Tournament Club,Medium,ai_seed_template_v1
3198,US,TX,Texas,Downtown Rally Academy,Public Park Club,Medium,ai_seed_template_v1
3199,US,TX,Texas,Highland Athletic Club,Indoor Facility Club,Small,ai_seed_template_v1
3200,US,TX,Texas,Downtown Court League,Tournament Club,Tiny,ai_seed_template_v1
3201,US,TX,Texas,Sunset Rally Club,Tournament Club,Small,ai_seed_template_v1
3202,US,TX,Texas,Austin Paddle Center,League Organization,Mega,ai_seed_template_v1
3203,US,TX,Texas,Lone Star Pickleball Association,Public Park Club,Small,ai_seed_template_v1
3204,US,TX,Texas,Lone Star Dink Pickleball Club,Public Park Club,Tiny,ai_seed_template_v1
3205,US,TX,Texas,Lone Star Rally Pickleball Club,Private Athletic Club,Tiny,ai_seed_template_v1
3206,US,TX,Texas,Heritage Court Collective,Public Park Club,Medium,ai_seed_template_v1
3207,US,TX,Texas,Premier Lob Collective,Competitive Training Club,Medium,ai_seed_template_v1
3208,US,TX,Texas,Fort Worth Baseline Rec Club,League Organization,Medium,ai_seed_template_v1
3209,US,TX,Texas,Houston Rally Society,Indoor Facility Club,Medium,ai_seed_template_v1
3210,US,TX,Texas,Gulf Bend Rally Center,Competitive Training Club,Small,ai_seed_template_v1
3211,US,TX,Texas,Hill Country Court Society,Tournament Club,Small,ai_seed_template_v1
3212,US,TX,Texas,Sunset Court Pickleball Club,Retirement Community Club,Small,ai_seed_template_v1
3213,US,TX,Texas,Pacesetter Lob Academy,Indoor Facility Club,Tiny,ai_seed_template_v1
3214,US,TX,Texas,True North Court Crew,Public Park Club,Medium,ai_seed_template_v1
3215,US,TX,Texas,Community Academy,Retirement Community Club,Medium,ai_seed_template_v1
3216,US,TX,Texas,Victory Racquet & Paddle Club,Retirement Community Club,Small,ai_seed_template_v1
3217,US,TX,Texas,Parkside Rally Academy,Public Park Club,Medium,ai_seed_template_v1
3218,US,TX,Texas,Classic Pickleball Club,Private Athletic Club,Small,ai_seed_template_v1
3219,US,TX,Texas,Golden Paddle Center,Private Athletic Club,Medium,ai_seed_template_v1
3220,US,TX,Texas,Lone Star Pickleball Center,Social Club,Medium,ai_seed_template_v1
3221,US,TX,Texas,Houston Lob Athletic Club,Retirement Community Club,Tiny,ai_seed_template_v1
3222,US,TX,Texas,Premier Rec Club,Tournament Club,Tiny,ai_seed_template_v1
3223,US,TX,Texas,Houston Crew,Private Athletic Club,Small,ai_seed_template_v1
3224,US,TX,Texas,Parkside League,Private Athletic Club,Small,ai_seed_template_v1
3225,US,TX,Texas,Austin Paddle Crew,Competitive Training Club,Small,ai_seed_template_v1
3226,US,TX,Texas,Austin Pickleball Club,Public Park Club,Small,ai_seed_template_v1
3227,US,TX,Texas,Alamo City Community,Competitive Training Club,Small,ai_seed_template_v1
3228,US,TX,Texas,Hill Country Collective,Community Recreation Club,Medium,ai_seed_template_v1
3229,US,TX,Texas,Alamo City Paddle Athletic Club,Public Park Club,Small,ai_seed_template_v1
3230,US,TX,Texas,Hill Country Pickleball Center,Social Club,Tiny,ai_seed_template_v1
3231,US,TX,Texas,Northside Rally Crew,Indoor Facility Club,Medium,ai_seed_template_v1
3232,US,TX,Texas,Gulf Bend Dink League,Public Park Club,Small,ai_seed_template_v1
3233,US,TX,Texas,Premier Pickleball Club,Public Park Club,Tiny,ai_seed_template_v1
3234,US,TX,Texas,Hill Country Net Rec Club,Competitive Training Club,Small,ai_seed_template_v1
3235,US,TX,Texas,Golden Paddle Athletic Club,Retirement Community Club,Small,ai_seed_template_v1
3236,US,TX,Texas,Lone Star Academy,Competitive Training Club,Tiny,ai_seed_template_v1
3237,US,TX,Texas,Dallas Net Community,Private Athletic Club,Medium,ai_seed_template_v1
3238,US,TX,Texas,Houston Community,Tournament Club,Tiny,ai_seed_template_v1
3239,US,TX,Texas,Gulf Bend Crew,Public Park Club,Medium,ai_seed_template_v1
3240,US,TX,Texas,Fort Worth Rally League,Public Park Club,Small,ai_seed_template_v1
3241,US,TX,Texas,Fort Worth Rally Association,Community Recreation Club,Tiny,ai_seed_template_v1
3242,US,TX,Texas,Lone Star Pickleball Academy,Private Athletic Club,Small,ai_seed_template_v1
3243,US,TX,Texas,Gulf Bend Baseline Center,League Organization,Small,ai_seed_template_v1
3244,US,TX,Texas,Northside Smash Racquet & Paddle Club,Competitive Training Club,Tiny,ai_seed_template_v1
3245,US,TX,Texas,Eastside Court Association,Retirement Community Club,Small,ai_seed_template_v1
3246,US,TX,Texas,Dallas Serve Community,Private Athletic Club,Small,ai_seed_template_v1
3247,US,TX,Texas,Classic Collective,Public Park Club,Small,ai_seed_template_v1
3248,US,TX,Texas,Gulf Bend Rally Rec Club,Competitive Training Club,Small,ai_seed_template_v1
3249,US,TX,Texas,Dallas Court Society,Tournament Club,Medium,ai_seed_template_v1
3250,US,TX,Texas,Westside Third Shot Association,Tournament Club,Tiny,ai_seed_template_v1
3251,US,TX,Texas,Four Corners Court Community,Tournament Club,Small,ai_seed_template_v1
3252,US,TX,Texas,Alamo City Baseline Collective,Tournament Club,Small,ai_seed_template_v1
3253,US,TX,Texas,Lone Star Crew,Competitive Training Club,Tiny,ai_seed_template_v1
3254,US,TX,Texas,Fort Worth Dink Center,Retirement Community Club,Small,ai_seed_template_v1
3255,US,TX,Texas,Pioneer Paddle Club,Private Athletic Club,Tiny,ai_seed_template_v1
3256,US,TX,Texas,Open Play Pickleball Club,Competitive Training Club,Tiny,ai_seed_template_v1
3257,US,TX,Texas,Courtyard Net Paddle Club,Indoor Facility Club,Small,ai_seed_template_v1
3258,US,TX,Texas,Austin Society,Retirement Community Club,Small,ai_seed_template_v1
3259,US,TX,Texas,Sunset Dink Society,Retirement Community Club,Small,ai_seed_template_v1
3260,US,TX,Texas,Gulf Bend Paddle Racquet & Paddle Club,Tournament Club,Tiny,ai_seed_template_v1
3261,US,TX,Texas,Dallas Court League,Tournament Club,Tiny,ai_seed_template_v1
3262,US,TX,Texas,Houston Rally Pickleball Club,Private Athletic Club,Tiny,ai_seed_template_v1
3263,US,TX,Texas,Houston Court Crew,Indoor Facility Club,Medium,ai_seed_template_v1
3264,US,TX,Texas,Lakeside Pickleball Academy,Tournament Club,Small,ai_seed_template_v1
3265,US,TX,Texas,Dallas Rec Club,League Organization,Tiny,ai_seed_template_v1
3266,US,TX,Texas,Southside Paddle Pickleball Club,Public Park Club,Small,ai_seed_template_v1
3267,US,TX,Texas,Cornerstone Kitchen Club,Tournament Club,Small,ai_seed_template_v1
3268,US,TX,Texas,Austin Court Center,Tournament Club,Small,ai_seed_template_v1
3269,US,TX,Texas,Courtyard Paddle Club,Social Club,Tiny,ai_seed_template_v1
3270,US,TX,Texas,Austin Center,Competitive Training Club,Small,ai_seed_template_v1
3271,US,TX,Texas,Hill Country Paddle Society,Retirement Community Club,Small,ai_seed_template_v1
3272,US,TX,Texas,Parkside Racquet & Paddle Club,Indoor Facility Club,Tiny,ai_seed_template_v1
3273,US,TX,Texas,Home Court Side Out Crew,Tournament Club,Small,ai_seed_template_v1
3274,US,TX,Texas,Dallas Academy,Community Recreation Club,Medium,ai_seed_template_v1
3275,US,TX,Texas,Lone Star Net Academy,Community Recreation Club,Small,ai_seed_template_v1
3276,US,TX,Texas,Eastside Pickleball Society,Indoor Facility Club,Medium,ai_seed_template_v1
3277,US,TX,Texas,Classic Racquet & Paddle Club,Public Park Club,Small,ai_seed_template_v1
3278,US,TX,Texas,Houston Court Academy,Retirement Community Club,Small,ai_seed_template_v1
3279,US,TX,Texas,Riverside Court Paddle Club,Community Recreation Club,Medium,ai_seed_template_v1
3280,US,TX,Texas,All-Court Drop Shot Pickleball Club,League Organization,Medium,ai_seed_template_v1
3281,US,TX,Texas,Community Pickleball Racquet & Paddle Club,League Organization,Medium,ai_seed_template_v1
3282,US,TX,Texas,Pacesetter Side Out Center,Community Recreation Club,Mega,ai_seed_template_v1
3283,US,TX,Texas,Gulf Bend Court Club,Indoor Facility Club,Small,ai_seed_template_v1
3284,US,TX,Texas,Match Point Collective,League Organization,Tiny,ai_seed_template_v1
3285,US,TX,Texas,Lone Star Paddle Collective,Indoor Facility Club,Small,ai_seed_template_v1
3286,US,TX,Texas,Pacesetter Paddle Club,League Organization,Small,ai_seed_template_v1
3287,US,TX,Texas,Austin Paddle League,Retirement Community Club,Medium,ai_seed_template_v1
3288,US,TX,Texas,Lakeside Dink Center,Tournament Club,Small,ai_seed_template_v1
3289,US,TX,Texas,Premier Serve Community,Competitive Training Club,Tiny,ai_seed_template_v1
3290,US,TX,Texas,Houston Court Rec Club,Retirement Community Club,Tiny,ai_seed_template_v1
3291,US,TX,Texas,Dallas Dink Rec Club,League Organization,Tiny,ai_seed_template_v1
3292,US,TX,Texas,Victory Baseline Academy,Public Park Club,Tiny,ai_seed_template_v1
3293,US,TX,Texas,Community Rec Club,Social Club,Small,ai_seed_template_v1
3294,US,TX,Texas,Southside Dink Rec Club,Community Recreation Club,Small,ai_seed_template_v1
3295,US,TX,Texas,Houston Rally Community,Retirement Community Club,Small,ai_seed_template_v1
3296,US,TX,Texas,Prime Time Club,Private Athletic Club,Tiny,ai_seed_template_v1
3297,US,TX,Texas,Lone Star Dink Racquet & Paddle Club,Community Recreation Club,Medium,ai_seed_template_v1
3298,US,TX,Texas,Prime Time Pickleball Club,Competitive Training Club,Small,ai_seed_template_v1
3299,US,TX,Texas,Central Paddle Association,Indoor Facility Club,Small,ai_seed_template_v1
3300,US,TX,Texas,Hill Country Pickleball Racquet & Paddle Club,Public Park Club,Medium,ai_seed_template_v1
3301,US,TX,Texas,All-Court Community,Public Park Club,Small,ai_seed_template_v1
3302,US,TX,Texas,Dallas Pickleball Society,Competitive Training Club,Small,ai_seed_template_v1
3303,US,TX,Texas,Dallas Rally Collective,Community Recreation Club,Small,ai_seed_template_v1
3304,US,TX,Texas,Houston Dink Club,League Organization,Tiny,ai_seed_template_v1
3305,US,TX,Texas,Austin Court Paddle Club,League Organization,Small,ai_seed_template_v1
3306,US,TX,Texas,Heritage Drop Shot Racquet & Paddle Club,Tournament Club,Medium,ai_seed_template_v1
3307,US,TX,Texas,Downtown Drop Shot Community,Retirement Community Club,Medium,ai_seed_template_v1
3308,US,TX,Texas,Gulf Bend Rally Crew,Community Recreation Club,Small,ai_seed_template_v1
3309,US,TX,Texas,Houston Court League,Tournament Club,Medium,ai_seed_template_v1
3310,US,TX,Texas,Parkside Court Association,Social Club,Tiny,ai_seed_template_v1
3311,US,TX,Texas,Dallas Paddle Academy,Community Recreation Club,Small,ai_seed_template_v1
3312,US,TX,Texas,Houston Pickleball Paddle Club,Competitive Training Club,Large,ai_seed_template_v1
3313,US,TX,Texas,Gulf Bend Drop Shot Academy,Competitive Training Club,Medium,ai_seed_template_v1
3314,US,TX,Texas,Gulf Bend Pickleball Racquet & Paddle Club,Social Club,Tiny,ai_seed_template_v1
3315,US,TX,Texas,Valley Dink Athletic Club,Community Recreation Club,Small,ai_seed_template_v1
3316,US,TX,Texas,Active Life Center,Public Park Club,Tiny,ai_seed_template_v1
3317,US,UT,Utah,Riverside Dink Crew,Private Athletic Club,Medium,ai_seed_template_v1
3318,US,UT,Utah,Highland Dink Athletic Club,Retirement Community Club,Small,ai_seed_template_v1
3319,US,UT,Utah,Salt Lake Court Rec Club,Public Park Club,Small,ai_seed_template_v1
3320,US,UT,Utah,Moab Collective,Public Park Club,Medium,ai_seed_template_v1
3321,US,UT,Utah,Westside Dink Academy,League Organization,Tiny,ai_seed_template_v1
3322,US,UT,Utah,Lakeside Court Athletic Club,League Organization,Tiny,ai_seed_template_v1
3323,US,UT,Utah,Civic Dink Crew,Social Club,Tiny,ai_seed_template_v1
3324,US,UT,Utah,Beehive Pickleball Association,Indoor Facility Club,Tiny,ai_seed_template_v1
3325,US,UT,Utah,Community Pickleball Club,Indoor Facility Club,Small,ai_seed_template_v1
3326,US,UT,Utah,Salt Lake League,Private Athletic Club,Tiny,ai_seed_template_v1
3327,US,UT,Utah,Red Rock Paddle Center,Retirement Community Club,Medium,ai_seed_template_v1
3328,US,UT,Utah,Highland Paddle Racquet & Paddle Club,Social Club,Medium,ai_seed_template_v1
3329,US,UT,Utah,Red Rock Dink Society,Social Club,Small,ai_seed_template_v1
3330,US,UT,Utah,Moab Paddle Academy,Social Club,Tiny,ai_seed_template_v1
3331,US,UT,Utah,Beehive Pickleball Community,Competitive Training Club,Medium,ai_seed_template_v1
3332,US,UT,Utah,Salt Lake Paddle Crew,Social Club,Medium,ai_seed_template_v1
3333,US,UT,Utah,Metro Paddle Athletic Club,Indoor Facility Club,Small,ai_seed_template_v1
3334,US,UT,Utah,Beehive Paddle Community,Social Club,Small,ai_seed_template_v1
3335,US,UT,Utah,Beehive Pickleball Center,Competitive Training Club,Tiny,ai_seed_template_v1
3336,US,UT,Utah,Red Rock Baseline Collective,Public Park Club,Medium,ai_seed_template_v1
3337,US,UT,Utah,Wasatch Drop Shot Racquet & Paddle Club,Indoor Facility Club,Small,ai_seed_template_v1
3338,US,UT,Utah,Next Point Collective,League Organization,Tiny,ai_seed_template_v1
3339,US,UT,Utah,Parkside Rally Pickleball Club,Retirement Community Club,Tiny,ai_seed_template_v1
3340,US,UT,Utah,Salt Lake Dink Pickleball Club,Indoor Facility Club,Large,ai_seed_template_v1
3341,US,UT,Utah,Wasatch Paddle Club,Public Park Club,Medium,ai_seed_template_v1
3342,US,UT,Utah,True North Club,League Organization,Medium,ai_seed_template_v1
3343,US,UT,Utah,Moab Court Athletic Club,Indoor Facility Club,Medium,ai_seed_template_v1
3344,US,UT,Utah,Northside Court League,Retirement Community Club,Small,ai_seed_template_v1
3345,US,UT,Utah,Open Play Society,Competitive Training Club,Small,ai_seed_template_v1
3346,US,UT,Utah,Wasatch Court Pickleball Club,Social Club,Small,ai_seed_template_v1
3347,US,UT,Utah,Red Rock Dink Paddle Club,Indoor Facility Club,Small,ai_seed_template_v1
3348,US,UT,Utah,Heritage Paddle Rec Club,League Organization,Small,ai_seed_template_v1
3349,US,UT,Utah,Downtown Academy,Competitive Training Club,Small,ai_seed_template_v1
3350,US,UT,Utah,Four Corners Pickleball Club,Private Athletic Club,Small,ai_seed_template_v1
3351,US,UT,Utah,Metro Pickleball Community,Tournament Club,Small,ai_seed_template_v1
3352,US,UT,Utah,Northside Club,Retirement Community Club,Medium,ai_seed_template_v1
3353,US,VT,Vermont,Courtyard Community,Social Club,Medium,ai_seed_template_v1
3354,US,VT,Vermont,Vermont Paddle League,Tournament Club,Tiny,ai_seed_template_v1
3355,US,VT,Vermont,Maple Valley Side Out Community,Retirement Community Club,Tiny,ai_seed_template_v1
3356,US,VT,Vermont,Green Mountain Pickleball Rec Club,Tournament Club,Small,ai_seed_template_v1
3357,US,VT,Vermont,Maple Valley Dink Academy,Competitive Training Club,Medium,ai_seed_template_v1
3358,US,VA,Virginia,Civic League,Retirement Community Club,Medium,ai_seed_template_v1
3359,US,VA,Virginia,Blue Ridge Court Association,League Organization,Tiny,ai_seed_template_v1
3360,US,VA,Virginia,Heritage Crew,League Organization,Tiny,ai_seed_template_v1
3361,US,VA,Virginia,Heritage Baseline Academy,Community Recreation Club,Small,ai_seed_template_v1
3362,US,VA,Virginia,Richmond Drop Shot Athletic Club,Tournament Club,Tiny,ai_seed_template_v1
3363,US,VA,Virginia,Northside Rally Academy,League Organization,Medium,ai_seed_template_v1
3364,US,VA,Virginia,Heritage Pickleball Club,Private Athletic Club,Tiny,ai_seed_template_v1
3365,US,VA,Virginia,Old Dominion Court Collective,Community Recreation Club,Small,ai_seed_template_v1
3366,US,VA,Virginia,Old Dominion Court Club,Community Recreation Club,Medium,ai_seed_template_v1
3367,US,VA,Virginia,Community Kitchen Association,Competitive Training Club,Medium,ai_seed_template_v1
3368,US,VA,Virginia,Shenandoah Pickleball Paddle Club,Public Park Club,Medium,ai_seed_template_v1
3369,US,VA,Virginia,Old Dominion Rally League,Private Athletic Club,Small,ai_seed_template_v1
3370,US,VA,Virginia,Old Dominion Community,Retirement Community Club,Tiny,ai_seed_template_v1
3371,US,VA,Virginia,Richmond Collective,League Organization,Tiny,ai_seed_template_v1
3372,US,VA,Virginia,Richmond Paddle Club,Tournament Club,Tiny,ai_seed_template_v1
3373,US,VA,Virginia,Old Dominion Rally Rec Club,Tournament Club,Tiny,ai_seed_template_v1
3374,US,VA,Virginia,Richmond Pickleball Society,Competitive Training Club,Tiny,ai_seed_template_v1
3375,US,VA,Virginia,Four Corners Pickleball Club,Community Recreation Club,Tiny,ai_seed_template_v1
3376,US,VA,Virginia,Valley Dink Association,Competitive Training Club,Small,ai_seed_template_v1
3377,US,VA,Virginia,Southside Dink Society,Indoor Facility Club,Small,ai_seed_template_v1
3378,US,VA,Virginia,Ace Point Baseline Racquet & Paddle Club,Private Athletic Club,Small,ai_seed_template_v1
3379,US,VA,Virginia,Old Dominion Dink Academy,Tournament Club,Medium,ai_seed_template_v1
3380,US,VA,Virginia,Old Dominion Rally Athletic Club,Indoor Facility Club,Tiny,ai_seed_template_v1
3381,US,VA,Virginia,Uptown Pickleball Club,Competitive Training Club,Small,ai_seed_template_v1
3382,US,VA,Virginia,Northside Rally Club,Retirement Community Club,Tiny,ai_seed_template_v1
3383,US,VA,Virginia,Downtown Court Association,Social Club,Tiny,ai_seed_template_v1
3384,US,VA,Virginia,Home Court Club,Tournament Club,Tiny,ai_seed_template_v1
3385,US,VA,Virginia,Blue Ridge Court Athletic Club,Social Club,Medium,ai_seed_template_v1
3386,US,VA,Virginia,Prime Time Pickleball Community,Public Park Club,Tiny,ai_seed_template_v1
3387,US,VA,Virginia,Metro Dink Association,Public Park Club,Medium,ai_seed_template_v1
3388,US,VA,Virginia,Four Corners Association,Public Park Club,Small,ai_seed_template_v1
3389,US,VA,Virginia,Richmond Dink Community,League Organization,Tiny,ai_seed_template_v1
3390,US,VA,Virginia,Ace Point Pickleball Club,Tournament Club,Tiny,ai_seed_template_v1
3391,US,VA,Virginia,Richmond Dink Club,League Organization,Small,ai_seed_template_v1
3392,US,VA,Virginia,Blue Ridge Paddle Academy,Tournament Club,Small,ai_seed_template_v1
3393,US,VA,Virginia,Community Pickleball Club,Retirement Community Club,Tiny,ai_seed_template_v1
3394,US,VA,Virginia,All-Court Net Pickleball Club,Public Park Club,Medium,ai_seed_template_v1
3395,US,VA,Virginia,Premier Society,Social Club,Medium,ai_seed_template_v1
3396,US,VA,Virginia,Baseline Pickleball Club,Public Park Club,Tiny,ai_seed_template_v1
3397,US,VA,Virginia,Richmond Court Athletic Club,League Organization,Small,ai_seed_template_v1
3398,US,VA,Virginia,Open Play Pickleball Club,Community Recreation Club,Tiny,ai_seed_template_v1
3399,US,VA,Virginia,Central Paddle Collective,Private Athletic Club,Small,ai_seed_template_v1
3400,US,VA,Virginia,Old Dominion Pickleball Society,Public Park Club,Medium,ai_seed_template_v1
3401,US,VA,Virginia,Blue Ridge Paddle Pickleball Club,Public Park Club,Medium,ai_seed_template_v1
3402,US,VA,Virginia,Shenandoah Court Academy,Indoor Facility Club,Medium,ai_seed_template_v1
3403,US,VA,Virginia,Old Dominion Pickleball Collective,League Organization,Tiny,ai_seed_template_v1
3404,US,VA,Virginia,Shenandoah Court Crew,Competitive Training Club,Small,ai_seed_template_v1
3405,US,VA,Virginia,Civic Court Pickleball Club,Public Park Club,Small,ai_seed_template_v1
3406,US,VA,Virginia,Richmond Paddle Academy,Competitive Training Club,Small,ai_seed_template_v1
3407,US,VA,Virginia,Shenandoah Crew,Retirement Community Club,Small,ai_seed_template_v1
3408,US,VA,Virginia,Prime Time Pickleball Club,Private Athletic Club,Medium,ai_seed_template_v1
3409,US,VA,Virginia,Home Court Academy,Community Recreation Club,Large,ai_seed_template_v1
3410,US,VA,Virginia,Richmond Dink Society,Social Club,Tiny,ai_seed_template_v1
3411,US,VA,Virginia,Old Dominion Paddle Club,Indoor Facility Club,Tiny,ai_seed_template_v1
3412,US,VA,Virginia,Tidewater Dink League,Social Club,Small,ai_seed_template_v1
3413,US,VA,Virginia,Old Dominion Pickleball Club,League Organization,Small,ai_seed_template_v1
3414,US,VA,Virginia,Central Pickleball League,Public Park Club,Tiny,ai_seed_template_v1
3415,US,VA,Virginia,All-Court Third Shot Pickleball Club,Competitive Training Club,Tiny,ai_seed_template_v1
3416,US,VA,Virginia,Golden Paddle Rec Club,Private Athletic Club,Small,ai_seed_template_v1
3417,US,VA,Virginia,Old Dominion Pickleball Athletic Club,Competitive Training Club,Tiny,ai_seed_template_v1
3418,US,VA,Virginia,Richmond Rally Club,Retirement Community Club,Small,ai_seed_template_v1
3419,US,VA,Virginia,Shenandoah Society,League Organization,Tiny,ai_seed_template_v1
3420,US,VA,Virginia,Baseline Smash Collective,Indoor Facility Club,Tiny,ai_seed_template_v1
3421,US,VA,Virginia,Cornerstone Side Out Community,Social Club,Tiny,ai_seed_template_v1
3422,US,VA,Virginia,Next Point Pickleball Club,Community Recreation Club,Tiny,ai_seed_template_v1
3423,US,VA,Virginia,Shenandoah Paddle Crew,Private Athletic Club,Medium,ai_seed_template_v1
3424,US,VA,Virginia,Blue Ridge Paddle Collective,Social Club,Tiny,ai_seed_template_v1
3425,US,VA,Virginia,Cornerstone Pickleball Association,Indoor Facility Club,Tiny,ai_seed_template_v1
3426,US,VA,Virginia,Ace Point Center,Competitive Training Club,Small,ai_seed_template_v1
3427,US,VA,Virginia,Shenandoah Paddle Athletic Club,League Organization,Tiny,ai_seed_template_v1
3428,US,VA,Virginia,Southside Paddle Academy,Social Club,Small,ai_seed_template_v1
3429,US,VA,Virginia,Victory Rec Club,Community Recreation Club,Medium,ai_seed_template_v1
3430,US,VA,Virginia,Blue Ridge Dink Collective,Competitive Training Club,Small,ai_seed_template_v1
3431,US,VA,Virginia,Tidewater Dink Society,League Organization,Small,ai_seed_template_v1
3432,US,VA,Virginia,Blue Ridge Pickleball Racquet & Paddle Club,Indoor Facility Club,Small,ai_seed_template_v1
3433,US,VA,Virginia,Pacesetter Pickleball Club,Private Athletic Club,Large,ai_seed_template_v1
3434,US,VA,Virginia,Shenandoah Kitchen Athletic Club,Social Club,Small,ai_seed_template_v1
3435,US,VA,Virginia,Riverside Rally Racquet & Paddle Club,Retirement Community Club,Small,ai_seed_template_v1
3436,US,VA,Virginia,Richmond Paddle Community,Retirement Community Club,Medium,ai_seed_template_v1
3437,US,VA,Virginia,Tidewater Rally Association,Social Club,Large,ai_seed_template_v1
3438,US,VA,Virginia,Prime Time Collective,Social Club,Tiny,ai_seed_template_v1
3439,US,VA,Virginia,Richmond Pickleball Crew,League Organization,Tiny,ai_seed_template_v1
3440,US,VA,Virginia,Pioneer Court Crew,Public Park Club,Medium,ai_seed_template_v1
3441,US,WA,Washington,Spokane Paddle Racquet & Paddle Club,Competitive Training Club,Medium,ai_seed_template_v1
3442,US,WA,Washington,Spokane Dink Pickleball Club,Public Park Club,Tiny,ai_seed_template_v1
3443,US,WA,Washington,Sunset Pickleball Community,Indoor Facility Club,Tiny,ai_seed_template_v1
3444,US,WA,Washington,Olympic Paddle Athletic Club,Public Park Club,Tiny,ai_seed_template_v1
3445,US,WA,Washington,Seattle Paddle Athletic Club,Community Recreation Club,Tiny,ai_seed_template_v1
3446,US,WA,Washington,True North Athletic Club,Community Recreation Club,Small,ai_seed_template_v1
3447,US,WA,Washington,Spokane Pickleball Club,Social Club,Medium,ai_seed_template_v1
3448,US,WA,Washington,Cascade Paddle League,Retirement Community Club,Small,ai_seed_template_v1
3449,US,WA,Washington,Heritage Pickleball Club,Public Park Club,Small,ai_seed_template_v1
3450,US,WA,Washington,Evergreen Dink Rec Club,Social Club,Small,ai_seed_template_v1
3451,US,WA,Washington,Spokane Dink Center,Private Athletic Club,Medium,ai_seed_template_v1
3452,US,WA,Washington,Olympic Society,League Organization,Small,ai_seed_template_v1
3453,US,WA,Washington,Pioneer Dink Athletic Club,Social Club,Small,ai_seed_template_v1
3454,US,WA,Washington,Puget Sound Pickleball Society,League Organization,Medium,ai_seed_template_v1
3455,US,WA,Washington,Sunset Paddle Society,Public Park Club,Small,ai_seed_template_v1
3456,US,WA,Washington,Spokane Pickleball Community,Retirement Community Club,Medium,ai_seed_template_v1
3457,US,WA,Washington,Open Play Club,Retirement Community Club,Tiny,ai_seed_template_v1
3458,US,WA,Washington,Next Point Pickleball Club,Retirement Community Club,Small,ai_seed_template_v1
3459,US,WA,Washington,Riverside Dink Center,Social Club,Medium,ai_seed_template_v1
3460,US,WA,Washington,Valley Court Club,Public Park Club,Medium,ai_seed_template_v1
3461,US,WA,Washington,Puget Sound Rally Crew,Tournament Club,Medium,ai_seed_template_v1
3462,US,WA,Washington,Prime Time Court Association,Indoor Facility Club,Tiny,ai_seed_template_v1
3463,US,WA,Washington,Open Play Kitchen Rec Club,Tournament Club,Medium,ai_seed_template_v1
3464,US,WA,Washington,Open Play Drop Shot League,Private Athletic Club,Large,ai_seed_template_v1
3465,US,WA,Washington,Eastside Rally Community,Private Athletic Club,Medium,ai_seed_template_v1
3466,US,WA,Washington,Match Point Pickleball Club,Private Athletic Club,Medium,ai_seed_template_v1
3467,US,WA,Washington,Highland Paddle Athletic Club,Competitive Training Club,Small,ai_seed_template_v1
3468,US,WA,Washington,Seattle Rally Collective,League Organization,Tiny,ai_seed_template_v1
3469,US,WA,Washington,Southside Rally League,Community Recreation Club,Tiny,ai_seed_template_v1
3470,US,WA,Washington,Prime Time Court Club,Public Park Club,Tiny,ai_seed_template_v1
3471,US,WA,Washington,Pioneer Pickleball Rec Club,Social Club,Medium,ai_seed_template_v1
3472,US,WA,Washington,Spokane Court Athletic Club,Competitive Training Club,Medium,ai_seed_template_v1
3473,US,WA,Washington,All-Court Net Pickleball Club,Public Park Club,Medium,ai_seed_template_v1
3474,US,WA,Washington,Spokane Rally Collective,Competitive Training Club,Large,ai_seed_template_v1
3475,US,WA,Washington,Southside Court Center,Retirement Community Club,Medium,ai_seed_template_v1
3476,US,WA,Washington,Cornerstone Center,Social Club,Medium,ai_seed_template_v1
3477,US,WA,Washington,Spokane Dink Society,Community Recreation Club,Large,ai_seed_template_v1
3478,US,WA,Washington,Cascade Rally Association,Public Park Club,Small,ai_seed_template_v1
3479,US,WA,Washington,Pacesetter Side Out League,Community Recreation Club,Small,ai_seed_template_v1
3480,US,WA,Washington,Spokane Dink Racquet & Paddle Club,Tournament Club,Tiny,ai_seed_template_v1
3481,US,WA,Washington,Spokane Pickleball Racquet & Paddle Club,Public Park Club,Tiny,ai_seed_template_v1
3482,US,WA,Washington,Eastside Rally Racquet & Paddle Club,Indoor Facility Club,Tiny,ai_seed_template_v1
3483,US,WA,Washington,Seattle Paddle Club,Indoor Facility Club,Tiny,ai_seed_template_v1
3484,US,WA,Washington,Olympic Baseline Collective,Indoor Facility Club,Medium,ai_seed_template_v1
3485,US,WA,Washington,Spokane Paddle Club,Retirement Community Club,Tiny,ai_seed_template_v1
3486,US,WA,Washington,Olympic Paddle Rec Club,Public Park Club,Tiny,ai_seed_template_v1
3487,US,WA,Washington,Seattle Pickleball Paddle Club,Indoor Facility Club,Mega,ai_seed_template_v1
3488,US,WA,Washington,Home Court Club,Private Athletic Club,Tiny,ai_seed_template_v1
3489,US,WA,Washington,Puget Sound Dink Paddle Club,Private Athletic Club,Medium,ai_seed_template_v1
3490,US,WA,Washington,Premier Net Athletic Club,Private Athletic Club,Tiny,ai_seed_template_v1
3491,US,WA,Washington,Evergreen Paddle Rec Club,League Organization,Medium,ai_seed_template_v1
3492,US,WA,Washington,Puget Sound Pickleball Racquet & Paddle Club,Retirement Community Club,Medium,ai_seed_template_v1
3493,US,WA,Washington,Puget Sound Pickleball Academy,Community Recreation Club,Tiny,ai_seed_template_v1
3494,US,WA,Washington,Puget Sound Paddle Crew,Competitive Training Club,Tiny,ai_seed_template_v1
3495,US,WA,Washington,Spokane Athletic Club,Public Park Club,Medium,ai_seed_template_v1
3496,US,WA,Washington,Open Play Paddle Athletic Club,Tournament Club,Tiny,ai_seed_template_v1
3497,US,WA,Washington,Seattle Paddle Academy,Public Park Club,Medium,ai_seed_template_v1
3498,US,WA,Washington,Spokane Paddle League,Community Recreation Club,Medium,ai_seed_template_v1
3499,US,WA,Washington,Puget Sound Court Crew,Social Club,Medium,ai_seed_template_v1
3500,US,WA,Washington,Highland Dink Association,Public Park Club,Tiny,ai_seed_template_v1
3501,US,WA,Washington,Valley Court Athletic Club,League Organization,Tiny,ai_seed_template_v1
3502,US,WA,Washington,Cascade Third Shot Center,Public Park Club,Small,ai_seed_template_v1
3503,US,WA,Washington,Seattle Paddle Racquet & Paddle Club,Retirement Community Club,Medium,ai_seed_template_v1
3504,US,WA,Washington,Cascade Pickleball Collective,Retirement Community Club,Tiny,ai_seed_template_v1
3505,US,WA,Washington,Cascade Rally Racquet & Paddle Club,Social Club,Medium,ai_seed_template_v1
3506,US,WA,Washington,Premier Athletic Club,Tournament Club,Tiny,ai_seed_template_v1
3507,US,WA,Washington,Evergreen Pickleball Community,Community Recreation Club,Small,ai_seed_template_v1
3508,US,WA,Washington,Prime Time Racquet & Paddle Club,Private Athletic Club,Small,ai_seed_template_v1
3509,US,WA,Washington,Baseline Racquet & Paddle Club,Social Club,Small,ai_seed_template_v1
3510,US,WA,Washington,Evergreen Paddle Center,Indoor Facility Club,Tiny,ai_seed_template_v1
3511,US,WA,Washington,Seattle Dink Rec Club,League Organization,Small,ai_seed_template_v1
3512,US,WA,Washington,Cornerstone Pickleball Club,Retirement Community Club,Tiny,ai_seed_template_v1
3513,US,WA,Washington,Golden Paddle Pickleball Club,Public Park Club,Small,ai_seed_template_v1
3514,US,WA,Washington,Olympic Dink Academy,Public Park Club,Medium,ai_seed_template_v1
3515,US,WV,West Virginia,New River Dink Paddle Club,Community Recreation Club,Tiny,ai_seed_template_v1
3516,US,WV,West Virginia,Morgantown Baseline Academy,Social Club,Medium,ai_seed_template_v1
3517,US,WV,West Virginia,Summit Drop Shot Crew,Retirement Community Club,Small,ai_seed_template_v1
3518,US,WV,West Virginia,Heritage Paddle Society,Social Club,Small,ai_seed_template_v1
3519,US,WV,West Virginia,Summit Pickleball Club,Social Club,Medium,ai_seed_template_v1
3520,US,WV,West Virginia,Southside Dink Academy,Private Athletic Club,Tiny,ai_seed_template_v1
3521,US,WV,West Virginia,Four Corners Pickleball Club,Retirement Community Club,Tiny,ai_seed_template_v1
3522,US,WV,West Virginia,Appalachian Pickleball Athletic Club,Retirement Community Club,Tiny,ai_seed_template_v1
3523,US,WV,West Virginia,Morgantown Dink Rec Club,Competitive Training Club,Small,ai_seed_template_v1
3524,US,WV,West Virginia,Heritage Net Paddle Club,Retirement Community Club,Tiny,ai_seed_template_v1
3525,US,WV,West Virginia,All-Court Pickleball Club,Competitive Training Club,Tiny,ai_seed_template_v1
3526,US,WV,West Virginia,Appalachian Third Shot Rec Club,Indoor Facility Club,Medium,ai_seed_template_v1
3527,US,WV,West Virginia,Prime Time Academy,Tournament Club,Small,ai_seed_template_v1
3528,US,WV,West Virginia,Riverside Court League,Public Park Club,Tiny,ai_seed_template_v1
3529,US,WV,West Virginia,Kanawha Rally Academy,Retirement Community Club,Large,ai_seed_template_v1
3530,US,WV,West Virginia,Kanawha Dink Crew,Social Club,Small,ai_seed_template_v1
3531,US,WV,West Virginia,Heritage Court Academy,Indoor Facility Club,Tiny,ai_seed_template_v1
3532,US,WI,Wisconsin,All-Court Serve Paddle Club,Community Recreation Club,Tiny,ai_seed_template_v1
3533,US,WI,Wisconsin,Northwoods Rally League,Tournament Club,Small,ai_seed_template_v1
3534,US,WI,Wisconsin,Baseline Drop Shot Athletic Club,Tournament Club,Medium,ai_seed_template_v1
3535,US,WI,Wisconsin,Northwoods Pickleball Academy,Community Recreation Club,Tiny,ai_seed_template_v1
3536,US,WI,Wisconsin,Pacesetter Drop Shot Crew,Community Recreation Club,Small,ai_seed_template_v1
3537,US,WI,Wisconsin,Northwoods Dink Community,Public Park Club,Tiny,ai_seed_template_v1
3538,US,WI,Wisconsin,Door County Paddle Academy,Public Park Club,Tiny,ai_seed_template_v1
3539,US,WI,Wisconsin,Courtyard Academy,League Organization,Small,ai_seed_template_v1
3540,US,WI,Wisconsin,Badger Dink Pickleball Club,Community Recreation Club,Small,ai_seed_template_v1
3541,US,WI,Wisconsin,Madison Dink Community,Competitive Training Club,Small,ai_seed_template_v1
3542,US,WI,Wisconsin,Badger Dink Racquet & Paddle Club,Indoor Facility Club,Tiny,ai_seed_template_v1
3543,US,WI,Wisconsin,Heritage Baseline League,Indoor Facility Club,Small,ai_seed_template_v1
3544,US,WI,Wisconsin,Madison Pickleball Association,Indoor Facility Club,Tiny,ai_seed_template_v1
3545,US,WI,Wisconsin,Madison Pickleball Rec Club,Retirement Community Club,Tiny,ai_seed_template_v1
3546,US,WI,Wisconsin,Sunset Court Association,Retirement Community Club,Small,ai_seed_template_v1
3547,US,WI,Wisconsin,Open Play Club,League Organization,Small,ai_seed_template_v1
3548,US,WI,Wisconsin,Milwaukee Society,Competitive Training Club,Small,ai_seed_template_v1
3549,US,WI,Wisconsin,Door County Paddle League,Public Park Club,Tiny,ai_seed_template_v1
3550,US,WI,Wisconsin,Courtyard Pickleball Club,Social Club,Small,ai_seed_template_v1
3551,US,WI,Wisconsin,Baseline Smash League,Public Park Club,Tiny,ai_seed_template_v1
3552,US,WI,Wisconsin,Heritage Serve Rec Club,Retirement Community Club,Tiny,ai_seed_template_v1
3553,US,WI,Wisconsin,Premier Racquet & Paddle Club,Retirement Community Club,Medium,ai_seed_template_v1
3554,US,WI,Wisconsin,Door County Rally Paddle Club,Tournament Club,Large,ai_seed_template_v1
3555,US,WI,Wisconsin,Madison Athletic Club,Indoor Facility Club,Medium,ai_seed_template_v1
3556,US,WI,Wisconsin,Community Pickleball Community,Public Park Club,Medium,ai_seed_template_v1
3557,US,WI,Wisconsin,Active Life Rec Club,Private Athletic Club,Tiny,ai_seed_template_v1
3558,US,WI,Wisconsin,Riverside Dink Society,Private Athletic Club,Tiny,ai_seed_template_v1
3559,US,WI,Wisconsin,Open Play Rally Rec Club,Competitive Training Club,Small,ai_seed_template_v1
3560,US,WI,Wisconsin,Civic Dink Center,Social Club,Small,ai_seed_template_v1
3561,US,WI,Wisconsin,Valley Pickleball Collective,League Organization,Medium,ai_seed_template_v1
3562,US,WI,Wisconsin,Four Corners Pickleball Club,Indoor Facility Club,Small,ai_seed_template_v1
3563,US,WI,Wisconsin,Northwoods Pickleball Rec Club,Tournament Club,Medium,ai_seed_template_v1
3564,US,WI,Wisconsin,Milwaukee Pickleball Paddle Club,Competitive Training Club,Medium,ai_seed_template_v1
3565,US,WI,Wisconsin,Classic Pickleball Club,Competitive Training Club,Tiny,ai_seed_template_v1
3566,US,WI,Wisconsin,Madison Dink Collective,Private Athletic Club,Tiny,ai_seed_template_v1
3567,US,WI,Wisconsin,All-Court Serve Athletic Club,League Organization,Tiny,ai_seed_template_v1
3568,US,WI,Wisconsin,Badger Pickleball Society,Public Park Club,Small,ai_seed_template_v1
3569,US,WI,Wisconsin,Madison Pickleball Club,League Organization,Tiny,ai_seed_template_v1
3570,US,WI,Wisconsin,Four Corners Baseline Center,Indoor Facility Club,Tiny,ai_seed_template_v1
3571,US,WI,Wisconsin,Pacesetter Pickleball Club,Public Park Club,Medium,ai_seed_template_v1
3572,US,WI,Wisconsin,Door County Pickleball Association,Retirement Community Club,Large,ai_seed_template_v1
3573,US,WI,Wisconsin,Next Point Third Shot Athletic Club,Private Athletic Club,Small,ai_seed_template_v1
3574,US,WI,Wisconsin,Madison Paddle Society,Social Club,Medium,ai_seed_template_v1
3575,US,WI,Wisconsin,Madison Rally Racquet & Paddle Club,Private Athletic Club,Tiny,ai_seed_template_v1
3576,US,WI,Wisconsin,Milwaukee Pickleball Community,Indoor Facility Club,Tiny,ai_seed_template_v1
3577,US,WI,Wisconsin,Milwaukee Dink Paddle Club,Public Park Club,Small,ai_seed_template_v1
3578,US,WI,Wisconsin,Northwoods Dink Racquet & Paddle Club,Community Recreation Club,Medium,ai_seed_template_v1
3579,US,WI,Wisconsin,Madison Paddle Center,Retirement Community Club,Medium,ai_seed_template_v1
3580,US,WI,Wisconsin,Milwaukee Paddle Society,Private Athletic Club,Small,ai_seed_template_v1
3581,US,WI,Wisconsin,Victory Pickleball Club,Retirement Community Club,Small,ai_seed_template_v1
3582,US,WI,Wisconsin,Cornerstone Pickleball Club,Public Park Club,Tiny,ai_seed_template_v1
3583,US,WI,Wisconsin,Heritage Baseline Rec Club,Tournament Club,Small,ai_seed_template_v1
3584,US,WI,Wisconsin,Madison Court Collective,Community Recreation Club,Medium,ai_seed_template_v1
3585,US,WI,Wisconsin,Northwoods Pickleball Community,Retirement Community Club,Tiny,ai_seed_template_v1
3586,US,WI,Wisconsin,Four Corners Kitchen League,Competitive Training Club,Medium,ai_seed_template_v1
3587,US,WI,Wisconsin,Metro Rally Paddle Club,Retirement Community Club,Small,ai_seed_template_v1
3588,US,WY,Wyoming,Cowboy State Rally Collective,League Organization,Medium,ai_seed_template_v1
3589,US,WY,Wyoming,Teton Rally Racquet & Paddle Club,Community Recreation Club,Medium,ai_seed_template_v1
3590,US,WY,Wyoming,Cowboy State Court Crew,Social Club,Tiny,ai_seed_template_v1
3591,US,WY,Wyoming,Classic Rec Club,Private Athletic Club,Tiny,ai_seed_template_v1
3592,CA,AB,Alberta,Edmonton Society,Community Recreation Club,Small,ai_seed_template_v1
3593,CA,AB,Alberta,Edmonton Rally League,Retirement Community Club,Small,ai_seed_template_v1
3594,CA,AB,Alberta,Open Play Pickleball Club,Community Recreation Club,Medium,ai_seed_template_v1
3595,CA,AB,Alberta,True North Crew,Competitive Training Club,Medium,ai_seed_template_v1
3596,CA,AB,Alberta,Civic Rally Crew,League Organization,Small,ai_seed_template_v1
3597,CA,AB,Alberta,True North Net Athletic Club,Tournament Club,Small,ai_seed_template_v1
3598,CA,AB,Alberta,Edmonton Dink Collective,Community Recreation Club,Small,ai_seed_template_v1
3599,CA,AB,Alberta,Prairie Sky Rally Pickleball Club,Indoor Facility Club,Tiny,ai_seed_template_v1
3600,CA,AB,Alberta,Prairie Sky Rally Society,Public Park Club,Tiny,ai_seed_template_v1
3601,CA,AB,Alberta,Wild Rose Court Pickleball Club,League Organization,Small,ai_seed_template_v1
3602,CA,AB,Alberta,Rocky Foothills Pickleball League,Retirement Community Club,Small,ai_seed_template_v1
3603,CA,AB,Alberta,Wild Rose Paddle Rec Club,Community Recreation Club,Tiny,ai_seed_template_v1
3604,CA,AB,Alberta,Heritage Pickleball League,Private Athletic Club,Small,ai_seed_template_v1
3605,CA,AB,Alberta,Match Point Pickleball Club,Retirement Community Club,Tiny,ai_seed_template_v1
3606,CA,AB,Alberta,Uptown Pickleball League,Tournament Club,Small,ai_seed_template_v1
3607,CA,AB,Alberta,Wild Rose Rally Rec Club,Community Recreation Club,Small,ai_seed_template_v1
3608,CA,AB,Alberta,Rocky Foothills Drop Shot Club,Indoor Facility Club,Tiny,ai_seed_template_v1
3609,CA,AB,Alberta,Wild Rose Dink Athletic Club,Social Club,Tiny,ai_seed_template_v1
3610,CA,AB,Alberta,Courtyard Dink Rec Club,Public Park Club,Small,ai_seed_template_v1
3611,CA,AB,Alberta,Southside Paddle Pickleball Club,Private Athletic Club,Small,ai_seed_template_v1
3612,CA,AB,Alberta,Edmonton Paddle Community,Tournament Club,Tiny,ai_seed_template_v1
3613,CA,AB,Alberta,Prairie Sky Dink Collective,Social Club,Large,ai_seed_template_v1
3614,CA,AB,Alberta,Wild Rose Rally Pickleball Club,Community Recreation Club,Small,ai_seed_template_v1
3615,CA,AB,Alberta,Edmonton Dink Academy,Social Club,Medium,ai_seed_template_v1
3616,CA,AB,Alberta,Rocky Foothills Dink Paddle Club,Indoor Facility Club,Small,ai_seed_template_v1
3617,CA,AB,Alberta,Rocky Foothills Rally League,Social Club,Medium,ai_seed_template_v1
3618,CA,AB,Alberta,Edmonton Rally Society,League Organization,Medium,ai_seed_template_v1
3619,CA,AB,Alberta,Edmonton Court Athletic Club,Public Park Club,Medium,ai_seed_template_v1
3620,CA,AB,Alberta,Calgary Drop Shot Association,Private Athletic Club,Tiny,ai_seed_template_v1
3621,CA,AB,Alberta,Downtown Pickleball Crew,Social Club,Small,ai_seed_template_v1
3622,CA,AB,Alberta,Calgary Pickleball Club,Indoor Facility Club,Small,ai_seed_template_v1
3623,CA,AB,Alberta,Prairie Sky Dink Athletic Club,Community Recreation Club,Small,ai_seed_template_v1
3624,CA,AB,Alberta,Active Life Paddle Racquet & Paddle Club,Competitive Training Club,Small,ai_seed_template_v1
3625,CA,AB,Alberta,Edmonton Rally Community,Public Park Club,Small,ai_seed_template_v1
3626,CA,AB,Alberta,Highland Drop Shot Club,Tournament Club,Medium,ai_seed_template_v1
3627,CA,AB,Alberta,Rocky Foothills Pickleball Club,Tournament Club,Small,ai_seed_template_v1
3628,CA,AB,Alberta,Rocky Foothills Pickleball Society,Retirement Community Club,Medium,ai_seed_template_v1
3629,CA,AB,Alberta,Calgary Court Collective,Public Park Club,Small,ai_seed_template_v1
3630,CA,AB,Alberta,Next Point Pickleball Club,Retirement Community Club,Large,ai_seed_template_v1
3631,CA,AB,Alberta,Baseline Pickleball Club,Indoor Facility Club,Tiny,ai_seed_template_v1
3632,CA,AB,Alberta,Rocky Foothills Paddle Academy,Retirement Community Club,Small,ai_seed_template_v1
3633,CA,AB,Alberta,Prime Time Dink Association,Social Club,Medium,ai_seed_template_v1
3634,CA,AB,Alberta,Prairie Sky Pickleball Association,Public Park Club,Tiny,ai_seed_template_v1
3635,CA,AB,Alberta,Highland Paddle Crew,Social Club,Medium,ai_seed_template_v1
3636,CA,AB,Alberta,Southside Rally Crew,Tournament Club,Small,ai_seed_template_v1
3637,CA,AB,Alberta,Edmonton Court Academy,Public Park Club,Tiny,ai_seed_template_v1
3638,CA,AB,Alberta,Rocky Foothills Rec Club,Private Athletic Club,Tiny,ai_seed_template_v1
3639,CA,AB,Alberta,Wild Rose Paddle Community,Public Park Club,Small,ai_seed_template_v1
3640,CA,BC,British Columbia,Prime Time Net League,Social Club,Tiny,ai_seed_template_v1
3641,CA,BC,British Columbia,Fraser Valley Kitchen Community,Private Athletic Club,Large,ai_seed_template_v1
3642,CA,BC,British Columbia,Vancouver Dink Academy,Retirement Community Club,Tiny,ai_seed_template_v1
3643,CA,BC,British Columbia,Okanagan Pickleball Community,Retirement Community Club,Medium,ai_seed_template_v1
3644,CA,BC,British Columbia,Pioneer Dink Rec Club,Indoor Facility Club,Medium,ai_seed_template_v1
3645,CA,BC,British Columbia,True North Pickleball Club,Tournament Club,Tiny,ai_seed_template_v1
3646,CA,BC,British Columbia,Pacific Coast Academy,Community Recreation Club,Medium,ai_seed_template_v1
3647,CA,BC,British Columbia,Cornerstone Pickleball Club,Private Athletic Club,Small,ai_seed_template_v1
3648,CA,BC,British Columbia,Golden Paddle Athletic Club,Community Recreation Club,Tiny,ai_seed_template_v1
3649,CA,BC,British Columbia,Pacific Coast Court Athletic Club,Tournament Club,Medium,ai_seed_template_v1
3650,CA,BC,British Columbia,Southside Club,Retirement Community Club,Small,ai_seed_template_v1
3651,CA,BC,British Columbia,Next Point Club,Tournament Club,Small,ai_seed_template_v1
3652,CA,BC,British Columbia,Coastal Mountain Dink Athletic Club,Tournament Club,Small,ai_seed_template_v1
3653,CA,BC,British Columbia,Island Pickleball League,Community Recreation Club,Medium,ai_seed_template_v1
3654,CA,BC,British Columbia,Courtyard Kitchen Crew,Private Athletic Club,Small,ai_seed_template_v1
3655,CA,BC,British Columbia,Home Court Club,Public Park Club,Medium,ai_seed_template_v1
3656,CA,BC,British Columbia,Baseline Pickleball Club,Tournament Club,Small,ai_seed_template_v1
3657,CA,BC,British Columbia,Island Dink Rec Club,Tournament Club,Medium,ai_seed_template_v1
3658,CA,BC,British Columbia,Fraser Valley Pickleball Club,Retirement Community Club,Medium,ai_seed_template_v1
3659,CA,BC,British Columbia,Vancouver Pickleball Rec Club,League Organization,Medium,ai_seed_template_v1
3660,CA,BC,British Columbia,Coastal Mountain Side Out Club,Tournament Club,Small,ai_seed_template_v1
3661,CA,BC,British Columbia,Pacific Coast Dink Crew,Public Park Club,Tiny,ai_seed_template_v1
3662,CA,BC,British Columbia,Okanagan Paddle Academy,Competitive Training Club,Small,ai_seed_template_v1
3663,CA,BC,British Columbia,Baseline Academy,Tournament Club,Tiny,ai_seed_template_v1
3664,CA,BC,British Columbia,Coastal Mountain Rally Society,Public Park Club,Small,ai_seed_template_v1
3665,CA,BC,British Columbia,Pacific Coast Paddle Center,League Organization,Tiny,ai_seed_template_v1
3666,CA,BC,British Columbia,Vancouver Court Club,Tournament Club,Medium,ai_seed_template_v1
3667,CA,BC,British Columbia,Island Serve Athletic Club,Public Park Club,Tiny,ai_seed_template_v1
3668,CA,BC,British Columbia,Valley Rally Community,League Organization,Small,ai_seed_template_v1
3669,CA,BC,British Columbia,Ace Point Pickleball Club,Indoor Facility Club,Medium,ai_seed_template_v1
3670,CA,BC,British Columbia,Vancouver Paddle Club,Public Park Club,Small,ai_seed_template_v1
3671,CA,BC,British Columbia,Next Point Pickleball Club,Private Athletic Club,Small,ai_seed_template_v1
3672,CA,BC,British Columbia,Active Life Pickleball Club,Social Club,Small,ai_seed_template_v1
3673,CA,BC,British Columbia,Okanagan Dink Paddle Club,Private Athletic Club,Small,ai_seed_template_v1
3674,CA,BC,British Columbia,Vancouver Rally Rec Club,Tournament Club,Tiny,ai_seed_template_v1
3675,CA,BC,British Columbia,Island Dink Racquet & Paddle Club,Tournament Club,Tiny,ai_seed_template_v1
3676,CA,BC,British Columbia,Civic Drop Shot Society,Tournament Club,Small,ai_seed_template_v1
3677,CA,BC,British Columbia,Okanagan Paddle Collective,Tournament Club,Small,ai_seed_template_v1
3678,CA,BC,British Columbia,Fraser Valley Court Society,Retirement Community Club,Small,ai_seed_template_v1
3679,CA,BC,British Columbia,Fraser Valley Court Collective,Tournament Club,Medium,ai_seed_template_v1
3680,CA,BC,British Columbia,Coastal Mountain Paddle Crew,Public Park Club,Tiny,ai_seed_template_v1
3681,CA,BC,British Columbia,Fraser Valley Association,Tournament Club,Small,ai_seed_template_v1
3682,CA,BC,British Columbia,All-Court Pickleball Club,Public Park Club,Small,ai_seed_template_v1
3683,CA,BC,British Columbia,Pacific Coast Club,Tournament Club,Tiny,ai_seed_template_v1
3684,CA,BC,British Columbia,Pacific Coast Pickleball Paddle Club,Tournament Club,Tiny,ai_seed_template_v1
3685,CA,BC,British Columbia,Open Play Lob Academy,Community Recreation Club,Tiny,ai_seed_template_v1
3686,CA,BC,British Columbia,Island Court Association,Competitive Training Club,Small,ai_seed_template_v1
3687,CA,BC,British Columbia,Pacific Coast Dink Pickleball Club,Social Club,Small,ai_seed_template_v1
3688,CA,BC,British Columbia,Pacific Coast Court Pickleball Club,Community Recreation Club,Medium,ai_seed_template_v1
3689,CA,BC,British Columbia,Riverside Rally Society,Tournament Club,Tiny,ai_seed_template_v1
3690,CA,BC,British Columbia,Sunset Court Association,Indoor Facility Club,Tiny,ai_seed_template_v1
3691,CA,BC,British Columbia,Okanagan Paddle Community,Tournament Club,Small,ai_seed_template_v1
3692,CA,BC,British Columbia,Riverside Pickleball Club,Indoor Facility Club,Tiny,ai_seed_template_v1
3693,CA,BC,British Columbia,Island Pickleball Society,League Organization,Small,ai_seed_template_v1
3694,CA,BC,British Columbia,Match Point Dink Athletic Club,Indoor Facility Club,Medium,ai_seed_template_v1
3695,CA,BC,British Columbia,Baseline Center,League Organization,Tiny,ai_seed_template_v1
3696,CA,BC,British Columbia,Victory Society,Competitive Training Club,Tiny,ai_seed_template_v1
3697,CA,BC,British Columbia,Heritage Dink Rec Club,Tournament Club,Large,ai_seed_template_v1
3698,CA,BC,British Columbia,Fraser Valley Baseline Collective,Indoor Facility Club,Small,ai_seed_template_v1
3699,CA,BC,British Columbia,Fraser Valley Center,League Organization,Tiny,ai_seed_template_v1
3700,CA,BC,British Columbia,Cornerstone Paddle Athletic Club,Social Club,Medium,ai_seed_template_v1
3701,CA,BC,British Columbia,Fraser Valley Drop Shot League,Competitive Training Club,Large,ai_seed_template_v1
3702,CA,MB,Manitoba,Prairie North Dink Association,Public Park Club,Tiny,ai_seed_template_v1
3703,CA,MB,Manitoba,Manitoba Lakes Kitchen League,Private Athletic Club,Small,ai_seed_template_v1
3704,CA,MB,Manitoba,Manitoba Lakes Paddle Club,Retirement Community Club,Small,ai_seed_template_v1
3705,CA,MB,Manitoba,Lakeside Paddle Racquet & Paddle Club,League Organization,Medium,ai_seed_template_v1
3706,CA,MB,Manitoba,Home Court Rec Club,Community Recreation Club,Tiny,ai_seed_template_v1
3707,CA,MB,Manitoba,Winnipeg Pickleball Center,Tournament Club,Small,ai_seed_template_v1
3708,CA,MB,Manitoba,Uptown Center,Community Recreation Club,Tiny,ai_seed_template_v1
3709,CA,MB,Manitoba,Highland Pickleball Racquet & Paddle Club,Retirement Community Club,Tiny,ai_seed_template_v1
3710,CA,MB,Manitoba,Prairie North Smash Society,Tournament Club,Small,ai_seed_template_v1
3711,CA,MB,Manitoba,Match Point Lob Community,Tournament Club,Small,ai_seed_template_v1
3712,CA,MB,Manitoba,Eastside Paddle League,Tournament Club,Small,ai_seed_template_v1
3713,CA,MB,Manitoba,Keystone Rally Rec Club,Competitive Training Club,Small,ai_seed_template_v1
3714,CA,MB,Manitoba,Prairie North Association,Social Club,Medium,ai_seed_template_v1
3715,CA,MB,Manitoba,Winnipeg Center,Indoor Facility Club,Small,ai_seed_template_v1
3716,CA,NB,New Brunswick,Maritime Dink Society,League Organization,Tiny,ai_seed_template_v1
3717,CA,NB,New Brunswick,Fredericton Smash Crew,Public Park Club,Large,ai_seed_template_v1
3718,CA,NB,New Brunswick,Community League,Tournament Club,Medium,ai_seed_template_v1
3719,CA,NB,New Brunswick,Acadian Coast Net Association,Public Park Club,Tiny,ai_seed_template_v1
3720,CA,NB,New Brunswick,Miramichi Rally Association,Public Park Club,Tiny,ai_seed_template_v1
3721,CA,NB,New Brunswick,Golden Paddle Rec Club,Private Athletic Club,Medium,ai_seed_template_v1
3722,CA,NB,New Brunswick,Golden Paddle Pickleball Club,Community Recreation Club,Large,ai_seed_template_v1
3723,CA,NB,New Brunswick,Premier Pickleball Club,Community Recreation Club,Medium,ai_seed_template_v1
3724,CA,NL,Newfoundland and Labrador,Pacesetter Pickleball Club,Indoor Facility Club,Medium,ai_seed_template_v1
3725,CA,NL,Newfoundland and Labrador,Newfoundland Paddle Collective,Competitive Training Club,Small,ai_seed_template_v1
3726,CA,NL,Newfoundland and Labrador,Northside Dink Society,Indoor Facility Club,Tiny,ai_seed_template_v1
3727,CA,NL,Newfoundland and Labrador,Next Point Academy,League Organization,Small,ai_seed_template_v1
3728,CA,NL,Newfoundland and Labrador,Next Point Third Shot Society,Indoor Facility Club,Medium,ai_seed_template_v1
3729,CA,NS,Nova Scotia,Nova Scotia Association,Community Recreation Club,Small,ai_seed_template_v1
3730,CA,NS,Nova Scotia,Pacesetter Pickleball Club,Indoor Facility Club,Tiny,ai_seed_template_v1
3731,CA,NS,Nova Scotia,Halifax Rally Crew,League Organization,Tiny,ai_seed_template_v1
3732,CA,NS,Nova Scotia,Halifax Dink Pickleball Club,League Organization,Small,ai_seed_template_v1
3733,CA,NS,Nova Scotia,Annapolis Valley Pickleball Center,League Organization,Medium,ai_seed_template_v1
3734,CA,NS,Nova Scotia,Cape Breton Rally Society,Retirement Community Club,Small,ai_seed_template_v1
3735,CA,NS,Nova Scotia,Prime Time Pickleball League,League Organization,Tiny,ai_seed_template_v1
3736,CA,NS,Nova Scotia,Halifax Court Center,Tournament Club,Tiny,ai_seed_template_v1
3737,CA,NS,Nova Scotia,Match Point Pickleball Club,Public Park Club,Large,ai_seed_template_v1
3738,CA,NS,Nova Scotia,Cape Breton Baseline Academy,Social Club,Tiny,ai_seed_template_v1
3739,CA,NS,Nova Scotia,Next Point Baseline Racquet & Paddle Club,Private Athletic Club,Small,ai_seed_template_v1
3740,CA,NS,Nova Scotia,Downtown Rally Crew,Private Athletic Club,Tiny,ai_seed_template_v1
3741,CA,NT,Northwest Territories,Mackenzie Rally Society,Social Club,Small,ai_seed_template_v1
3742,CA,NU,Nunavut,Nunavut Paddle Pickleball Club,Tournament Club,Tiny,ai_seed_template_v1
3743,CA,ON,Ontario,Pacesetter Smash Center,Social Club,Tiny,ai_seed_template_v1
3744,CA,ON,Ontario,Southside Court Society,League Organization,Small,ai_seed_template_v1
3745,CA,ON,Ontario,Central Rally Athletic Club,Private Athletic Club,Medium,ai_seed_template_v1
3746,CA,ON,Ontario,Muskoka Court Paddle Club,Public Park Club,Tiny,ai_seed_template_v1
3747,CA,ON,Ontario,Muskoka Court League,Tournament Club,Small,ai_seed_template_v1
3748,CA,ON,Ontario,Ottawa Valley Society,Retirement Community Club,Small,ai_seed_template_v1
3749,CA,ON,Ontario,Community Drop Shot Racquet & Paddle Club,Tournament Club,Medium,ai_seed_template_v1
3750,CA,ON,Ontario,Ottawa Valley Pickleball Athletic Club,Tournament Club,Small,ai_seed_template_v1
3751,CA,ON,Ontario,Downtown Rally Association,Tournament Club,Small,ai_seed_template_v1
3752,CA,ON,Ontario,Ontario Pickleball Athletic Club,Social Club,Tiny,ai_seed_template_v1
3753,CA,ON,Ontario,Golden Horseshoe Paddle Pickleball Club,Retirement Community Club,Tiny,ai_seed_template_v1
3754,CA,ON,Ontario,Next Point Athletic Club,League Organization,Medium,ai_seed_template_v1
3755,CA,ON,Ontario,Niagara Community,Public Park Club,Small,ai_seed_template_v1
3756,CA,ON,Ontario,Prime Time Society,Retirement Community Club,Small,ai_seed_template_v1
3757,CA,ON,Ontario,Golden Horseshoe Pickleball Rec Club,Competitive Training Club,Small,ai_seed_template_v1
3758,CA,ON,Ontario,Prime Time Pickleball Club,Public Park Club,Small,ai_seed_template_v1
3759,CA,ON,Ontario,Heritage Paddle Academy,Tournament Club,Medium,ai_seed_template_v1
3760,CA,ON,Ontario,Ottawa Valley Athletic Club,Indoor Facility Club,Tiny,ai_seed_template_v1
3761,CA,ON,Ontario,Highland Pickleball Club,Public Park Club,Small,ai_seed_template_v1
3762,CA,ON,Ontario,Muskoka Dink Center,Community Recreation Club,Small,ai_seed_template_v1
3763,CA,ON,Ontario,Parkside Paddle Club,Tournament Club,Small,ai_seed_template_v1
3764,CA,ON,Ontario,Toronto Rally Rec Club,Tournament Club,Medium,ai_seed_template_v1
3765,CA,ON,Ontario,Golden Horseshoe Court Crew,League Organization,Tiny,ai_seed_template_v1
3766,CA,ON,Ontario,Ontario Rally Association,Retirement Community Club,Tiny,ai_seed_template_v1
3767,CA,ON,Ontario,Active Life Athletic Club,Social Club,Small,ai_seed_template_v1
3768,CA,ON,Ontario,Toronto Paddle Collective,Tournament Club,Small,ai_seed_template_v1
3769,CA,ON,Ontario,Ontario Rally Collective,League Organization,Small,ai_seed_template_v1
3770,CA,ON,Ontario,Westside Club,Social Club,Tiny,ai_seed_template_v1
3771,CA,ON,Ontario,Baseline Crew,Social Club,Tiny,ai_seed_template_v1
3772,CA,ON,Ontario,Golden Horseshoe Collective,Private Athletic Club,Small,ai_seed_template_v1
3773,CA,ON,Ontario,Heritage Dink Club,Community Recreation Club,Tiny,ai_seed_template_v1
3774,CA,ON,Ontario,Golden Horseshoe Rally Collective,Indoor Facility Club,Small,ai_seed_template_v1
3775,CA,ON,Ontario,Toronto Rally Club,League Organization,Medium,ai_seed_template_v1
3776,CA,ON,Ontario,Ontario Rally Society,Tournament Club,Small,ai_seed_template_v1
3777,CA,ON,Ontario,Golden Horseshoe Pickleball Club,Retirement Community Club,Small,ai_seed_template_v1
3778,CA,ON,Ontario,Lakeside Drop Shot Rec Club,Competitive Training Club,Small,ai_seed_template_v1
3779,CA,ON,Ontario,Toronto Dink Rec Club,Indoor Facility Club,Large,ai_seed_template_v1
3780,CA,ON,Ontario,Four Corners Drop Shot Club,Tournament Club,Small,ai_seed_template_v1
3781,CA,ON,Ontario,Home Court Pickleball Club,Public Park Club,Medium,ai_seed_template_v1
3782,CA,ON,Ontario,Active Life Pickleball Crew,Tournament Club,Small,ai_seed_template_v1
3783,CA,ON,Ontario,Lakeshore Dink Club,Social Club,Medium,ai_seed_template_v1
3784,CA,ON,Ontario,Muskoka Pickleball Academy,Retirement Community Club,Small,ai_seed_template_v1
3785,CA,ON,Ontario,Community Drop Shot Society,Tournament Club,Tiny,ai_seed_template_v1
3786,CA,ON,Ontario,Ontario Dink Association,Public Park Club,Tiny,ai_seed_template_v1
3787,CA,ON,Ontario,Home Court Center,Private Athletic Club,Tiny,ai_seed_template_v1
3788,CA,ON,Ontario,Golden Horseshoe Court Center,Social Club,Medium,ai_seed_template_v1
3789,CA,ON,Ontario,All-Court Net Collective,Tournament Club,Small,ai_seed_template_v1
3790,CA,ON,Ontario,Ontario Court Society,Public Park Club,Tiny,ai_seed_template_v1
3791,CA,ON,Ontario,Prime Time Court Paddle Club,Competitive Training Club,Tiny,ai_seed_template_v1
3792,CA,ON,Ontario,Niagara Dink Racquet & Paddle Club,Competitive Training Club,Small,ai_seed_template_v1
3793,CA,ON,Ontario,Niagara Paddle Association,Retirement Community Club,Small,ai_seed_template_v1
3794,CA,ON,Ontario,Ottawa Valley Court Academy,Tournament Club,Small,ai_seed_template_v1
3795,CA,ON,Ontario,Ottawa Valley Paddle Center,Public Park Club,Tiny,ai_seed_template_v1
3796,CA,ON,Ontario,Home Court Court Paddle Club,Tournament Club,Small,ai_seed_template_v1
3797,CA,ON,Ontario,Golden Horseshoe Dink Academy,Community Recreation Club,Medium,ai_seed_template_v1
3798,CA,ON,Ontario,Ottawa Valley Pickleball Club,Tournament Club,Small,ai_seed_template_v1
3799,CA,ON,Ontario,Lakeshore Court Rec Club,Tournament Club,Tiny,ai_seed_template_v1
3800,CA,ON,Ontario,Muskoka Paddle Society,League Organization,Tiny,ai_seed_template_v1
3801,CA,ON,Ontario,Victory Pickleball Association,Tournament Club,Tiny,ai_seed_template_v1
3802,CA,ON,Ontario,Muskoka Kitchen League,Community Recreation Club,Tiny,ai_seed_template_v1
3803,CA,ON,Ontario,Muskoka Court Academy,Tournament Club,Small,ai_seed_template_v1
3804,CA,ON,Ontario,Muskoka Paddle Athletic Club,Community Recreation Club,Tiny,ai_seed_template_v1
3805,CA,ON,Ontario,Courtyard Club,Public Park Club,Tiny,ai_seed_template_v1
3806,CA,ON,Ontario,Downtown Dink Center,Social Club,Small,ai_seed_template_v1
3807,CA,ON,Ontario,Ontario Club,Tournament Club,Medium,ai_seed_template_v1
3808,CA,ON,Ontario,Central Center,Social Club,Small,ai_seed_template_v1
3809,CA,ON,Ontario,Ontario Rally Club,Competitive Training Club,Tiny,ai_seed_template_v1
3810,CA,ON,Ontario,Community Rally Rec Club,Tournament Club,Large,ai_seed_template_v1
3811,CA,ON,Ontario,Ottawa Valley Paddle Club,Competitive Training Club,Small,ai_seed_template_v1
3812,CA,ON,Ontario,True North Pickleball Club,Indoor Facility Club,Medium,ai_seed_template_v1
3813,CA,ON,Ontario,Highland Rally Racquet & Paddle Club,Private Athletic Club,Small,ai_seed_template_v1
3814,CA,ON,Ontario,Muskoka Kitchen Pickleball Club,Tournament Club,Tiny,ai_seed_template_v1
3815,CA,ON,Ontario,Muskoka Rally Center,Tournament Club,Medium,ai_seed_template_v1
3816,CA,ON,Ontario,Uptown Paddle Club,Indoor Facility Club,Small,ai_seed_template_v1
3817,CA,ON,Ontario,Metro Rally Academy,Social Club,Medium,ai_seed_template_v1
3818,CA,ON,Ontario,Golden Horseshoe Court Club,Competitive Training Club,Small,ai_seed_template_v1
3819,CA,ON,Ontario,Lakeshore Kitchen Paddle Club,Tournament Club,Large,ai_seed_template_v1
3820,CA,ON,Ontario,Sunset Net Association,League Organization,Tiny,ai_seed_template_v1
3821,CA,ON,Ontario,Golden Horseshoe Pickleball Academy,Private Athletic Club,Medium,ai_seed_template_v1
3822,CA,ON,Ontario,Northside Rally Club,Community Recreation Club,Tiny,ai_seed_template_v1
3823,CA,ON,Ontario,Heritage Pickleball Club,Tournament Club,Small,ai_seed_template_v1
3824,CA,ON,Ontario,Golden Paddle Rec Club,Tournament Club,Medium,ai_seed_template_v1
3825,CA,ON,Ontario,Pacesetter Racquet & Paddle Club,Private Athletic Club,Large,ai_seed_template_v1
3826,CA,ON,Ontario,Prime Time Crew,Tournament Club,Medium,ai_seed_template_v1
3827,CA,ON,Ontario,Active Life Pickleball Club,Private Athletic Club,Medium,ai_seed_template_v1
3828,CA,ON,Ontario,Civic Court Community,Competitive Training Club,Small,ai_seed_template_v1
3829,CA,ON,Ontario,Golden Horseshoe Paddle Center,Tournament Club,Small,ai_seed_template_v1
3830,CA,ON,Ontario,Eastside Community,Social Club,Tiny,ai_seed_template_v1
3831,CA,ON,Ontario,All-Court Pickleball Club,Private Athletic Club,Medium,ai_seed_template_v1
3832,CA,ON,Ontario,Sunset Paddle Pickleball Club,Tournament Club,Medium,ai_seed_template_v1
3833,CA,ON,Ontario,Lakeshore Paddle Academy,Competitive Training Club,Tiny,ai_seed_template_v1
3834,CA,ON,Ontario,Ontario Dink Crew,Private Athletic Club,Tiny,ai_seed_template_v1
3835,CA,ON,Ontario,Lakeside Court Society,Tournament Club,Medium,ai_seed_template_v1
3836,CA,ON,Ontario,Sunset Paddle Athletic Club,Retirement Community Club,Medium,ai_seed_template_v1
3837,CA,ON,Ontario,Ontario Court Crew,Indoor Facility Club,Tiny,ai_seed_template_v1
3838,CA,ON,Ontario,Central Dink Center,League Organization,Small,ai_seed_template_v1
3839,CA,ON,Ontario,Classic Pickleball Society,Private Athletic Club,Medium,ai_seed_template_v1
3840,CA,ON,Ontario,Home Court Rally Racquet & Paddle Club,Tournament Club,Small,ai_seed_template_v1
3841,CA,ON,Ontario,Lakeshore Dink Center,Retirement Community Club,Medium,ai_seed_template_v1
3842,CA,ON,Ontario,Muskoka Pickleball Collective,Social Club,Tiny,ai_seed_template_v1
3843,CA,ON,Ontario,Pioneer Dink Athletic Club,Tournament Club,Small,ai_seed_template_v1
3844,CA,ON,Ontario,Golden Horseshoe Court Academy,Indoor Facility Club,Small,ai_seed_template_v1
3845,CA,ON,Ontario,Niagara Kitchen League,Private Athletic Club,Small,ai_seed_template_v1
3846,CA,ON,Ontario,Lakeshore Court League,Tournament Club,Small,ai_seed_template_v1
3847,CA,ON,Ontario,Parkside Dink Paddle Club,Tournament Club,Tiny,ai_seed_template_v1
3848,CA,ON,Ontario,Match Point Racquet & Paddle Club,Social Club,Tiny,ai_seed_template_v1
3849,CA,ON,Ontario,Four Corners Pickleball Club,Tournament Club,Medium,ai_seed_template_v1
3850,CA,ON,Ontario,Muskoka Pickleball Racquet & Paddle Club,Private Athletic Club,Tiny,ai_seed_template_v1
3851,CA,ON,Ontario,Next Point Court Society,Social Club,Small,ai_seed_template_v1
3852,CA,ON,Ontario,Prime Time Net Academy,Social Club,Small,ai_seed_template_v1
3853,CA,ON,Ontario,Ontario Serve Collective,Tournament Club,Small,ai_seed_template_v1
3854,CA,ON,Ontario,Niagara Kitchen Center,Indoor Facility Club,Small,ai_seed_template_v1
3855,CA,ON,Ontario,Valley Rally Pickleball Club,Social Club,Medium,ai_seed_template_v1
3856,CA,ON,Ontario,Muskoka Paddle Racquet & Paddle Club,Tournament Club,Tiny,ai_seed_template_v1
3857,CA,ON,Ontario,Lakeshore Pickleball Paddle Club,Public Park Club,Medium,ai_seed_template_v1
3858,CA,ON,Ontario,All-Court Lob Racquet & Paddle Club,Tournament Club,Medium,ai_seed_template_v1
3859,CA,ON,Ontario,Four Corners Rec Club,Public Park Club,Large,ai_seed_template_v1
3860,CA,ON,Ontario,Ace Point Pickleball Club,Retirement Community Club,Medium,ai_seed_template_v1
3861,CA,ON,Ontario,Summit Club,Community Recreation Club,Large,ai_seed_template_v1
3862,CA,ON,Ontario,Ontario Dink Athletic Club,Competitive Training Club,Small,ai_seed_template_v1
3863,CA,ON,Ontario,Ottawa Valley Dink Athletic Club,Public Park Club,Large,ai_seed_template_v1
3864,CA,ON,Ontario,Lakeshore Paddle Pickleball Club,Retirement Community Club,Small,ai_seed_template_v1
3865,CA,ON,Ontario,Ontario Court Association,League Organization,Small,ai_seed_template_v1
3866,CA,ON,Ontario,Pacesetter Paddle Pickleball Club,Retirement Community Club,Tiny,ai_seed_template_v1
3867,CA,ON,Ontario,Victory Drop Shot Pickleball Club,Indoor Facility Club,Small,ai_seed_template_v1
3868,CA,ON,Ontario,Golden Horseshoe Drop Shot Crew,Community Recreation Club,Small,ai_seed_template_v1
3869,CA,ON,Ontario,Toronto Academy,Retirement Community Club,Small,ai_seed_template_v1
3870,CA,ON,Ontario,Niagara Pickleball Association,Retirement Community Club,Small,ai_seed_template_v1
3871,CA,ON,Ontario,Golden Horseshoe Court League,Public Park Club,Small,ai_seed_template_v1
3872,CA,ON,Ontario,Ottawa Valley Rally Racquet & Paddle Club,Indoor Facility Club,Tiny,ai_seed_template_v1
3873,CA,ON,Ontario,Ottawa Valley Academy,League Organization,Small,ai_seed_template_v1
3874,CA,ON,Ontario,Baseline Center,League Organization,Tiny,ai_seed_template_v1
3875,CA,ON,Ontario,Golden Horseshoe Rally Crew,League Organization,Tiny,ai_seed_template_v1
3876,CA,ON,Ontario,Toronto Paddle Rec Club,Community Recreation Club,Small,ai_seed_template_v1
3877,CA,ON,Ontario,Toronto Rally Crew,Private Athletic Club,Tiny,ai_seed_template_v1
3878,CA,ON,Ontario,Ace Point Baseline Academy,Community Recreation Club,Tiny,ai_seed_template_v1
3879,CA,ON,Ontario,Eastside Paddle Community,Competitive Training Club,Tiny,ai_seed_template_v1
3880,CA,ON,Ontario,Toronto Paddle Athletic Club,Indoor Facility Club,Medium,ai_seed_template_v1
3881,CA,ON,Ontario,Match Point Court Rec Club,Competitive Training Club,Tiny,ai_seed_template_v1
3882,CA,ON,Ontario,Muskoka Collective,Private Athletic Club,Tiny,ai_seed_template_v1
3883,CA,ON,Ontario,Niagara Net Collective,Tournament Club,Medium,ai_seed_template_v1
3884,CA,ON,Ontario,Lakeshore Drop Shot Paddle Club,Competitive Training Club,Small,ai_seed_template_v1
3885,CA,ON,Ontario,True North Dink Athletic Club,League Organization,Tiny,ai_seed_template_v1
3886,CA,ON,Ontario,Golden Horseshoe Pickleball Athletic Club,Competitive Training Club,Small,ai_seed_template_v1
3887,CA,ON,Ontario,Niagara Paddle Rec Club,Community Recreation Club,Small,ai_seed_template_v1
3888,CA,ON,Ontario,Ottawa Valley Dink Association,Tournament Club,Tiny,ai_seed_template_v1
3889,CA,ON,Ontario,Active Life Dink League,Public Park Club,Small,ai_seed_template_v1
3890,CA,ON,Ontario,Lakeside Court League,Community Recreation Club,Medium,ai_seed_template_v1
3891,CA,ON,Ontario,Toronto Drop Shot Academy,Tournament Club,Small,ai_seed_template_v1
3892,CA,ON,Ontario,Ottawa Valley Rally Society,Private Athletic Club,Medium,ai_seed_template_v1
3893,CA,ON,Ontario,Golden Horseshoe Court Paddle Club,Tournament Club,Tiny,ai_seed_template_v1
3894,CA,ON,Ontario,Golden Horseshoe Racquet & Paddle Club,Social Club,Tiny,ai_seed_template_v1
3895,CA,ON,Ontario,Niagara Lob Society,Competitive Training Club,Small,ai_seed_template_v1
3896,CA,ON,Ontario,Ontario Pickleball League,Tournament Club,Tiny,ai_seed_template_v1
3897,CA,ON,Ontario,Courtyard Athletic Club,Public Park Club,Medium,ai_seed_template_v1
3898,CA,ON,Ontario,Muskoka Rally Athletic Club,Retirement Community Club,Medium,ai_seed_template_v1
3899,CA,ON,Ontario,Open Play Center,Tournament Club,Small,ai_seed_template_v1
3900,CA,ON,Ontario,Heritage Third Shot Center,League Organization,Small,ai_seed_template_v1
3901,CA,ON,Ontario,Ontario Society,Tournament Club,Tiny,ai_seed_template_v1
3902,CA,PE,Prince Edward Island,Gulf Shore Serve League,League Organization,Medium,ai_seed_template_v1
3903,CA,PE,Prince Edward Island,Golden Paddle Pickleball Club,Indoor Facility Club,Medium,ai_seed_template_v1
3904,CA,QC,Quebec,St. Lawrence Net Racquet & Paddle Club,Public Park Club,Tiny,ai_seed_template_v1
3905,CA,QC,Quebec,St. Lawrence Dink Racquet & Paddle Club,Retirement Community Club,Medium,ai_seed_template_v1
3906,CA,QC,Quebec,Montreal Rally Rec Club,Public Park Club,Small,ai_seed_template_v1
3907,CA,QC,Quebec,Laurentian Court Racquet & Paddle Club,Social Club,Medium,ai_seed_template_v1
3908,CA,QC,Quebec,Eastern Townships Pickleball Academy,Retirement Community Club,Tiny,ai_seed_template_v1
3909,CA,QC,Quebec,Quebec Rally Athletic Club,Tournament Club,Medium,ai_seed_template_v1
3910,CA,QC,Quebec,Eastern Townships Court Rec Club,Retirement Community Club,Small,ai_seed_template_v1
3911,CA,QC,Quebec,Montreal Third Shot Crew,Social Club,Tiny,ai_seed_template_v1
3912,CA,QC,Quebec,Laurentian Rally Racquet & Paddle Club,Tournament Club,Medium,ai_seed_template_v1
3913,CA,QC,Quebec,Laurentian Pickleball Racquet & Paddle Club,Community Recreation Club,Medium,ai_seed_template_v1
3914,CA,QC,Quebec,Ace Point Rally Community,Retirement Community Club,Small,ai_seed_template_v1
3915,CA,QC,Quebec,Montreal Pickleball Rec Club,Indoor Facility Club,Medium,ai_seed_template_v1
3916,CA,QC,Quebec,Lakeside Dink Collective,Public Park Club,Tiny,ai_seed_template_v1
3917,CA,QC,Quebec,Ace Point Crew,Indoor Facility Club,Small,ai_seed_template_v1
3918,CA,QC,Quebec,Courtyard Rec Club,Community Recreation Club,Small,ai_seed_template_v1
3919,CA,QC,Quebec,Quebec Pickleball Club,Community Recreation Club,Small,ai_seed_template_v1
3920,CA,QC,Quebec,Montreal Dink Center,Public Park Club,Tiny,ai_seed_template_v1
3921,CA,QC,Quebec,Laurentian Academy,Competitive Training Club,Tiny,ai_seed_template_v1
3922,CA,QC,Quebec,Active Life Academy,Retirement Community Club,Small,ai_seed_template_v1
3923,CA,QC,Quebec,Northside Academy,Community Recreation Club,Tiny,ai_seed_template_v1
3924,CA,QC,Quebec,Lakeside Court League,Private Athletic Club,Small,ai_seed_template_v1
3925,CA,QC,Quebec,Laurentian Dink Crew,League Organization,Medium,ai_seed_template_v1
3926,CA,QC,Quebec,St. Lawrence Court Collective,Competitive Training Club,Medium,ai_seed_template_v1
3927,CA,QC,Quebec,Open Play Center,Public Park Club,Tiny,ai_seed_template_v1
3928,CA,QC,Quebec,Prime Time Pickleball Club,League Organization,Medium,ai_seed_template_v1
3929,CA,QC,Quebec,St. Lawrence Baseline Society,Retirement Community Club,Mega,ai_seed_template_v1
3930,CA,QC,Quebec,All-Court Drop Shot Society,Social Club,Medium,ai_seed_template_v1
3931,CA,QC,Quebec,Sunset Paddle Athletic Club,Competitive Training Club,Small,ai_seed_template_v1
3932,CA,QC,Quebec,Eastern Townships Pickleball Rec Club,Indoor Facility Club,Medium,ai_seed_template_v1
3933,CA,QC,Quebec,Classic Pickleball Club,League Organization,Medium,ai_seed_template_v1
3934,CA,QC,Quebec,Golden Paddle Club,Public Park Club,Medium,ai_seed_template_v1
3935,CA,QC,Quebec,Quebec Net Pickleball Club,Tournament Club,Tiny,ai_seed_template_v1
3936,CA,QC,Quebec,Eastern Townships Pickleball Community,Competitive Training Club,Medium,ai_seed_template_v1
3937,CA,QC,Quebec,Outaouais Paddle Collective,Public Park Club,Tiny,ai_seed_template_v1
3938,CA,QC,Quebec,St. Lawrence Rally Crew,Community Recreation Club,Tiny,ai_seed_template_v1
3939,CA,QC,Quebec,Laurentian Dink Community,Indoor Facility Club,Small,ai_seed_template_v1
3940,CA,QC,Quebec,Westside Court Crew,Public Park Club,Large,ai_seed_template_v1
3941,CA,QC,Quebec,Eastern Townships Paddle Racquet & Paddle Club,Retirement Community Club,Tiny,ai_seed_template_v1
3942,CA,QC,Quebec,Laurentian Pickleball League,Tournament Club,Tiny,ai_seed_template_v1
3943,CA,QC,Quebec,Laurentian Paddle Academy,Community Recreation Club,Small,ai_seed_template_v1
3944,CA,QC,Quebec,Quebec Paddle League,Social Club,Small,ai_seed_template_v1
3945,CA,QC,Quebec,Community Rec Club,League Organization,Small,ai_seed_template_v1
3946,CA,QC,Quebec,Victory Pickleball Club,Competitive Training Club,Small,ai_seed_template_v1
3947,CA,QC,Quebec,Laurentian Rally Pickleball Club,League Organization,Medium,ai_seed_template_v1
3948,CA,QC,Quebec,Pioneer Paddle Pickleball Club,Private Athletic Club,Small,ai_seed_template_v1
3949,CA,QC,Quebec,Courtyard Pickleball Club,Tournament Club,Tiny,ai_seed_template_v1
3950,CA,QC,Quebec,Cornerstone Crew,Social Club,Large,ai_seed_template_v1
3951,CA,QC,Quebec,Match Point Smash Academy,Community Recreation Club,Medium,ai_seed_template_v1
3952,CA,QC,Quebec,Ace Point Pickleball Club,Competitive Training Club,Tiny,ai_seed_template_v1
3953,CA,QC,Quebec,Quebec Rec Club,Community Recreation Club,Large,ai_seed_template_v1
3954,CA,QC,Quebec,Quebec Pickleball Paddle Club,Public Park Club,Medium,ai_seed_template_v1
3955,CA,QC,Quebec,Laurentian Paddle Rec Club,Retirement Community Club,Large,ai_seed_template_v1
3956,CA,QC,Quebec,Prime Time Court Racquet & Paddle Club,Retirement Community Club,Small,ai_seed_template_v1
3957,CA,QC,Quebec,St. Lawrence Paddle Academy,Public Park Club,Tiny,ai_seed_template_v1
3958,CA,QC,Quebec,Quebec Pickleball Association,Private Athletic Club,Tiny,ai_seed_template_v1
3959,CA,QC,Quebec,Quebec Baseline Pickleball Club,Tournament Club,Large,ai_seed_template_v1
3960,CA,QC,Quebec,St. Lawrence Third Shot Paddle Club,Indoor Facility Club,Small,ai_seed_template_v1
3961,CA,QC,Quebec,Quebec Rally Academy,Retirement Community Club,Small,ai_seed_template_v1
3962,CA,QC,Quebec,Outaouais Crew,Indoor Facility Club,Tiny,ai_seed_template_v1
3963,CA,QC,Quebec,Eastern Townships Court Association,Public Park Club,Tiny,ai_seed_template_v1
3964,CA,QC,Quebec,Civic Paddle Racquet & Paddle Club,Social Club,Tiny,ai_seed_template_v1
3965,CA,QC,Quebec,Outaouais Court Club,Indoor Facility Club,Medium,ai_seed_template_v1
3966,CA,QC,Quebec,St. Lawrence Pickleball Athletic Club,Private Athletic Club,Tiny,ai_seed_template_v1
3967,CA,QC,Quebec,True North Academy,Tournament Club,Tiny,ai_seed_template_v1
3968,CA,QC,Quebec,Courtyard Society,Tournament Club,Small,ai_seed_template_v1
3969,CA,QC,Quebec,Eastern Townships Rally Paddle Club,Public Park Club,Medium,ai_seed_template_v1
3970,CA,QC,Quebec,Valley Rally Crew,Social Club,Tiny,ai_seed_template_v1
3971,CA,QC,Quebec,Open Play Pickleball Club,Tournament Club,Tiny,ai_seed_template_v1
3972,CA,QC,Quebec,Prime Time Rally Community,Private Athletic Club,Tiny,ai_seed_template_v1
3973,CA,QC,Quebec,Montreal Net Paddle Club,Retirement Community Club,Tiny,ai_seed_template_v1
3974,CA,QC,Quebec,Eastern Townships Rally Crew,Social Club,Tiny,ai_seed_template_v1
3975,CA,QC,Quebec,Home Court Club,Public Park Club,Small,ai_seed_template_v1
3976,CA,QC,Quebec,Prime Time Net Academy,Private Athletic Club,Tiny,ai_seed_template_v1
3977,CA,QC,Quebec,St. Lawrence Rally League,Tournament Club,Tiny,ai_seed_template_v1
3978,CA,QC,Quebec,Outaouais Rally Club,Retirement Community Club,Small,ai_seed_template_v1
3979,CA,QC,Quebec,Golden Paddle Drop Shot Collective,Social Club,Small,ai_seed_template_v1
3980,CA,QC,Quebec,Laurentian Rally Association,Indoor Facility Club,Tiny,ai_seed_template_v1
3981,CA,QC,Quebec,Sunset Pickleball Center,Social Club,Small,ai_seed_template_v1
3982,CA,QC,Quebec,Outaouais Pickleball League,Retirement Community Club,Small,ai_seed_template_v1
3983,CA,QC,Quebec,Baseline Academy,Private Athletic Club,Small,ai_seed_template_v1
3984,CA,QC,Quebec,Quebec Rally Rec Club,Competitive Training Club,Tiny,ai_seed_template_v1
3985,CA,QC,Quebec,Montreal Court League,Retirement Community Club,Small,ai_seed_template_v1
3986,CA,QC,Quebec,Eastern Townships Rally League,Social Club,Medium,ai_seed_template_v1
3987,CA,QC,Quebec,Quebec Paddle Center,Community Recreation Club,Small,ai_seed_template_v1
3988,CA,QC,Quebec,Downtown Paddle Pickleball Club,Indoor Facility Club,Small,ai_seed_template_v1
3989,CA,SK,Saskatchewan,Cornerstone Pickleball Club,League Organization,Medium,ai_seed_template_v1
3990,CA,SK,Saskatchewan,Regina Racquet & Paddle Club,League Organization,Small,ai_seed_template_v1
3991,CA,SK,Saskatchewan,Prairie Wheat Dink Paddle Club,Competitive Training Club,Tiny,ai_seed_template_v1
3992,CA,SK,Saskatchewan,Prairie Wheat Pickleball Racquet & Paddle Club,Indoor Facility Club,Small,ai_seed_template_v1
3993,CA,SK,Saskatchewan,Prairie Wheat Court Rec Club,Tournament Club,Tiny,ai_seed_template_v1
3994,CA,SK,Saskatchewan,Home Court Pickleball Club,Social Club,Medium,ai_seed_template_v1
3995,CA,SK,Saskatchewan,Living Skies Collective,League Organization,Tiny,ai_seed_template_v1
3996,CA,SK,Saskatchewan,Living Skies Dink Crew,League Organization,Medium,ai_seed_template_v1
3997,CA,SK,Saskatchewan,Saskatchewan Dink Crew,Indoor Facility Club,Small,ai_seed_template_v1
3998,CA,SK,Saskatchewan,Sunset Dink Pickleball Club,Social Club,Tiny,ai_seed_template_v1
3999,CA,SK,Saskatchewan,Next Point Pickleball Club,Tournament Club,Small,ai_seed_template_v1
4000,CA,YT,Yukon,Midnight Sun Rec Club,Public Park Club,Tiny,ai_seed_template_v1
